indicator,region_code,region_zh,period,value,official_yoy_pct,computed_yoy,yoy_gap,mom,single_month,single_mom,name_ja
fai,000000,全国,2024-02,,4.2,,,,,,固定資産投資（農家除く・累計）
fai,000000,全国,2024-03,,4.5,,,,,,固定資産投資（農家除く・累計）
fai,000000,全国,2024-04,,4.2,,,,,,固定資産投資（農家除く・累計）
fai,000000,全国,2024-05,,4.0,,,,,,固定資産投資（農家除く・累計）
fai,000000,全国,2024-06,,3.9,,,,,,固定資産投資（農家除く・累計）
fai,000000,全国,2024-07,,3.6,,,,,,固定資産投資（農家除く・累計）
fai,000000,全国,2024-08,,3.4,,,,,,固定資産投資（農家除く・累計）
fai,000000,全国,2024-09,,3.4,,,,,,固定資産投資（農家除く・累計）
fai,000000,全国,2024-10,,3.4,,,,,,固定資産投資（農家除く・累計）
fai,000000,全国,2024-11,,3.3,,,,,,固定資産投資（農家除く・累計）
fai,000000,全国,2024-12,,3.2,,,,,,固定資産投資（農家除く・累計）
fai,000000,全国,2025-02,,4.1,,,,,,固定資産投資（農家除く・累計）
fai,000000,全国,2025-03,,4.2,,,,,,固定資産投資（農家除く・累計）
fai,000000,全国,2025-04,,4.0,,,,,,固定資産投資（農家除く・累計）
fai,000000,全国,2025-05,,3.7,,,,,,固定資産投資（農家除く・累計）
fai,000000,全国,2025-06,,2.8,,,,,,固定資産投資（農家除く・累計）
fai,000000,全国,2025-07,,1.6,,,,,,固定資産投資（農家除く・累計）
fai,000000,全国,2025-08,,0.5,,,,,,固定資産投資（農家除く・累計）
fai,000000,全国,2025-09,,-0.5,,,,,,固定資産投資（農家除く・累計）
fai,000000,全国,2025-10,,-1.7,,,,,,固定資産投資（農家除く・累計）
fai,000000,全国,2025-11,,-2.6,,,,,,固定資産投資（農家除く・累計）
fai,000000,全国,2025-12,,-3.8,,,,,,固定資産投資（農家除く・累計）
fai,000000,全国,2026-02,,1.8,,,,,,固定資産投資（農家除く・累計）
fai,000000,全国,2026-03,,1.7,,,,,,固定資産投資（農家除く・累計）
fai,000000,全国,2026-04,,-1.6,,,,,,固定資産投資（農家除く・累計）
fai,000000,全国,2026-05,,-4.1,,,,,,固定資産投資（農家除く・累計）
fai,000000,全国,2026-06,,-5.7,,,,,,固定資産投資（農家除く・累計）
fai,110000,北京市,2024-02,,9.4,,,,,,固定資産投資（農家除く・累計）
fai,110000,北京市,2024-03,,13.6,,,,,,固定資産投資（農家除く・累計）
fai,110000,北京市,2024-04,,11.6,,,,,,固定資産投資（農家除く・累計）
fai,110000,北京市,2024-05,,11.1,,,,,,固定資産投資（農家除く・累計）
fai,110000,北京市,2024-06,,9.6,,,,,,固定資産投資（農家除く・累計）
fai,110000,北京市,2024-07,,8.6,,,,,,固定資産投資（農家除く・累計）
fai,110000,北京市,2024-08,,8.4,,,,,,固定資産投資（農家除く・累計）
fai,110000,北京市,2024-09,,7.8,,,,,,固定資産投資（農家除く・累計）
fai,110000,北京市,2024-10,,7.3,,,,,,固定資産投資（農家除く・累計）
fai,110000,北京市,2024-11,,5.6,,,,,,固定資産投資（農家除く・累計）
fai,110000,北京市,2024-12,,5.1,,,,,,固定資産投資（農家除く・累計）
fai,110000,北京市,2025-02,,31.2,,,,,,固定資産投資（農家除く・累計）
fai,110000,北京市,2025-03,,24.0,,,,,,固定資産投資（農家除く・累計）
fai,110000,北京市,2025-04,,21.2,,,,,,固定資産投資（農家除く・累計）
fai,110000,北京市,2025-05,,17.8,,,,,,固定資産投資（農家除く・累計）
fai,110000,北京市,2025-06,,14.1,,,,,,固定資産投資（農家除く・累計）
fai,110000,北京市,2025-07,,10.8,,,,,,固定資産投資（農家除く・累計）
fai,110000,北京市,2025-08,,10.0,,,,,,固定資産投資（農家除く・累計）
fai,110000,北京市,2025-09,,9.0,,,,,,固定資産投資（農家除く・累計）
fai,110000,北京市,2025-10,,7.8,,,,,,固定資産投資（農家除く・累計）
fai,110000,北京市,2025-11,,5.8,,,,,,固定資産投資（農家除く・累計）
fai,110000,北京市,2025-12,,5.5,,,,,,固定資産投資（農家除く・累計）
fai,110000,北京市,2026-02,,4.1,,,,,,固定資産投資（農家除く・累計）
fai,110000,北京市,2026-03,,5.5,,,,,,固定資産投資（農家除く・累計）
fai,110000,北京市,2026-04,,5.2,,,,,,固定資産投資（農家除く・累計）
fai,110000,北京市,2026-05,,1.5,,,,,,固定資産投資（農家除く・累計）
fai,110000,北京市,2026-06,,3.0,,,,,,固定資産投資（農家除く・累計）
fai,120000,天津市,2024-02,,6.1,,,,,,固定資産投資（農家除く・累計）
fai,120000,天津市,2024-03,,5.9,,,,,,固定資産投資（農家除く・累計）
fai,120000,天津市,2024-04,,5.6,,,,,,固定資産投資（農家除く・累計）
fai,120000,天津市,2024-05,,4.8,,,,,,固定資産投資（農家除く・累計）
fai,120000,天津市,2024-06,,5.0,,,,,,固定資産投資（農家除く・累計）
fai,120000,天津市,2024-07,,3.8,,,,,,固定資産投資（農家除く・累計）
fai,120000,天津市,2024-08,,4.2,,,,,,固定資産投資（農家除く・累計）
fai,120000,天津市,2024-09,,4.2,,,,,,固定資産投資（農家除く・累計）
fai,120000,天津市,2024-10,,3.5,,,,,,固定資産投資（農家除く・累計）
fai,120000,天津市,2024-11,,3.1,,,,,,固定資産投資（農家除く・累計）
fai,120000,天津市,2024-12,,3.1,,,,,,固定資産投資（農家除く・累計）
fai,120000,天津市,2025-02,,7.5,,,,,,固定資産投資（農家除く・累計）
fai,120000,天津市,2025-03,,8.7,,,,,,固定資産投資（農家除く・累計）
fai,120000,天津市,2025-04,,6.5,,,,,,固定資産投資（農家除く・累計）
fai,120000,天津市,2025-05,,5.5,,,,,,固定資産投資（農家除く・累計）
fai,120000,天津市,2025-06,,5.5,,,,,,固定資産投資（農家除く・累計）
fai,120000,天津市,2025-07,,5.0,,,,,,固定資産投資（農家除く・累計）
fai,120000,天津市,2025-08,,4.0,,,,,,固定資産投資（農家除く・累計）
fai,120000,天津市,2025-09,,3.0,,,,,,固定資産投資（農家除く・累計）
fai,120000,天津市,2025-10,,0.7,,,,,,固定資産投資（農家除く・累計）
fai,120000,天津市,2025-11,,0.6,,,,,,固定資産投資（農家除く・累計）
fai,120000,天津市,2025-12,,1.6,,,,,,固定資産投資（農家除く・累計）
fai,120000,天津市,2026-02,,2.7,,,,,,固定資産投資（農家除く・累計）
fai,120000,天津市,2026-03,,0.4,,,,,,固定資産投資（農家除く・累計）
fai,120000,天津市,2026-04,,-6.3,,,,,,固定資産投資（農家除く・累計）
fai,120000,天津市,2026-05,,-10.6,,,,,,固定資産投資（農家除く・累計）
fai,120000,天津市,2026-06,,-10.9,,,,,,固定資産投資（農家除く・累計）
fai,130000,河北省,2024-02,,7.0,,,,,,固定資産投資（農家除く・累計）
fai,130000,河北省,2024-03,,6.7,,,,,,固定資産投資（農家除く・累計）
fai,130000,河北省,2024-04,,6.6,,,,,,固定資産投資（農家除く・累計）
fai,130000,河北省,2024-05,,6.2,,,,,,固定資産投資（農家除く・累計）
fai,130000,河北省,2024-06,,6.4,,,,,,固定資産投資（農家除く・累計）
fai,130000,河北省,2024-07,,6.5,,,,,,固定資産投資（農家除く・累計）
fai,130000,河北省,2024-08,,6.5,,,,,,固定資産投資（農家除く・累計）
fai,130000,河北省,2024-09,,6.6,,,,,,固定資産投資（農家除く・累計）
fai,130000,河北省,2024-10,,6.7,,,,,,固定資産投資（農家除く・累計）
fai,130000,河北省,2024-11,,6.7,,,,,,固定資産投資（農家除く・累計）
fai,130000,河北省,2024-12,,6.8,,,,,,固定資産投資（農家除く・累計）
fai,130000,河北省,2025-02,,7.0,,,,,,固定資産投資（農家除く・累計）
fai,130000,河北省,2025-03,,7.1,,,,,,固定資産投資（農家除く・累計）
fai,130000,河北省,2025-04,,7.1,,,,,,固定資産投資（農家除く・累計）
fai,130000,河北省,2025-05,,6.0,,,,,,固定資産投資（農家除く・累計）
fai,130000,河北省,2025-06,,6.5,,,,,,固定資産投資（農家除く・累計）
fai,130000,河北省,2025-07,,6.5,,,,,,固定資産投資（農家除く・累計）
fai,130000,河北省,2025-08,,6.2,,,,,,固定資産投資（農家除く・累計）
fai,130000,河北省,2025-09,,6.3,,,,,,固定資産投資（農家除く・累計）
fai,130000,河北省,2025-10,,6.1,,,,,,固定資産投資（農家除く・累計）
fai,130000,河北省,2025-11,,6.1,,,,,,固定資産投資（農家除く・累計）
fai,130000,河北省,2025-12,,6.1,,,,,,固定資産投資（農家除く・累計）
fai,130000,河北省,2026-02,,7.1,,,,,,固定資産投資（農家除く・累計）
fai,130000,河北省,2026-03,,6.7,,,,,,固定資産投資（農家除く・累計）
fai,130000,河北省,2026-04,,5.0,,,,,,固定資産投資（農家除く・累計）
fai,130000,河北省,2026-05,,3.0,,,,,,固定資産投資（農家除く・累計）
fai,130000,河北省,2026-06,,2.5,,,,,,固定資産投資（農家除く・累計）
fai,140000,山西省,2024-02,,6.4,,,,,,固定資産投資（農家除く・累計）
fai,140000,山西省,2024-03,,6.2,,,,,,固定資産投資（農家除く・累計）
fai,140000,山西省,2024-04,,5.1,,,,,,固定資産投資（農家除く・累計）
fai,140000,山西省,2024-05,,2.6,,,,,,固定資産投資（農家除く・累計）
fai,140000,山西省,2024-06,,2.8,,,,,,固定資産投資（農家除く・累計）
fai,140000,山西省,2024-07,,1.9,,,,,,固定資産投資（農家除く・累計）
fai,140000,山西省,2024-08,,1.6,,,,,,固定資産投資（農家除く・累計）
fai,140000,山西省,2024-09,,2.0,,,,,,固定資産投資（農家除く・累計）
fai,140000,山西省,2024-10,,2.2,,,,,,固定資産投資（農家除く・累計）
fai,140000,山西省,2024-11,,2.5,,,,,,固定資産投資（農家除く・累計）
fai,140000,山西省,2024-12,,3.2,,,,,,固定資産投資（農家除く・累計）
fai,140000,山西省,2025-02,,7.3,,,,,,固定資産投資（農家除く・累計）
fai,140000,山西省,2025-03,,7.9,,,,,,固定資産投資（農家除く・累計）
fai,140000,山西省,2025-04,,7.3,,,,,,固定資産投資（農家除く・累計）
fai,140000,山西省,2025-05,,5.4,,,,,,固定資産投資（農家除く・累計）
fai,140000,山西省,2025-06,,1.4,,,,,,固定資産投資（農家除く・累計）
fai,140000,山西省,2025-07,,1.5,,,,,,固定資産投資（農家除く・累計）
fai,140000,山西省,2025-08,,1.7,,,,,,固定資産投資（農家除く・累計）
fai,140000,山西省,2025-09,,1.0,,,,,,固定資産投資（農家除く・累計）
fai,140000,山西省,2025-10,,0.4,,,,,,固定資産投資（農家除く・累計）
fai,140000,山西省,2025-11,,0.1,,,,,,固定資産投資（農家除く・累計）
fai,140000,山西省,2025-12,,-0.4,,,,,,固定資産投資（農家除く・累計）
fai,140000,山西省,2026-02,,6.7,,,,,,固定資産投資（農家除く・累計）
fai,140000,山西省,2026-03,,6.2,,,,,,固定資産投資（農家除く・累計）
fai,140000,山西省,2026-04,,1.3,,,,,,固定資産投資（農家除く・累計）
fai,140000,山西省,2026-05,,-2.2,,,,,,固定資産投資（農家除く・累計）
fai,140000,山西省,2026-06,,-8.7,,,,,,固定資産投資（農家除く・累計）
fai,150000,内蒙古自治区,2024-02,,31.8,,,,,,固定資産投資（農家除く・累計）
fai,150000,内蒙古自治区,2024-03,,31.5,,,,,,固定資産投資（農家除く・累計）
fai,150000,内蒙古自治区,2024-04,,21.5,,,,,,固定資産投資（農家除く・累計）
fai,150000,内蒙古自治区,2024-05,,15.6,,,,,,固定資産投資（農家除く・累計）
fai,150000,内蒙古自治区,2024-06,,12.0,,,,,,固定資産投資（農家除く・累計）
fai,150000,内蒙古自治区,2024-07,,10.9,,,,,,固定資産投資（農家除く・累計）
fai,150000,内蒙古自治区,2024-08,,10.4,,,,,,固定資産投資（農家除く・累計）
fai,150000,内蒙古自治区,2024-09,,11.0,,,,,,固定資産投資（農家除く・累計）
fai,150000,内蒙古自治区,2024-10,,11.4,,,,,,固定資産投資（農家除く・累計）
fai,150000,内蒙古自治区,2024-11,,13.0,,,,,,固定資産投資（農家除く・累計）
fai,150000,内蒙古自治区,2024-12,,13.6,,,,,,固定資産投資（農家除く・累計）
fai,150000,内蒙古自治区,2025-02,,20.2,,,,,,固定資産投資（農家除く・累計）
fai,150000,内蒙古自治区,2025-03,,20.0,,,,,,固定資産投資（農家除く・累計）
fai,150000,内蒙古自治区,2025-04,,18.8,,,,,,固定資産投資（農家除く・累計）
fai,150000,内蒙古自治区,2025-05,,15.6,,,,,,固定資産投資（農家除く・累計）
fai,150000,内蒙古自治区,2025-06,,14.8,,,,,,固定資産投資（農家除く・累計）
fai,150000,内蒙古自治区,2025-07,,8.7,,,,,,固定資産投資（農家除く・累計）
fai,150000,内蒙古自治区,2025-08,,5.2,,,,,,固定資産投資（農家除く・累計）
fai,150000,内蒙古自治区,2025-09,,3.7,,,,,,固定資産投資（農家除く・累計）
fai,150000,内蒙古自治区,2025-10,,3.2,,,,,,固定資産投資（農家除く・累計）
fai,150000,内蒙古自治区,2025-11,,3.5,,,,,,固定資産投資（農家除く・累計）
fai,150000,内蒙古自治区,2025-12,,4.0,,,,,,固定資産投資（農家除く・累計）
fai,150000,内蒙古自治区,2026-02,,10.8,,,,,,固定資産投資（農家除く・累計）
fai,150000,内蒙古自治区,2026-03,,10.3,,,,,,固定資産投資（農家除く・累計）
fai,150000,内蒙古自治区,2026-04,,4.7,,,,,,固定資産投資（農家除く・累計）
fai,150000,内蒙古自治区,2026-05,,0.0,,,,,,固定資産投資（農家除く・累計）
fai,150000,内蒙古自治区,2026-06,,-3.4,,,,,,固定資産投資（農家除く・累計）
fai,210000,辽宁省,2024-02,,15.1,,,,,,固定資産投資（農家除く・累計）
fai,210000,辽宁省,2024-03,,9.3,,,,,,固定資産投資（農家除く・累計）
fai,210000,辽宁省,2024-04,,4.9,,,,,,固定資産投資（農家除く・累計）
fai,210000,辽宁省,2024-05,,4.8,,,,,,固定資産投資（農家除く・累計）
fai,210000,辽宁省,2024-06,,2.5,,,,,,固定資産投資（農家除く・累計）
fai,210000,辽宁省,2024-07,,3.4,,,,,,固定資産投資（農家除く・累計）
fai,210000,辽宁省,2024-08,,3.4,,,,,,固定資産投資（農家除く・累計）
fai,210000,辽宁省,2024-09,,4.8,,,,,,固定資産投資（農家除く・累計）
fai,210000,辽宁省,2024-10,,4.2,,,,,,固定資産投資（農家除く・累計）
fai,210000,辽宁省,2024-11,,3.9,,,,,,固定資産投資（農家除く・累計）
fai,210000,辽宁省,2024-12,,5.3,,,,,,固定資産投資（農家除く・累計）
fai,210000,辽宁省,2025-02,,10.5,,,,,,固定資産投資（農家除く・累計）
fai,210000,辽宁省,2025-03,,7.8,,,,,,固定資産投資（農家除く・累計）
fai,210000,辽宁省,2025-04,,5.2,,,,,,固定資産投資（農家除く・累計）
fai,210000,辽宁省,2025-05,,0.1,,,,,,固定資産投資（農家除く・累計）
fai,210000,辽宁省,2025-06,,-3.3,,,,,,固定資産投資（農家除く・累計）
fai,210000,辽宁省,2025-07,,-3.5,,,,,,固定資産投資（農家除く・累計）
fai,210000,辽宁省,2025-08,,-5.8,,,,,,固定資産投資（農家除く・累計）
fai,210000,辽宁省,2025-09,,-9.1,,,,,,固定資産投資（農家除く・累計）
fai,210000,辽宁省,2025-10,,-12.7,,,,,,固定資産投資（農家除く・累計）
fai,210000,辽宁省,2025-11,,-15.7,,,,,,固定資産投資（農家除く・累計）
fai,210000,辽宁省,2025-12,,-19.0,,,,,,固定資産投資（農家除く・累計）
fai,210000,辽宁省,2026-02,,-20.1,,,,,,固定資産投資（農家除く・累計）
fai,210000,辽宁省,2026-03,,-20.0,,,,,,固定資産投資（農家除く・累計）
fai,210000,辽宁省,2026-04,,-23.4,,,,,,固定資産投資（農家除く・累計）
fai,210000,辽宁省,2026-05,,-25.9,,,,,,固定資産投資（農家除く・累計）
fai,210000,辽宁省,2026-06,,-29.9,,,,,,固定資産投資（農家除く・累計）
fai,220000,吉林省,2024-02,,6.3,,,,,,固定資産投資（農家除く・累計）
fai,220000,吉林省,2024-03,,6.3,,,,,,固定資産投資（農家除く・累計）
fai,220000,吉林省,2024-04,,6.9,,,,,,固定資産投資（農家除く・累計）
fai,220000,吉林省,2024-05,,6.6,,,,,,固定資産投資（農家除く・累計）
fai,220000,吉林省,2024-06,,5.6,,,,,,固定資産投資（農家除く・累計）
fai,220000,吉林省,2024-07,,-0.3,,,,,,固定資産投資（農家除く・累計）
fai,220000,吉林省,2024-08,,-0.6,,,,,,固定資産投資（農家除く・累計）
fai,220000,吉林省,2024-09,,1.4,,,,,,固定資産投資（農家除く・累計）
fai,220000,吉林省,2024-10,,0.6,,,,,,固定資産投資（農家除く・累計）
fai,220000,吉林省,2024-11,,0.3,,,,,,固定資産投資（農家除く・累計）
fai,220000,吉林省,2024-12,,0.7,,,,,,固定資産投資（農家除く・累計）
fai,220000,吉林省,2025-02,,14.4,,,,,,固定資産投資（農家除く・累計）
fai,220000,吉林省,2025-03,,13.8,,,,,,固定資産投資（農家除く・累計）
fai,220000,吉林省,2025-04,,13.4,,,,,,固定資産投資（農家除く・累計）
fai,220000,吉林省,2025-05,,8.7,,,,,,固定資産投資（農家除く・累計）
fai,220000,吉林省,2025-06,,1.0,,,,,,固定資産投資（農家除く・累計）
fai,220000,吉林省,2025-07,,-1.9,,,,,,固定資産投資（農家除く・累計）
fai,220000,吉林省,2025-08,,-6.0,,,,,,固定資産投資（農家除く・累計）
fai,220000,吉林省,2025-09,,-7.8,,,,,,固定資産投資（農家除く・累計）
fai,220000,吉林省,2025-10,,-11.0,,,,,,固定資産投資（農家除く・累計）
fai,220000,吉林省,2025-11,,-13.5,,,,,,固定資産投資（農家除く・累計）
fai,220000,吉林省,2025-12,,-13.1,,,,,,固定資産投資（農家除く・累計）
fai,220000,吉林省,2026-02,,14.8,,,,,,固定資産投資（農家除く・累計）
fai,220000,吉林省,2026-03,,11.9,,,,,,固定資産投資（農家除く・累計）
fai,220000,吉林省,2026-04,,3.5,,,,,,固定資産投資（農家除く・累計）
fai,220000,吉林省,2026-05,,0.2,,,,,,固定資産投資（農家除く・累計）
fai,220000,吉林省,2026-06,,-14.9,,,,,,固定資産投資（農家除く・累計）
fai,230000,黑龙江省,2024-02,,17.4,,,,,,固定資産投資（農家除く・累計）
fai,230000,黑龙江省,2024-03,,15.9,,,,,,固定資産投資（農家除く・累計）
fai,230000,黑龙江省,2024-04,,12.3,,,,,,固定資産投資（農家除く・累計）
fai,230000,黑龙江省,2024-05,,6.3,,,,,,固定資産投資（農家除く・累計）
fai,230000,黑龙江省,2024-06,,3.6,,,,,,固定資産投資（農家除く・累計）
fai,230000,黑龙江省,2024-07,,3.8,,,,,,固定資産投資（農家除く・累計）
fai,230000,黑龙江省,2024-08,,4.1,,,,,,固定資産投資（農家除く・累計）
fai,230000,黑龙江省,2024-09,,4.4,,,,,,固定資産投資（農家除く・累計）
fai,230000,黑龙江省,2024-10,,4.2,,,,,,固定資産投資（農家除く・累計）
fai,230000,黑龙江省,2024-11,,4.1,,,,,,固定資産投資（農家除く・累計）
fai,230000,黑龙江省,2024-12,,6.0,,,,,,固定資産投資（農家除く・累計）
fai,230000,黑龙江省,2025-02,,16.8,,,,,,固定資産投資（農家除く・累計）
fai,230000,黑龙江省,2025-03,,15.2,,,,,,固定資産投資（農家除く・累計）
fai,230000,黑龙江省,2025-04,,10.7,,,,,,固定資産投資（農家除く・累計）
fai,230000,黑龙江省,2025-05,,1.4,,,,,,固定資産投資（農家除く・累計）
fai,230000,黑龙江省,2025-06,,-1.5,,,,,,固定資産投資（農家除く・累計）
fai,230000,黑龙江省,2025-07,,-3.1,,,,,,固定資産投資（農家除く・累計）
fai,230000,黑龙江省,2025-08,,-6.4,,,,,,固定資産投資（農家除く・累計）
fai,230000,黑龙江省,2025-09,,-7.6,,,,,,固定資産投資（農家除く・累計）
fai,230000,黑龙江省,2025-10,,-10.4,,,,,,固定資産投資（農家除く・累計）
fai,230000,黑龙江省,2025-11,,-10.7,,,,,,固定資産投資（農家除く・累計）
fai,230000,黑龙江省,2025-12,,-10.3,,,,,,固定資産投資（農家除く・累計）
fai,230000,黑龙江省,2026-02,,19.3,,,,,,固定資産投資（農家除く・累計）
fai,230000,黑龙江省,2026-03,,15.9,,,,,,固定資産投資（農家除く・累計）
fai,230000,黑龙江省,2026-04,,-3.4,,,,,,固定資産投資（農家除く・累計）
fai,230000,黑龙江省,2026-05,,-11.2,,,,,,固定資産投資（農家除く・累計）
fai,230000,黑龙江省,2026-06,,-13.4,,,,,,固定資産投資（農家除く・累計）
fai,310000,上海市,2024-02,,9.7,,,,,,固定資産投資（農家除く・累計）
fai,310000,上海市,2024-03,,9.2,,,,,,固定資産投資（農家除く・累計）
fai,310000,上海市,2024-04,,9.2,,,,,,固定資産投資（農家除く・累計）
fai,310000,上海市,2024-05,,9.8,,,,,,固定資産投資（農家除く・累計）
fai,310000,上海市,2024-06,,10.2,,,,,,固定資産投資（農家除く・累計）
fai,310000,上海市,2024-07,,9.1,,,,,,固定資産投資（農家除く・累計）
fai,310000,上海市,2024-08,,7.8,,,,,,固定資産投資（農家除く・累計）
fai,310000,上海市,2024-09,,6.7,,,,,,固定資産投資（農家除く・累計）
fai,310000,上海市,2024-10,,6.1,,,,,,固定資産投資（農家除く・累計）
fai,310000,上海市,2024-11,,5.6,,,,,,固定資産投資（農家除く・累計）
fai,310000,上海市,2024-12,,4.8,,,,,,固定資産投資（農家除く・累計）
fai,310000,上海市,2025-02,,8.0,,,,,,固定資産投資（農家除く・累計）
fai,310000,上海市,2025-03,,6.5,,,,,,固定資産投資（農家除く・累計）
fai,310000,上海市,2025-04,,6.3,,,,,,固定資産投資（農家除く・累計）
fai,310000,上海市,2025-05,,6.2,,,,,,固定資産投資（農家除く・累計）
fai,310000,上海市,2025-06,,6.2,,,,,,固定資産投資（農家除く・累計）
fai,310000,上海市,2025-07,,6.0,,,,,,固定資産投資（農家除く・累計）
fai,310000,上海市,2025-08,,6.0,,,,,,固定資産投資（農家除く・累計）
fai,310000,上海市,2025-09,,6.0,,,,,,固定資産投資（農家除く・累計）
fai,310000,上海市,2025-10,,5.8,,,,,,固定資産投資（農家除く・累計）
fai,310000,上海市,2025-11,,5.3,,,,,,固定資産投資（農家除く・累計）
fai,310000,上海市,2025-12,,4.6,,,,,,固定資産投資（農家除く・累計）
fai,310000,上海市,2026-02,,7.4,,,,,,固定資産投資（農家除く・累計）
fai,310000,上海市,2026-03,,7.6,,,,,,固定資産投資（農家除く・累計）
fai,310000,上海市,2026-04,,7.3,,,,,,固定資産投資（農家除く・累計）
fai,310000,上海市,2026-05,,7.1,,,,,,固定資産投資（農家除く・累計）
fai,310000,上海市,2026-06,,6.8,,,,,,固定資産投資（農家除く・累計）
fai,320000,江苏省,2024-02,,5.1,,,,,,固定資産投資（農家除く・累計）
fai,320000,江苏省,2024-03,,4.9,,,,,,固定資産投資（農家除く・累計）
fai,320000,江苏省,2024-04,,4.8,,,,,,固定資産投資（農家除く・累計）
fai,320000,江苏省,2024-05,,4.0,,,,,,固定資産投資（農家除く・累計）
fai,320000,江苏省,2024-06,,3.7,,,,,,固定資産投資（農家除く・累計）
fai,320000,江苏省,2024-07,,2.5,,,,,,固定資産投資（農家除く・累計）
fai,320000,江苏省,2024-08,,2.3,,,,,,固定資産投資（農家除く・累計）
fai,320000,江苏省,2024-09,,2.4,,,,,,固定資産投資（農家除く・累計）
fai,320000,江苏省,2024-10,,1.8,,,,,,固定資産投資（農家除く・累計）
fai,320000,江苏省,2024-11,,1.5,,,,,,固定資産投資（農家除く・累計）
fai,320000,江苏省,2024-12,,1.5,,,,,,固定資産投資（農家除く・累計）
fai,320000,江苏省,2025-02,,-0.7,,,,,,固定資産投資（農家除く・累計）
fai,320000,江苏省,2025-03,,0.4,,,,,,固定資産投資（農家除く・累計）
fai,320000,江苏省,2025-04,,-0.2,,,,,,固定資産投資（農家除く・累計）
fai,320000,江苏省,2025-05,,-1.4,,,,,,固定資産投資（農家除く・累計）
fai,320000,江苏省,2025-06,,-3.9,,,,,,固定資産投資（農家除く・累計）
fai,320000,江苏省,2025-07,,-6.1,,,,,,固定資産投資（農家除く・累計）
fai,320000,江苏省,2025-08,,-7.8,,,,,,固定資産投資（農家除く・累計）
fai,320000,江苏省,2025-09,,-8.4,,,,,,固定資産投資（農家除く・累計）
fai,320000,江苏省,2025-10,,-8.7,,,,,,固定資産投資（農家除く・累計）
fai,320000,江苏省,2025-11,,-9.1,,,,,,固定資産投資（農家除く・累計）
fai,320000,江苏省,2025-12,,-12.7,,,,,,固定資産投資（農家除く・累計）
fai,320000,江苏省,2026-02,,-2.2,,,,,,固定資産投資（農家除く・累計）
fai,320000,江苏省,2026-03,,-1.8,,,,,,固定資産投資（農家除く・累計）
fai,320000,江苏省,2026-04,,-6.9,,,,,,固定資産投資（農家除く・累計）
fai,320000,江苏省,2026-05,,-10.0,,,,,,固定資産投資（農家除く・累計）
fai,320000,江苏省,2026-06,,-9.2,,,,,,固定資産投資（農家除く・累計）
fai,330000,浙江省,2024-02,,7.6,,,,,,固定資産投資（農家除く・累計）
fai,330000,浙江省,2024-03,,6.9,,,,,,固定資産投資（農家除く・累計）
fai,330000,浙江省,2024-04,,5.5,,,,,,固定資産投資（農家除く・累計）
fai,330000,浙江省,2024-05,,4.2,,,,,,固定資産投資（農家除く・累計）
fai,330000,浙江省,2024-06,,4.0,,,,,,固定資産投資（農家除く・累計）
fai,330000,浙江省,2024-07,,3.6,,,,,,固定資産投資（農家除く・累計）
fai,330000,浙江省,2024-08,,3.2,,,,,,固定資産投資（農家除く・累計）
fai,330000,浙江省,2024-09,,3.3,,,,,,固定資産投資（農家除く・累計）
fai,330000,浙江省,2024-10,,0.7,,,,,,固定資産投資（農家除く・累計）
fai,330000,浙江省,2024-11,,0.4,,,,,,固定資産投資（農家除く・累計）
fai,330000,浙江省,2024-12,,0.4,,,,,,固定資産投資（農家除く・累計）
fai,330000,浙江省,2025-02,,2.1,,,,,,固定資産投資（農家除く・累計）
fai,330000,浙江省,2025-03,,2.0,,,,,,固定資産投資（農家除く・累計）
fai,330000,浙江省,2025-04,,2.0,,,,,,固定資産投資（農家除く・累計）
fai,330000,浙江省,2025-05,,1.9,,,,,,固定資産投資（農家除く・累計）
fai,330000,浙江省,2025-06,,1.4,,,,,,固定資産投資（農家除く・累計）
fai,330000,浙江省,2025-07,,-1.9,,,,,,固定資産投資（農家除く・累計）
fai,330000,浙江省,2025-08,,-3.9,,,,,,固定資産投資（農家除く・累計）
fai,330000,浙江省,2025-09,,-3.8,,,,,,固定資産投資（農家除く・累計）
fai,330000,浙江省,2025-10,,-4.4,,,,,,固定資産投資（農家除く・累計）
fai,330000,浙江省,2025-11,,-7.0,,,,,,固定資産投資（農家除く・累計）
fai,330000,浙江省,2025-12,,-9.1,,,,,,固定資産投資（農家除く・累計）
fai,330000,浙江省,2026-02,,1.0,,,,,,固定資産投資（農家除く・累計）
fai,330000,浙江省,2026-03,,0.6,,,,,,固定資産投資（農家除く・累計）
fai,330000,浙江省,2026-04,,-1.1,,,,,,固定資産投資（農家除く・累計）
fai,330000,浙江省,2026-05,,-4.1,,,,,,固定資産投資（農家除く・累計）
fai,330000,浙江省,2026-06,,-6.3,,,,,,固定資産投資（農家除く・累計）
fai,340000,安徽省,2024-02,,7.4,,,,,,固定資産投資（農家除く・累計）
fai,340000,安徽省,2024-03,,6.3,,,,,,固定資産投資（農家除く・累計）
fai,340000,安徽省,2024-04,,3.2,,,,,,固定資産投資（農家除く・累計）
fai,340000,安徽省,2024-05,,3.6,,,,,,固定資産投資（農家除く・累計）
fai,340000,安徽省,2024-06,,4.0,,,,,,固定資産投資（農家除く・累計）
fai,340000,安徽省,2024-07,,4.1,,,,,,固定資産投資（農家除く・累計）
fai,340000,安徽省,2024-08,,4.1,,,,,,固定資産投資（農家除く・累計）
fai,340000,安徽省,2024-09,,4.2,,,,,,固定資産投資（農家除く・累計）
fai,340000,安徽省,2024-10,,4.0,,,,,,固定資産投資（農家除く・累計）
fai,340000,安徽省,2024-11,,4.4,,,,,,固定資産投資（農家除く・累計）
fai,340000,安徽省,2024-12,,4.7,,,,,,固定資産投資（農家除く・累計）
fai,340000,安徽省,2025-02,,5.4,,,,,,固定資産投資（農家除く・累計）
fai,340000,安徽省,2025-03,,4.2,,,,,,固定資産投資（農家除く・累計）
fai,340000,安徽省,2025-04,,1.6,,,,,,固定資産投資（農家除く・累計）
fai,340000,安徽省,2025-05,,0.2,,,,,,固定資産投資（農家除く・累計）
fai,340000,安徽省,2025-06,,-2.8,,,,,,固定資産投資（農家除く・累計）
fai,340000,安徽省,2025-07,,-3.7,,,,,,固定資産投資（農家除く・累計）
fai,340000,安徽省,2025-08,,-4.6,,,,,,固定資産投資（農家除く・累計）
fai,340000,安徽省,2025-09,,-4.4,,,,,,固定資産投資（農家除く・累計）
fai,340000,安徽省,2025-10,,-6.2,,,,,,固定資産投資（農家除く・累計）
fai,340000,安徽省,2025-11,,-7.5,,,,,,固定資産投資（農家除く・累計）
fai,340000,安徽省,2025-12,,-9.2,,,,,,固定資産投資（農家除く・累計）
fai,340000,安徽省,2026-02,,0.9,,,,,,固定資産投資（農家除く・累計）
fai,340000,安徽省,2026-03,,0.5,,,,,,固定資産投資（農家除く・累計）
fai,340000,安徽省,2026-04,,-4.3,,,,,,固定資産投資（農家除く・累計）
fai,340000,安徽省,2026-05,,-8.0,,,,,,固定資産投資（農家除く・累計）
fai,340000,安徽省,2026-06,,-10.8,,,,,,固定資産投資（農家除く・累計）
fai,350000,福建省,2024-02,,5.0,,,,,,固定資産投資（農家除く・累計）
fai,350000,福建省,2024-03,,5.0,,,,,,固定資産投資（農家除く・累計）
fai,350000,福建省,2024-04,,6.1,,,,,,固定資産投資（農家除く・累計）
fai,350000,福建省,2024-05,,5.7,,,,,,固定資産投資（農家除く・累計）
fai,350000,福建省,2024-06,,5.7,,,,,,固定資産投資（農家除く・累計）
fai,350000,福建省,2024-07,,4.3,,,,,,固定資産投資（農家除く・累計）
fai,350000,福建省,2024-08,,4.2,,,,,,固定資産投資（農家除く・累計）
fai,350000,福建省,2024-09,,3.2,,,,,,固定資産投資（農家除く・累計）
fai,350000,福建省,2024-10,,3.6,,,,,,固定資産投資（農家除く・累計）
fai,350000,福建省,2024-11,,3.8,,,,,,固定資産投資（農家除く・累計）
fai,350000,福建省,2024-12,,3.9,,,,,,固定資産投資（農家除く・累計）
fai,350000,福建省,2025-02,,5.1,,,,,,固定資産投資（農家除く・累計）
fai,350000,福建省,2025-03,,5.1,,,,,,固定資産投資（農家除く・累計）
fai,350000,福建省,2025-04,,5.3,,,,,,固定資産投資（農家除く・累計）
fai,350000,福建省,2025-05,,5.2,,,,,,固定資産投資（農家除く・累計）
fai,350000,福建省,2025-06,,4.8,,,,,,固定資産投資（農家除く・累計）
fai,350000,福建省,2025-07,,4.4,,,,,,固定資産投資（農家除く・累計）
fai,350000,福建省,2025-08,,3.7,,,,,,固定資産投資（農家除く・累計）
fai,350000,福建省,2025-09,,1.6,,,,,,固定資産投資（農家除く・累計）
fai,350000,福建省,2025-10,,-0.1,,,,,,固定資産投資（農家除く・累計）
fai,350000,福建省,2025-11,,-1.5,,,,,,固定資産投資（農家除く・累計）
fai,350000,福建省,2025-12,,-3.3,,,,,,固定資産投資（農家除く・累計）
fai,350000,福建省,2026-02,,3.5,,,,,,固定資産投資（農家除く・累計）
fai,350000,福建省,2026-03,,2.5,,,,,,固定資産投資（農家除く・累計）
fai,350000,福建省,2026-04,,-0.2,,,,,,固定資産投資（農家除く・累計）
fai,350000,福建省,2026-05,,-3.6,,,,,,固定資産投資（農家除く・累計）
fai,350000,福建省,2026-06,,-7.1,,,,,,固定資産投資（農家除く・累計）
fai,360000,江西省,2024-02,,-2.8,,,,,,固定資産投資（農家除く・累計）
fai,360000,江西省,2024-03,,-1.1,,,,,,固定資産投資（農家除く・累計）
fai,360000,江西省,2024-04,,2.5,,,,,,固定資産投資（農家除く・累計）
fai,360000,江西省,2024-05,,3.3,,,,,,固定資産投資（農家除く・累計）
fai,360000,江西省,2024-06,,3.5,,,,,,固定資産投資（農家除く・累計）
fai,360000,江西省,2024-07,,3.8,,,,,,固定資産投資（農家除く・累計）
fai,360000,江西省,2024-08,,4.0,,,,,,固定資産投資（農家除く・累計）
fai,360000,江西省,2024-09,,4.3,,,,,,固定資産投資（農家除く・累計）
fai,360000,江西省,2024-10,,4.5,,,,,,固定資産投資（農家除く・累計）
fai,360000,江西省,2024-11,,4.7,,,,,,固定資産投資（農家除く・累計）
fai,360000,江西省,2024-12,,4.8,,,,,,固定資産投資（農家除く・累計）
fai,360000,江西省,2025-02,,5.0,,,,,,固定資産投資（農家除く・累計）
fai,360000,江西省,2025-03,,5.2,,,,,,固定資産投資（農家除く・累計）
fai,360000,江西省,2025-04,,5.3,,,,,,固定資産投資（農家除く・累計）
fai,360000,江西省,2025-05,,5.4,,,,,,固定資産投資（農家除く・累計）
fai,360000,江西省,2025-06,,5.4,,,,,,固定資産投資（農家除く・累計）
fai,360000,江西省,2025-07,,5.1,,,,,,固定資産投資（農家除く・累計）
fai,360000,江西省,2025-08,,4.0,,,,,,固定資産投資（農家除く・累計）
fai,360000,江西省,2025-09,,2.6,,,,,,固定資産投資（農家除く・累計）
fai,360000,江西省,2025-10,,2.2,,,,,,固定資産投資（農家除く・累計）
fai,360000,江西省,2025-11,,2.0,,,,,,固定資産投資（農家除く・累計）
fai,360000,江西省,2025-12,,1.6,,,,,,固定資産投資（農家除く・累計）
fai,360000,江西省,2026-02,,0.1,,,,,,固定資産投資（農家除く・累計）
fai,360000,江西省,2026-03,,0.9,,,,,,固定資産投資（農家除く・累計）
fai,360000,江西省,2026-04,,-0.6,,,,,,固定資産投資（農家除く・累計）
fai,360000,江西省,2026-05,,-1.4,,,,,,固定資産投資（農家除く・累計）
fai,360000,江西省,2026-06,,-2.8,,,,,,固定資産投資（農家除く・累計）
fai,370000,山东省,2024-02,,5.3,,,,,,固定資産投資（農家除く・累計）
fai,370000,山东省,2024-03,,5.2,,,,,,固定資産投資（農家除く・累計）
fai,370000,山东省,2024-04,,5.1,,,,,,固定資産投資（農家除く・累計）
fai,370000,山东省,2024-05,,5.0,,,,,,固定資産投資（農家除く・累計）
fai,370000,山东省,2024-06,,4.9,,,,,,固定資産投資（農家除く・累計）
fai,370000,山东省,2024-07,,4.6,,,,,,固定資産投資（農家除く・累計）
fai,370000,山东省,2024-08,,4.2,,,,,,固定資産投資（農家除く・累計）
fai,370000,山东省,2024-09,,3.9,,,,,,固定資産投資（農家除く・累計）
fai,370000,山东省,2024-10,,3.9,,,,,,固定資産投資（農家除く・累計）
fai,370000,山东省,2024-11,,3.7,,,,,,固定資産投資（農家除く・累計）
fai,370000,山东省,2024-12,,3.3,,,,,,固定資産投資（農家除く・累計）
fai,370000,山东省,2025-02,,3.3,,,,,,固定資産投資（農家除く・累計）
fai,370000,山东省,2025-03,,3.4,,,,,,固定資産投資（農家除く・累計）
fai,370000,山东省,2025-04,,2.5,,,,,,固定資産投資（農家除く・累計）
fai,370000,山东省,2025-05,,1.3,,,,,,固定資産投資（農家除く・累計）
fai,370000,山东省,2025-06,,-0.2,,,,,,固定資産投資（農家除く・累計）
fai,370000,山东省,2025-07,,-1.1,,,,,,固定資産投資（農家除く・累計）
fai,370000,山东省,2025-08,,-2.0,,,,,,固定資産投資（農家除く・累計）
fai,370000,山东省,2025-09,,-3.7,,,,,,固定資産投資（農家除く・累計）
fai,370000,山东省,2025-10,,-5.3,,,,,,固定資産投資（農家除く・累計）
fai,370000,山东省,2025-11,,-6.8,,,,,,固定資産投資（農家除く・累計）
fai,370000,山东省,2025-12,,-8.6,,,,,,固定資産投資（農家除く・累計）
fai,370000,山东省,2026-02,,0.1,,,,,,固定資産投資（農家除く・累計）
fai,370000,山东省,2026-03,,-2.3,,,,,,固定資産投資（農家除く・累計）
fai,370000,山东省,2026-04,,-5.8,,,,,,固定資産投資（農家除く・累計）
fai,370000,山东省,2026-05,,-9.5,,,,,,固定資産投資（農家除く・累計）
fai,370000,山东省,2026-06,,-13.0,,,,,,固定資産投資（農家除く・累計）
fai,410000,河南省,2024-02,,5.6,,,,,,固定資産投資（農家除く・累計）
fai,410000,河南省,2024-03,,2.9,,,,,,固定資産投資（農家除く・累計）
fai,410000,河南省,2024-04,,7.0,,,,,,固定資産投資（農家除く・累計）
fai,410000,河南省,2024-05,,6.9,,,,,,固定資産投資（農家除く・累計）
fai,410000,河南省,2024-06,,6.5,,,,,,固定資産投資（農家除く・累計）
fai,410000,河南省,2024-07,,6.4,,,,,,固定資産投資（農家除く・累計）
fai,410000,河南省,2024-08,,6.6,,,,,,固定資産投資（農家除く・累計）
fai,410000,河南省,2024-09,,6.7,,,,,,固定資産投資（農家除く・累計）
fai,410000,河南省,2024-10,,6.7,,,,,,固定資産投資（農家除く・累計）
fai,410000,河南省,2024-11,,6.9,,,,,,固定資産投資（農家除く・累計）
fai,410000,河南省,2024-12,,7.0,,,,,,固定資産投資（農家除く・累計）
fai,410000,河南省,2025-02,,7.2,,,,,,固定資産投資（農家除く・累計）
fai,410000,河南省,2025-03,,5.4,,,,,,固定資産投資（農家除く・累計）
fai,410000,河南省,2025-04,,6.4,,,,,,固定資産投資（農家除く・累計）
fai,410000,河南省,2025-05,,6.6,,,,,,固定資産投資（農家除く・累計）
fai,410000,河南省,2025-06,,5.1,,,,,,固定資産投資（農家除く・累計）
fai,410000,河南省,2025-07,,5.6,,,,,,固定資産投資（農家除く・累計）
fai,410000,河南省,2025-08,,4.7,,,,,,固定資産投資（農家除く・累計）
fai,410000,河南省,2025-09,,4.5,,,,,,固定資産投資（農家除く・累計）
fai,410000,河南省,2025-10,,4.5,,,,,,固定資産投資（農家除く・累計）
fai,410000,河南省,2025-11,,4.3,,,,,,固定資産投資（農家除く・累計）
fai,410000,河南省,2025-12,,4.0,,,,,,固定資産投資（農家除く・累計）
fai,410000,河南省,2026-02,,3.0,,,,,,固定資産投資（農家除く・累計）
fai,410000,河南省,2026-03,,1.2,,,,,,固定資産投資（農家除く・累計）
fai,410000,河南省,2026-04,,1.2,,,,,,固定資産投資（農家除く・累計）
fai,410000,河南省,2026-05,,1.1,,,,,,固定資産投資（農家除く・累計）
fai,410000,河南省,2026-06,,0.3,,,,,,固定資産投資（農家除く・累計）
fai,420000,湖北省,2024-02,,5.9,,,,,,固定資産投資（農家除く・累計）
fai,420000,湖北省,2024-03,,5.8,,,,,,固定資産投資（農家除く・累計）
fai,420000,湖北省,2024-04,,4.8,,,,,,固定資産投資（農家除く・累計）
fai,420000,湖北省,2024-05,,5.6,,,,,,固定資産投資（農家除く・累計）
fai,420000,湖北省,2024-06,,5.9,,,,,,固定資産投資（農家除く・累計）
fai,420000,湖北省,2024-07,,5.9,,,,,,固定資産投資（農家除く・累計）
fai,420000,湖北省,2024-08,,5.8,,,,,,固定資産投資（農家除く・累計）
fai,420000,湖北省,2024-09,,6.0,,,,,,固定資産投資（農家除く・累計）
fai,420000,湖北省,2024-10,,6.1,,,,,,固定資産投資（農家除く・累計）
fai,420000,湖北省,2024-11,,6.3,,,,,,固定資産投資（農家除く・累計）
fai,420000,湖北省,2024-12,,6.5,,,,,,固定資産投資（農家除く・累計）
fai,420000,湖北省,2025-02,,6.6,,,,,,固定資産投資（農家除く・累計）
fai,420000,湖北省,2025-03,,6.6,,,,,,固定資産投資（農家除く・累計）
fai,420000,湖北省,2025-04,,6.5,,,,,,固定資産投資（農家除く・累計）
fai,420000,湖北省,2025-05,,6.2,,,,,,固定資産投資（農家除く・累計）
fai,420000,湖北省,2025-06,,6.5,,,,,,固定資産投資（農家除く・累計）
fai,420000,湖北省,2025-07,,6.5,,,,,,固定資産投資（農家除く・累計）
fai,420000,湖北省,2025-08,,6.7,,,,,,固定資産投資（農家除く・累計）
fai,420000,湖北省,2025-09,,6.5,,,,,,固定資産投資（農家除く・累計）
fai,420000,湖北省,2025-10,,3.1,,,,,,固定資産投資（農家除く・累計）
fai,420000,湖北省,2025-11,,2.7,,,,,,固定資産投資（農家除く・累計）
fai,420000,湖北省,2025-12,,2.6,,,,,,固定資産投資（農家除く・累計）
fai,420000,湖北省,2026-02,,4.7,,,,,,固定資産投資（農家除く・累計）
fai,420000,湖北省,2026-03,,4.7,,,,,,固定資産投資（農家除く・累計）
fai,420000,湖北省,2026-04,,3.0,,,,,,固定資産投資（農家除く・累計）
fai,420000,湖北省,2026-05,,2.6,,,,,,固定資産投資（農家除く・累計）
fai,420000,湖北省,2026-06,,1.8,,,,,,固定資産投資（農家除く・累計）
fai,430000,湖南省,2024-02,,3.4,,,,,,固定資産投資（農家除く・累計）
fai,430000,湖南省,2024-03,,4.1,,,,,,固定資産投資（農家除く・累計）
fai,430000,湖南省,2024-04,,1.7,,,,,,固定資産投資（農家除く・累計）
fai,430000,湖南省,2024-05,,1.5,,,,,,固定資産投資（農家除く・累計）
fai,430000,湖南省,2024-06,,0.4,,,,,,固定資産投資（農家除く・累計）
fai,430000,湖南省,2024-07,,3.2,,,,,,固定資産投資（農家除く・累計）
fai,430000,湖南省,2024-08,,3.4,,,,,,固定資産投資（農家除く・累計）
fai,430000,湖南省,2024-09,,2.3,,,,,,固定資産投資（農家除く・累計）
fai,430000,湖南省,2024-10,,2.5,,,,,,固定資産投資（農家除く・累計）
fai,430000,湖南省,2024-11,,2.7,,,,,,固定資産投資（農家除く・累計）
fai,430000,湖南省,2024-12,,2.8,,,,,,固定資産投資（農家除く・累計）
fai,430000,湖南省,2025-02,,5.6,,,,,,固定資産投資（農家除く・累計）
fai,430000,湖南省,2025-03,,4.8,,,,,,固定資産投資（農家除く・累計）
fai,430000,湖南省,2025-04,,3.2,,,,,,固定資産投資（農家除く・累計）
fai,430000,湖南省,2025-05,,3.8,,,,,,固定資産投資（農家除く・累計）
fai,430000,湖南省,2025-06,,2.6,,,,,,固定資産投資（農家除く・累計）
fai,430000,湖南省,2025-07,,2.9,,,,,,固定資産投資（農家除く・累計）
fai,430000,湖南省,2025-08,,1.5,,,,,,固定資産投資（農家除く・累計）
fai,430000,湖南省,2025-09,,-2.3,,,,,,固定資産投資（農家除く・累計）
fai,430000,湖南省,2025-10,,-6.1,,,,,,固定資産投資（農家除く・累計）
fai,430000,湖南省,2025-11,,-9.2,,,,,,固定資産投資（農家除く・累計）
fai,430000,湖南省,2025-12,,-11.7,,,,,,固定資産投資（農家除く・累計）
fai,430000,湖南省,2026-02,,-1.6,,,,,,固定資産投資（農家除く・累計）
fai,430000,湖南省,2026-03,,-0.7,,,,,,固定資産投資（農家除く・累計）
fai,430000,湖南省,2026-04,,-8.7,,,,,,固定資産投資（農家除く・累計）
fai,430000,湖南省,2026-05,,-9.9,,,,,,固定資産投資（農家除く・累計）
fai,430000,湖南省,2026-06,,-12.4,,,,,,固定資産投資（農家除く・累計）
fai,440000,广东省,2024-02,,4.3,,,,,,固定資産投資（農家除く・累計）
fai,440000,广东省,2024-03,,4.0,,,,,,固定資産投資（農家除く・累計）
fai,440000,广东省,2024-04,,0.4,,,,,,固定資産投資（農家除く・累計）
fai,440000,广东省,2024-05,,-2.4,,,,,,固定資産投資（農家除く・累計）
fai,440000,广东省,2024-06,,-1.5,,,,,,固定資産投資（農家除く・累計）
fai,440000,广东省,2024-07,,-1.9,,,,,,固定資産投資（農家除く・累計）
fai,440000,广东省,2024-08,,-2.9,,,,,,固定資産投資（農家除く・累計）
fai,440000,广东省,2024-09,,-3.4,,,,,,固定資産投資（農家除く・累計）
fai,440000,广东省,2024-10,,-3.9,,,,,,固定資産投資（農家除く・累計）
fai,440000,广东省,2024-11,,-4.6,,,,,,固定資産投資（農家除く・累計）
fai,440000,广东省,2024-12,,-4.5,,,,,,固定資産投資（農家除く・累計）
fai,440000,广东省,2025-02,,-8.4,,,,,,固定資産投資（農家除く・累計）
fai,440000,广东省,2025-03,,-6.2,,,,,,固定資産投資（農家除く・累計）
fai,440000,广东省,2025-04,,-8.4,,,,,,固定資産投資（農家除く・累計）
fai,440000,广东省,2025-05,,-8.9,,,,,,固定資産投資（農家除く・累計）
fai,440000,广东省,2025-06,,-9.7,,,,,,固定資産投資（農家除く・累計）
fai,440000,广东省,2025-07,,-11.4,,,,,,固定資産投資（農家除く・累計）
fai,440000,广东省,2025-08,,-12.4,,,,,,固定資産投資（農家除く・累計）
fai,440000,广东省,2025-09,,-14.1,,,,,,固定資産投資（農家除く・累計）
fai,440000,广东省,2025-10,,-15.2,,,,,,固定資産投資（農家除く・累計）
fai,440000,广东省,2025-11,,-15.7,,,,,,固定資産投資（農家除く・累計）
fai,440000,广东省,2025-12,,-17.3,,,,,,固定資産投資（農家除く・累計）
fai,440000,广东省,2026-02,,0.9,,,,,,固定資産投資（農家除く・累計）
fai,440000,广东省,2026-03,,0.2,,,,,,固定資産投資（農家除く・累計）
fai,440000,广东省,2026-04,,-6.8,,,,,,固定資産投資（農家除く・累計）
fai,440000,广东省,2026-05,,-11.7,,,,,,固定資産投資（農家除く・累計）
fai,440000,广东省,2026-06,,-11.4,,,,,,固定資産投資（農家除く・累計）
fai,450000,广西壮族自治区,2024-02,,-15.8,,,,,,固定資産投資（農家除く・累計）
fai,450000,广西壮族自治区,2024-03,,-20.4,,,,,,固定資産投資（農家除く・累計）
fai,450000,广西壮族自治区,2024-04,,-15.4,,,,,,固定資産投資（農家除く・累計）
fai,450000,广西壮族自治区,2024-05,,-11.7,,,,,,固定資産投資（農家除く・累計）
fai,450000,广西壮族自治区,2024-06,,-8.1,,,,,,固定資産投資（農家除く・累計）
fai,450000,广西壮族自治区,2024-07,,-7.0,,,,,,固定資産投資（農家除く・累計）
fai,450000,广西壮族自治区,2024-08,,-9.7,,,,,,固定資産投資（農家除く・累計）
fai,450000,广西壮族自治区,2024-09,,-7.9,,,,,,固定資産投資（農家除く・累計）
fai,450000,广西壮族自治区,2024-10,,-7.4,,,,,,固定資産投資（農家除く・累計）
fai,450000,广西壮族自治区,2024-11,,-5.0,,,,,,固定資産投資（農家除く・累計）
fai,450000,广西壮族自治区,2024-12,,-3.2,,,,,,固定資産投資（農家除く・累計）
fai,450000,广西壮族自治区,2025-02,,5.0,,,,,,固定資産投資（農家除く・累計）
fai,450000,广西壮族自治区,2025-03,,5.4,,,,,,固定資産投資（農家除く・累計）
fai,450000,广西壮族自治区,2025-04,,1.4,,,,,,固定資産投資（農家除く・累計）
fai,450000,广西壮族自治区,2025-05,,0.7,,,,,,固定資産投資（農家除く・累計）
fai,450000,广西壮族自治区,2025-06,,0.3,,,,,,固定資産投資（農家除く・累計）
fai,450000,广西壮族自治区,2025-07,,-1.6,,,,,,固定資産投資（農家除く・累計）
fai,450000,广西壮族自治区,2025-08,,-3.7,,,,,,固定資産投資（農家除く・累計）
fai,450000,广西壮族自治区,2025-09,,-5.4,,,,,,固定資産投資（農家除く・累計）
fai,450000,广西壮族自治区,2025-10,,-7.0,,,,,,固定資産投資（農家除く・累計）
fai,450000,广西壮族自治区,2025-11,,-8.1,,,,,,固定資産投資（農家除く・累計）
fai,450000,广西壮族自治区,2025-12,,-8.2,,,,,,固定資産投資（農家除く・累計）
fai,450000,广西壮族自治区,2026-02,,-19.7,,,,,,固定資産投資（農家除く・累計）
fai,450000,广西壮族自治区,2026-03,,-15.0,,,,,,固定資産投資（農家除く・累計）
fai,450000,广西壮族自治区,2026-04,,-19.0,,,,,,固定資産投資（農家除く・累計）
fai,450000,广西壮族自治区,2026-05,,-22.9,,,,,,固定資産投資（農家除く・累計）
fai,450000,广西壮族自治区,2026-06,,-25.0,,,,,,固定資産投資（農家除く・累計）
fai,460000,海南省,2024-02,,5.2,,,,,,固定資産投資（農家除く・累計）
fai,460000,海南省,2024-03,,3.6,,,,,,固定資産投資（農家除く・累計）
fai,460000,海南省,2024-04,,1.9,,,,,,固定資産投資（農家除く・累計）
fai,460000,海南省,2024-05,,1.5,,,,,,固定資産投資（農家除く・累計）
fai,460000,海南省,2024-06,,6.4,,,,,,固定資産投資（農家除く・累計）
fai,460000,海南省,2024-07,,6.6,,,,,,固定資産投資（農家除く・累計）
fai,460000,海南省,2024-08,,6.1,,,,,,固定資産投資（農家除く・累計）
fai,460000,海南省,2024-09,,5.9,,,,,,固定資産投資（農家除く・累計）
fai,460000,海南省,2024-10,,5.7,,,,,,固定資産投資（農家除く・累計）
fai,460000,海南省,2024-11,,4.8,,,,,,固定資産投資（農家除く・累計）
fai,460000,海南省,2024-12,,7.1,,,,,,固定資産投資（農家除く・累計）
fai,460000,海南省,2025-02,,-4.9,,,,,,固定資産投資（農家除く・累計）
fai,460000,海南省,2025-03,,-1.2,,,,,,固定資産投資（農家除く・累計）
fai,460000,海南省,2025-04,,-1.4,,,,,,固定資産投資（農家除く・累計）
fai,460000,海南省,2025-05,,-2.9,,,,,,固定資産投資（農家除く・累計）
fai,460000,海南省,2025-06,,-7.6,,,,,,固定資産投資（農家除く・累計）
fai,460000,海南省,2025-07,,-9.3,,,,,,固定資産投資（農家除く・累計）
fai,460000,海南省,2025-08,,-11.2,,,,,,固定資産投資（農家除く・累計）
fai,460000,海南省,2025-09,,-9.7,,,,,,固定資産投資（農家除く・累計）
fai,460000,海南省,2025-10,,-11.6,,,,,,固定資産投資（農家除く・累計）
fai,460000,海南省,2025-11,,-14.8,,,,,,固定資産投資（農家除く・累計）
fai,460000,海南省,2025-12,,-16.5,,,,,,固定資産投資（農家除く・累計）
fai,460000,海南省,2026-02,,16.7,,,,,,固定資産投資（農家除く・累計）
fai,460000,海南省,2026-03,,-0.5,,,,,,固定資産投資（農家除く・累計）
fai,460000,海南省,2026-04,,-4.1,,,,,,固定資産投資（農家除く・累計）
fai,460000,海南省,2026-05,,-7.5,,,,,,固定資産投資（農家除く・累計）
fai,460000,海南省,2026-06,,-9.7,,,,,,固定資産投資（農家除く・累計）
fai,500000,重庆市,2024-02,,4.5,,,,,,固定資産投資（農家除く・累計）
fai,500000,重庆市,2024-03,,4.4,,,,,,固定資産投資（農家除く・累計）
fai,500000,重庆市,2024-04,,3.1,,,,,,固定資産投資（農家除く・累計）
fai,500000,重庆市,2024-05,,3.0,,,,,,固定資産投資（農家除く・累計）
fai,500000,重庆市,2024-06,,2.6,,,,,,固定資産投資（農家除く・累計）
fai,500000,重庆市,2024-07,,1.1,,,,,,固定資産投資（農家除く・累計）
fai,500000,重庆市,2024-08,,1.3,,,,,,固定資産投資（農家除く・累計）
fai,500000,重庆市,2024-09,,1.8,,,,,,固定資産投資（農家除く・累計）
fai,500000,重庆市,2024-10,,1.2,,,,,,固定資産投資（農家除く・累計）
fai,500000,重庆市,2024-11,,0.1,,,,,,固定資産投資（農家除く・累計）
fai,500000,重庆市,2024-12,,0.1,,,,,,固定資産投資（農家除く・累計）
fai,500000,重庆市,2025-02,,3.0,,,,,,固定資産投資（農家除く・累計）
fai,500000,重庆市,2025-03,,3.5,,,,,,固定資産投資（農家除く・累計）
fai,500000,重庆市,2025-04,,3.9,,,,,,固定資産投資（農家除く・累計）
fai,500000,重庆市,2025-05,,3.9,,,,,,固定資産投資（農家除く・累計）
fai,500000,重庆市,2025-06,,3.2,,,,,,固定資産投資（農家除く・累計）
fai,500000,重庆市,2025-07,,3.3,,,,,,固定資産投資（農家除く・累計）
fai,500000,重庆市,2025-08,,2.6,,,,,,固定資産投資（農家除く・累計）
fai,500000,重庆市,2025-09,,1.0,,,,,,固定資産投資（農家除く・累計）
fai,500000,重庆市,2025-10,,0.1,,,,,,固定資産投資（農家除く・累計）
fai,500000,重庆市,2025-11,,0.0,,,,,,固定資産投資（農家除く・累計）
fai,500000,重庆市,2025-12,,-0.7,,,,,,固定資産投資（農家除く・累計）
fai,500000,重庆市,2026-02,,0.2,,,,,,固定資産投資（農家除く・累計）
fai,500000,重庆市,2026-03,,1.5,,,,,,固定資産投資（農家除く・累計）
fai,500000,重庆市,2026-04,,0.7,,,,,,固定資産投資（農家除く・累計）
fai,500000,重庆市,2026-05,,-0.9,,,,,,固定資産投資（農家除く・累計）
fai,500000,重庆市,2026-06,,-0.4,,,,,,固定資産投資（農家除く・累計）
fai,510000,四川省,2024-02,,5.1,,,,,,固定資産投資（農家除く・累計）
fai,510000,四川省,2024-03,,5.2,,,,,,固定資産投資（農家除く・累計）
fai,510000,四川省,2024-04,,1.6,,,,,,固定資産投資（農家除く・累計）
fai,510000,四川省,2024-05,,1.1,,,,,,固定資産投資（農家除く・累計）
fai,510000,四川省,2024-06,,0.9,,,,,,固定資産投資（農家除く・累計）
fai,510000,四川省,2024-07,,0.2,,,,,,固定資産投資（農家除く・累計）
fai,510000,四川省,2024-08,,0.0,,,,,,固定資産投資（農家除く・累計）
fai,510000,四川省,2024-09,,1.9,,,,,,固定資産投資（農家除く・累計）
fai,510000,四川省,2024-10,,1.7,,,,,,固定資産投資（農家除く・累計）
fai,510000,四川省,2024-11,,1.5,,,,,,固定資産投資（農家除く・累計）
fai,510000,四川省,2024-12,,2.4,,,,,,固定資産投資（農家除く・累計）
fai,510000,四川省,2025-02,,3.2,,,,,,固定資産投資（農家除く・累計）
fai,510000,四川省,2025-03,,4.0,,,,,,固定資産投資（農家除く・累計）
fai,510000,四川省,2025-04,,3.2,,,,,,固定資産投資（農家除く・累計）
fai,510000,四川省,2025-05,,3.0,,,,,,固定資産投資（農家除く・累計）
fai,510000,四川省,2025-06,,2.7,,,,,,固定資産投資（農家除く・累計）
fai,510000,四川省,2025-07,,2.0,,,,,,固定資産投資（農家除く・累計）
fai,510000,四川省,2025-08,,0.9,,,,,,固定資産投資（農家除く・累計）
fai,510000,四川省,2025-09,,0.4,,,,,,固定資産投資（農家除く・累計）
fai,510000,四川省,2025-10,,-0.5,,,,,,固定資産投資（農家除く・累計）
fai,510000,四川省,2025-11,,-0.6,,,,,,固定資産投資（農家除く・累計）
fai,510000,四川省,2025-12,,-2.4,,,,,,固定資産投資（農家除く・累計）
fai,510000,四川省,2026-02,,2.6,,,,,,固定資産投資（農家除く・累計）
fai,510000,四川省,2026-03,,2.7,,,,,,固定資産投資（農家除く・累計）
fai,510000,四川省,2026-04,,0.3,,,,,,固定資産投資（農家除く・累計）
fai,510000,四川省,2026-05,,-2.0,,,,,,固定資産投資（農家除く・累計）
fai,510000,四川省,2026-06,,-2.2,,,,,,固定資産投資（農家除く・累計）
fai,520000,贵州省,2024-02,,1.0,,,,,,固定資産投資（農家除く・累計）
fai,520000,贵州省,2024-03,,3.1,,,,,,固定資産投資（農家除く・累計）
fai,520000,贵州省,2024-04,,1.6,,,,,,固定資産投資（農家除く・累計）
fai,520000,贵州省,2024-05,,-4.4,,,,,,固定資産投資（農家除く・累計）
fai,520000,贵州省,2024-06,,1.2,,,,,,固定資産投資（農家除く・累計）
fai,520000,贵州省,2024-07,,-0.6,,,,,,固定資産投資（農家除く・累計）
fai,520000,贵州省,2024-08,,0.6,,,,,,固定資産投資（農家除く・累計）
fai,520000,贵州省,2024-09,,0.0,,,,,,固定資産投資（農家除く・累計）
fai,520000,贵州省,2024-10,,-1.3,,,,,,固定資産投資（農家除く・累計）
fai,520000,贵州省,2024-11,,-2.3,,,,,,固定資産投資（農家除く・累計）
fai,520000,贵州省,2024-12,,0.6,,,,,,固定資産投資（農家除く・累計）
fai,520000,贵州省,2025-02,,4.5,,,,,,固定資産投資（農家除く・累計）
fai,520000,贵州省,2025-03,,4.9,,,,,,固定資産投資（農家除く・累計）
fai,520000,贵州省,2025-04,,4.1,,,,,,固定資産投資（農家除く・累計）
fai,520000,贵州省,2025-05,,2.4,,,,,,固定資産投資（農家除く・累計）
fai,520000,贵州省,2025-06,,3.0,,,,,,固定資産投資（農家除く・累計）
fai,520000,贵州省,2025-07,,2.5,,,,,,固定資産投資（農家除く・累計）
fai,520000,贵州省,2025-08,,1.2,,,,,,固定資産投資（農家除く・累計）
fai,520000,贵州省,2025-09,,0.9,,,,,,固定資産投資（農家除く・累計）
fai,520000,贵州省,2025-10,,0.1,,,,,,固定資産投資（農家除く・累計）
fai,520000,贵州省,2025-11,,-0.6,,,,,,固定資産投資（農家除く・累計）
fai,520000,贵州省,2025-12,,-3.7,,,,,,固定資産投資（農家除く・累計）
fai,520000,贵州省,2026-02,,-5.1,,,,,,固定資産投資（農家除く・累計）
fai,520000,贵州省,2026-03,,-1.1,,,,,,固定資産投資（農家除く・累計）
fai,520000,贵州省,2026-04,,-9.8,,,,,,固定資産投資（農家除く・累計）
fai,520000,贵州省,2026-05,,-14.3,,,,,,固定資産投資（農家除く・累計）
fai,520000,贵州省,2026-06,,-17.1,,,,,,固定資産投資（農家除く・累計）
fai,530000,云南省,2024-02,,-33.1,,,,,,固定資産投資（農家除く・累計）
fai,530000,云南省,2024-03,,-8.1,,,,,,固定資産投資（農家除く・累計）
fai,530000,云南省,2024-04,,-5.2,,,,,,固定資産投資（農家除く・累計）
fai,530000,云南省,2024-05,,-6.9,,,,,,固定資産投資（農家除く・累計）
fai,530000,云南省,2024-06,,-7.9,,,,,,固定資産投資（農家除く・累計）
fai,530000,云南省,2024-07,,-10.1,,,,,,固定資産投資（農家除く・累計）
fai,530000,云南省,2024-08,,-11.5,,,,,,固定資産投資（農家除く・累計）
fai,530000,云南省,2024-09,,-11.4,,,,,,固定資産投資（農家除く・累計）
fai,530000,云南省,2024-10,,-10.5,,,,,,固定資産投資（農家除く・累計）
fai,530000,云南省,2024-11,,-10.4,,,,,,固定資産投資（農家除く・累計）
fai,530000,云南省,2024-12,,-7.7,,,,,,固定資産投資（農家除く・累計）
fai,530000,云南省,2025-02,,5.1,,,,,,固定資産投資（農家除く・累計）
fai,530000,云南省,2025-03,,2.5,,,,,,固定資産投資（農家除く・累計）
fai,530000,云南省,2025-04,,0.1,,,,,,固定資産投資（農家除く・累計）
fai,530000,云南省,2025-05,,0.3,,,,,,固定資産投資（農家除く・累計）
fai,530000,云南省,2025-06,,0.6,,,,,,固定資産投資（農家除く・累計）
fai,530000,云南省,2025-07,,1.3,,,,,,固定資産投資（農家除く・累計）
fai,530000,云南省,2025-08,,0.3,,,,,,固定資産投資（農家除く・累計）
fai,530000,云南省,2025-09,,0.2,,,,,,固定資産投資（農家除く・累計）
fai,530000,云南省,2025-10,,-0.5,,,,,,固定資産投資（農家除く・累計）
fai,530000,云南省,2025-11,,-4.0,,,,,,固定資産投資（農家除く・累計）
fai,530000,云南省,2025-12,,-7.0,,,,,,固定資産投資（農家除く・累計）
fai,530000,云南省,2026-02,,-7.7,,,,,,固定資産投資（農家除く・累計）
fai,530000,云南省,2026-03,,-2.0,,,,,,固定資産投資（農家除く・累計）
fai,530000,云南省,2026-04,,-6.9,,,,,,固定資産投資（農家除く・累計）
fai,530000,云南省,2026-05,,-9.8,,,,,,固定資産投資（農家除く・累計）
fai,530000,云南省,2026-06,,-9.7,,,,,,固定資産投資（農家除く・累計）
fai,540000,西藏自治区,2024-02,,60.5,,,,,,固定資産投資（農家除く・累計）
fai,540000,西藏自治区,2024-03,,37.7,,,,,,固定資産投資（農家除く・累計）
fai,540000,西藏自治区,2024-04,,27.9,,,,,,固定資産投資（農家除く・累計）
fai,540000,西藏自治区,2024-05,,26.7,,,,,,固定資産投資（農家除く・累計）
fai,540000,西藏自治区,2024-06,,25.7,,,,,,固定資産投資（農家除く・累計）
fai,540000,西藏自治区,2024-07,,24.0,,,,,,固定資産投資（農家除く・累計）
fai,540000,西藏自治区,2024-08,,20.1,,,,,,固定資産投資（農家除く・累計）
fai,540000,西藏自治区,2024-09,,20.6,,,,,,固定資産投資（農家除く・累計）
fai,540000,西藏自治区,2024-10,,19.1,,,,,,固定資産投資（農家除く・累計）
fai,540000,西藏自治区,2024-11,,17.5,,,,,,固定資産投資（農家除く・累計）
fai,540000,西藏自治区,2024-12,,19.6,,,,,,固定資産投資（農家除く・累計）
fai,540000,西藏自治区,2025-02,,35.8,,,,,,固定資産投資（農家除く・累計）
fai,540000,西藏自治区,2025-03,,27.7,,,,,,固定資産投資（農家除く・累計）
fai,540000,西藏自治区,2025-04,,16.5,,,,,,固定資産投資（農家除く・累計）
fai,540000,西藏自治区,2025-05,,16.1,,,,,,固定資産投資（農家除く・累計）
fai,540000,西藏自治区,2025-06,,24.8,,,,,,固定資産投資（農家除く・累計）
fai,540000,西藏自治区,2025-07,,20.7,,,,,,固定資産投資（農家除く・累計）
fai,540000,西藏自治区,2025-08,,17.1,,,,,,固定資産投資（農家除く・累計）
fai,540000,西藏自治区,2025-09,,18.6,,,,,,固定資産投資（農家除く・累計）
fai,540000,西藏自治区,2025-10,,16.7,,,,,,固定資産投資（農家除く・累計）
fai,540000,西藏自治区,2025-11,,16.4,,,,,,固定資産投資（農家除く・累計）
fai,540000,西藏自治区,2025-12,,17.2,,,,,,固定資産投資（農家除く・累計）
fai,540000,西藏自治区,2026-02,,30.9,,,,,,固定資産投資（農家除く・累計）
fai,540000,西藏自治区,2026-03,,19.8,,,,,,固定資産投資（農家除く・累計）
fai,540000,西藏自治区,2026-04,,13.4,,,,,,固定資産投資（農家除く・累計）
fai,540000,西藏自治区,2026-05,,11.2,,,,,,固定資産投資（農家除く・累計）
fai,540000,西藏自治区,2026-06,,1.7,,,,,,固定資産投資（農家除く・累計）
fai,610000,陕西省,2024-02,,1.8,,,,,,固定資産投資（農家除く・累計）
fai,610000,陕西省,2024-03,,3.1,,,,,,固定資産投資（農家除く・累計）
fai,610000,陕西省,2024-04,,2.0,,,,,,固定資産投資（農家除く・累計）
fai,610000,陕西省,2024-05,,1.7,,,,,,固定資産投資（農家除く・累計）
fai,610000,陕西省,2024-06,,2.7,,,,,,固定資産投資（農家除く・累計）
fai,610000,陕西省,2024-07,,3.0,,,,,,固定資産投資（農家除く・累計）
fai,610000,陕西省,2024-08,,3.2,,,,,,固定資産投資（農家除く・累計）
fai,610000,陕西省,2024-09,,3.7,,,,,,固定資産投資（農家除く・累計）
fai,610000,陕西省,2024-10,,4.1,,,,,,固定資産投資（農家除く・累計）
fai,610000,陕西省,2024-11,,4.7,,,,,,固定資産投資（農家除く・累計）
fai,610000,陕西省,2024-12,,5.2,,,,,,固定資産投資（農家除く・累計）
fai,610000,陕西省,2025-02,,5.7,,,,,,固定資産投資（農家除く・累計）
fai,610000,陕西省,2025-03,,5.8,,,,,,固定資産投資（農家除く・累計）
fai,610000,陕西省,2025-04,,5.9,,,,,,固定資産投資（農家除く・累計）
fai,610000,陕西省,2025-05,,5.6,,,,,,固定資産投資（農家除く・累計）
fai,610000,陕西省,2025-06,,5.6,,,,,,固定資産投資（農家除く・累計）
fai,610000,陕西省,2025-07,,4.6,,,,,,固定資産投資（農家除く・累計）
fai,610000,陕西省,2025-08,,4.1,,,,,,固定資産投資（農家除く・累計）
fai,610000,陕西省,2025-09,,2.9,,,,,,固定資産投資（農家除く・累計）
fai,610000,陕西省,2025-10,,0.6,,,,,,固定資産投資（農家除く・累計）
fai,610000,陕西省,2025-11,,-1.3,,,,,,固定資産投資（農家除く・累計）
fai,610000,陕西省,2025-12,,-2.8,,,,,,固定資産投資（農家除く・累計）
fai,610000,陕西省,2026-02,,1.9,,,,,,固定資産投資（農家除く・累計）
fai,610000,陕西省,2026-03,,0.5,,,,,,固定資産投資（農家除く・累計）
fai,610000,陕西省,2026-04,,-4.9,,,,,,固定資産投資（農家除く・累計）
fai,610000,陕西省,2026-05,,-8.6,,,,,,固定資産投資（農家除く・累計）
fai,610000,陕西省,2026-06,,-10.4,,,,,,固定資産投資（農家除く・累計）
fai,620000,甘肃省,2024-02,,12.6,,,,,,固定資産投資（農家除く・累計）
fai,620000,甘肃省,2024-03,,11.5,,,,,,固定資産投資（農家除く・累計）
fai,620000,甘肃省,2024-04,,2.0,,,,,,固定資産投資（農家除く・累計）
fai,620000,甘肃省,2024-05,,2.0,,,,,,固定資産投資（農家除く・累計）
fai,620000,甘肃省,2024-06,,3.0,,,,,,固定資産投資（農家除く・累計）
fai,620000,甘肃省,2024-07,,2.8,,,,,,固定資産投資（農家除く・累計）
fai,620000,甘肃省,2024-08,,2.2,,,,,,固定資産投資（農家除く・累計）
fai,620000,甘肃省,2024-09,,2.6,,,,,,固定資産投資（農家除く・累計）
fai,620000,甘肃省,2024-10,,1.7,,,,,,固定資産投資（農家除く・累計）
fai,620000,甘肃省,2024-11,,1.6,,,,,,固定資産投資（農家除く・累計）
fai,620000,甘肃省,2024-12,,3.2,,,,,,固定資産投資（農家除く・累計）
fai,620000,甘肃省,2025-02,,10.8,,,,,,固定資産投資（農家除く・累計）
fai,620000,甘肃省,2025-03,,9.9,,,,,,固定資産投資（農家除く・累計）
fai,620000,甘肃省,2025-04,,9.1,,,,,,固定資産投資（農家除く・累計）
fai,620000,甘肃省,2025-05,,4.7,,,,,,固定資産投資（農家除く・累計）
fai,620000,甘肃省,2025-06,,3.7,,,,,,固定資産投資（農家除く・累計）
fai,620000,甘肃省,2025-07,,0.8,,,,,,固定資産投資（農家除く・累計）
fai,620000,甘肃省,2025-08,,-0.9,,,,,,固定資産投資（農家除く・累計）
fai,620000,甘肃省,2025-09,,-0.8,,,,,,固定資産投資（農家除く・累計）
fai,620000,甘肃省,2025-10,,-1.8,,,,,,固定資産投資（農家除く・累計）
fai,620000,甘肃省,2025-11,,-1.5,,,,,,固定資産投資（農家除く・累計）
fai,620000,甘肃省,2025-12,,-1.3,,,,,,固定資産投資（農家除く・累計）
fai,620000,甘肃省,2026-02,,9.6,,,,,,固定資産投資（農家除く・累計）
fai,620000,甘肃省,2026-03,,8.9,,,,,,固定資産投資（農家除く・累計）
fai,620000,甘肃省,2026-04,,2.3,,,,,,固定資産投資（農家除く・累計）
fai,620000,甘肃省,2026-05,,-5.1,,,,,,固定資産投資（農家除く・累計）
fai,620000,甘肃省,2026-06,,-8.9,,,,,,固定資産投資（農家除く・累計）
fai,630000,青海省,2024-02,,1.2,,,,,,固定資産投資（農家除く・累計）
fai,630000,青海省,2024-03,,2.3,,,,,,固定資産投資（農家除く・累計）
fai,630000,青海省,2024-04,,-0.3,,,,,,固定資産投資（農家除く・累計）
fai,630000,青海省,2024-05,,-3.1,,,,,,固定資産投資（農家除く・累計）
fai,630000,青海省,2024-06,,-5.7,,,,,,固定資産投資（農家除く・累計）
fai,630000,青海省,2024-07,,-3.5,,,,,,固定資産投資（農家除く・累計）
fai,630000,青海省,2024-08,,-2.4,,,,,,固定資産投資（農家除く・累計）
fai,630000,青海省,2024-09,,0.7,,,,,,固定資産投資（農家除く・累計）
fai,630000,青海省,2024-10,,1.8,,,,,,固定資産投資（農家除く・累計）
fai,630000,青海省,2024-11,,3.7,,,,,,固定資産投資（農家除く・累計）
fai,630000,青海省,2024-12,,4.3,,,,,,固定資産投資（農家除く・累計）
fai,630000,青海省,2025-02,,4.5,,,,,,固定資産投資（農家除く・累計）
fai,630000,青海省,2025-03,,5.6,,,,,,固定資産投資（農家除く・累計）
fai,630000,青海省,2025-04,,4.2,,,,,,固定資産投資（農家除く・累計）
fai,630000,青海省,2025-05,,1.6,,,,,,固定資産投資（農家除く・累計）
fai,630000,青海省,2025-06,,-2.4,,,,,,固定資産投資（農家除く・累計）
fai,630000,青海省,2025-07,,-6.0,,,,,,固定資産投資（農家除く・累計）
fai,630000,青海省,2025-08,,-8.3,,,,,,固定資産投資（農家除く・累計）
fai,630000,青海省,2025-09,,-9.6,,,,,,固定資産投資（農家除く・累計）
fai,630000,青海省,2025-10,,-11.7,,,,,,固定資産投資（農家除く・累計）
fai,630000,青海省,2025-11,,-9.6,,,,,,固定資産投資（農家除く・累計）
fai,630000,青海省,2025-12,,-7.9,,,,,,固定資産投資（農家除く・累計）
fai,630000,青海省,2026-02,,3.5,,,,,,固定資産投資（農家除く・累計）
fai,630000,青海省,2026-03,,-14.6,,,,,,固定資産投資（農家除く・累計）
fai,630000,青海省,2026-04,,-23.2,,,,,,固定資産投資（農家除く・累計）
fai,630000,青海省,2026-05,,-28.3,,,,,,固定資産投資（農家除く・累計）
fai,630000,青海省,2026-06,,-32.2,,,,,,固定資産投資（農家除く・累計）
fai,640000,宁夏回族自治区,2024-02,,6.7,,,,,,固定資産投資（農家除く・累計）
fai,640000,宁夏回族自治区,2024-03,,6.8,,,,,,固定資産投資（農家除く・累計）
fai,640000,宁夏回族自治区,2024-04,,5.2,,,,,,固定資産投資（農家除く・累計）
fai,640000,宁夏回族自治区,2024-05,,1.7,,,,,,固定資産投資（農家除く・累計）
fai,640000,宁夏回族自治区,2024-06,,1.8,,,,,,固定資産投資（農家除く・累計）
fai,640000,宁夏回族自治区,2024-07,,2.0,,,,,,固定資産投資（農家除く・累計）
fai,640000,宁夏回族自治区,2024-08,,2.5,,,,,,固定資産投資（農家除く・累計）
fai,640000,宁夏回族自治区,2024-09,,5.4,,,,,,固定資産投資（農家除く・累計）
fai,640000,宁夏回族自治区,2024-10,,6.8,,,,,,固定資産投資（農家除く・累計）
fai,640000,宁夏回族自治区,2024-11,,7.6,,,,,,固定資産投資（農家除く・累計）
fai,640000,宁夏回族自治区,2024-12,,7.9,,,,,,固定資産投資（農家除く・累計）
fai,640000,宁夏回族自治区,2025-02,,23.3,,,,,,固定資産投資（農家除く・累計）
fai,640000,宁夏回族自治区,2025-03,,16.7,,,,,,固定資産投資（農家除く・累計）
fai,640000,宁夏回族自治区,2025-04,,13.5,,,,,,固定資産投資（農家除く・累計）
fai,640000,宁夏回族自治区,2025-05,,12.1,,,,,,固定資産投資（農家除く・累計）
fai,640000,宁夏回族自治区,2025-06,,10.3,,,,,,固定資産投資（農家除く・累計）
fai,640000,宁夏回族自治区,2025-07,,6.6,,,,,,固定資産投資（農家除く・累計）
fai,640000,宁夏回族自治区,2025-08,,7.1,,,,,,固定資産投資（農家除く・累計）
fai,640000,宁夏回族自治区,2025-09,,7.4,,,,,,固定資産投資（農家除く・累計）
fai,640000,宁夏回族自治区,2025-10,,6.1,,,,,,固定資産投資（農家除く・累計）
fai,640000,宁夏回族自治区,2025-11,,5.8,,,,,,固定資産投資（農家除く・累計）
fai,640000,宁夏回族自治区,2025-12,,6.0,,,,,,固定資産投資（農家除く・累計）
fai,640000,宁夏回族自治区,2026-02,,24.5,,,,,,固定資産投資（農家除く・累計）
fai,640000,宁夏回族自治区,2026-03,,13.1,,,,,,固定資産投資（農家除く・累計）
fai,640000,宁夏回族自治区,2026-04,,10.4,,,,,,固定資産投資（農家除く・累計）
fai,640000,宁夏回族自治区,2026-05,,10.1,,,,,,固定資産投資（農家除く・累計）
fai,640000,宁夏回族自治区,2026-06,,9.1,,,,,,固定資産投資（農家除く・累計）
fai,650000,新疆维吾尔自治区,2024-02,,13.2,,,,,,固定資産投資（農家除く・累計）
fai,650000,新疆维吾尔自治区,2024-03,,12.8,,,,,,固定資産投資（農家除く・累計）
fai,650000,新疆维吾尔自治区,2024-04,,6.4,,,,,,固定資産投資（農家除く・累計）
fai,650000,新疆维吾尔自治区,2024-05,,7.0,,,,,,固定資産投資（農家除く・累計）
fai,650000,新疆维吾尔自治区,2024-06,,7.7,,,,,,固定資産投資（農家除く・累計）
fai,650000,新疆维吾尔自治区,2024-07,,5.8,,,,,,固定資産投資（農家除く・累計）
fai,650000,新疆维吾尔自治区,2024-08,,4.0,,,,,,固定資産投資（農家除く・累計）
fai,650000,新疆维吾尔自治区,2024-09,,6.2,,,,,,固定資産投資（農家除く・累計）
fai,650000,新疆维吾尔自治区,2024-10,,6.6,,,,,,固定資産投資（農家除く・累計）
fai,650000,新疆维吾尔自治区,2024-11,,6.8,,,,,,固定資産投資（農家除く・累計）
fai,650000,新疆维吾尔自治区,2024-12,,6.9,,,,,,固定資産投資（農家除く・累計）
fai,650000,新疆维吾尔自治区,2025-02,,19.7,,,,,,固定資産投資（農家除く・累計）
fai,650000,新疆维吾尔自治区,2025-03,,20.7,,,,,,固定資産投資（農家除く・累計）
fai,650000,新疆维吾尔自治区,2025-04,,17.2,,,,,,固定資産投資（農家除く・累計）
fai,650000,新疆维吾尔自治区,2025-05,,16.2,,,,,,固定資産投資（農家除く・累計）
fai,650000,新疆维吾尔自治区,2025-06,,13.0,,,,,,固定資産投資（農家除く・累計）
fai,650000,新疆维吾尔自治区,2025-07,,11.2,,,,,,固定資産投資（農家除く・累計）
fai,650000,新疆维吾尔自治区,2025-08,,9.1,,,,,,固定資産投資（農家除く・累計）
fai,650000,新疆维吾尔自治区,2025-09,,7.3,,,,,,固定資産投資（農家除く・累計）
fai,650000,新疆维吾尔自治区,2025-10,,6.3,,,,,,固定資産投資（農家除く・累計）
fai,650000,新疆维吾尔自治区,2025-11,,7.3,,,,,,固定資産投資（農家除く・累計）
fai,650000,新疆维吾尔自治区,2025-12,,7.2,,,,,,固定資産投資（農家除く・累計）
fai,650000,新疆维吾尔自治区,2026-02,,15.6,,,,,,固定資産投資（農家除く・累計）
fai,650000,新疆维吾尔自治区,2026-03,,12.9,,,,,,固定資産投資（農家除く・累計）
fai,650000,新疆维吾尔自治区,2026-04,,-4.5,,,,,,固定資産投資（農家除く・累計）
fai,650000,新疆维吾尔自治区,2026-05,,-10.7,,,,,,固定資産投資（農家除く・累計）
fai,650000,新疆维吾尔自治区,2026-06,,-11.3,,,,,,固定資産投資（農家除く・累計）
industry_va,000000,全国,2024-02,,7.0,,,,,,一定規模以上工業付加価値（伸び率）
industry_va,000000,全国,2024-03,,4.5,,,,,,一定規模以上工業付加価値（伸び率）
industry_va,000000,全国,2024-04,,6.7,,,,,,一定規模以上工業付加価値（伸び率）
industry_va,000000,全国,2024-05,,5.6,,,,,,一定規模以上工業付加価値（伸び率）
industry_va,000000,全国,2024-06,,5.3,,,,,,一定規模以上工業付加価値（伸び率）
industry_va,000000,全国,2024-07,,5.1,,,,,,一定規模以上工業付加価値（伸び率）
industry_va,000000,全国,2024-08,,4.5,,,,,,一定規模以上工業付加価値（伸び率）
industry_va,000000,全国,2024-09,,5.4,,,,,,一定規模以上工業付加価値（伸び率）
industry_va,000000,全国,2024-10,,5.3,,,,,,一定規模以上工業付加価値（伸び率）
industry_va,000000,全国,2024-11,,5.4,,,,,,一定規模以上工業付加価値（伸び率）
industry_va,000000,全国,2024-12,,6.2,,,,,,一定規模以上工業付加価値（伸び率）
industry_va,000000,全国,2025-02,,5.9,,,,,,一定規模以上工業付加価値（伸び率）
industry_va,000000,全国,2025-03,,7.7,,,,,,一定規模以上工業付加価値（伸び率）
industry_va,000000,全国,2025-04,,6.1,,,,,,一定規模以上工業付加価値（伸び率）
industry_va,000000,全国,2025-05,,5.8,,,,,,一定規模以上工業付加価値（伸び率）
industry_va,000000,全国,2025-06,,6.8,,,,,,一定規模以上工業付加価値（伸び率）
industry_va,000000,全国,2025-07,,5.7,,,,,,一定規模以上工業付加価値（伸び率）
industry_va,000000,全国,2025-08,,5.2,,,,,,一定規模以上工業付加価値（伸び率）
industry_va,000000,全国,2025-09,,6.5,,,,,,一定規模以上工業付加価値（伸び率）
industry_va,000000,全国,2025-10,,4.9,,,,,,一定規模以上工業付加価値（伸び率）
industry_va,000000,全国,2025-11,,4.8,,,,,,一定規模以上工業付加価値（伸び率）
industry_va,000000,全国,2025-12,,5.2,,,,,,一定規模以上工業付加価値（伸び率）
industry_va,000000,全国,2026-02,,6.3,,,,,,一定規模以上工業付加価値（伸び率）
industry_va,000000,全国,2026-03,,5.7,,,,,,一定規模以上工業付加価値（伸び率）
industry_va,000000,全国,2026-04,,4.1,,,,,,一定規模以上工業付加価値（伸び率）
industry_va,000000,全国,2026-05,,4.5,,,,,,一定規模以上工業付加価値（伸び率）
industry_va,000000,全国,2026-06,,5.3,,,,,,一定規模以上工業付加価値（伸び率）
industry_va,110000,北京市,2024-02,,6.4,,,,,,一定規模以上工業付加価値（伸び率）
industry_va,110000,北京市,2024-03,,9.1,,,,,,一定規模以上工業付加価値（伸び率）
industry_va,110000,北京市,2024-04,,9.7,,,,,,一定規模以上工業付加価値（伸び率）
industry_va,110000,北京市,2024-05,,4.6,,,,,,一定規模以上工業付加価値（伸び率）
industry_va,110000,北京市,2024-06,,6.5,,,,,,一定規模以上工業付加価値（伸び率）
industry_va,110000,北京市,2024-07,,11.9,,,,,,一定規模以上工業付加価値（伸び率）
industry_va,110000,北京市,2024-08,,0.5,,,,,,一定規模以上工業付加価値（伸び率）
industry_va,110000,北京市,2024-09,,9.2,,,,,,一定規模以上工業付加価値（伸び率）
industry_va,110000,北京市,2024-10,,2.1,,,,,,一定規模以上工業付加価値（伸び率）
industry_va,110000,北京市,2024-11,,10.7,,,,,,一定規模以上工業付加価値（伸び率）
industry_va,110000,北京市,2024-12,,4.6,,,,,,一定規模以上工業付加価値（伸び率）
industry_va,110000,北京市,2025-02,,6.4,,,,,,一定規模以上工業付加価値（伸び率）
industry_va,110000,北京市,2025-03,,6.8,,,,,,一定規模以上工業付加価値（伸び率）
industry_va,110000,北京市,2025-04,,5.5,,,,,,一定規模以上工業付加価値（伸び率）
industry_va,110000,北京市,2025-05,,7.8,,,,,,一定規模以上工業付加価値（伸び率）
industry_va,110000,北京市,2025-06,,8.6,,,,,,一定規模以上工業付加価値（伸び率）
industry_va,110000,北京市,2025-07,,0.8,,,,,,一定規模以上工業付加価値（伸び率）
industry_va,110000,北京市,2025-08,,6.2,,,,,,一定規模以上工業付加価値（伸び率）
industry_va,110000,北京市,2025-09,,9.1,,,,,,一定規模以上工業付加価値（伸び率）
industry_va,110000,北京市,2025-10,,10.4,,,,,,一定規模以上工業付加価値（伸び率）
industry_va,110000,北京市,2025-11,,4.5,,,,,,一定規模以上工業付加価値（伸び率）
industry_va,110000,北京市,2025-12,,5.4,,,,,,一定規模以上工業付加価値（伸び率）
industry_va,110000,北京市,2026-02,,6.7,,,,,,一定規模以上工業付加価値（伸び率）
industry_va,110000,北京市,2026-03,,4.2,,,,,,一定規模以上工業付加価値（伸び率）
industry_va,110000,北京市,2026-04,,2.4,,,,,,一定規模以上工業付加価値（伸び率）
industry_va,110000,北京市,2026-05,,6.6,,,,,,一定規模以上工業付加価値（伸び率）
industry_va,110000,北京市,2026-06,,-1.5,,,,,,一定規模以上工業付加価値（伸び率）
industry_va,120000,天津市,2024-02,,5.2,,,,,,一定規模以上工業付加価値（伸び率）
industry_va,120000,天津市,2024-03,,6.3,,,,,,一定規模以上工業付加価値（伸び率）
industry_va,120000,天津市,2024-04,,1.7,,,,,,一定規模以上工業付加価値（伸び率）
industry_va,120000,天津市,2024-05,,0.8,,,,,,一定規模以上工業付加価値（伸び率）
industry_va,120000,天津市,2024-06,,6.0,,,,,,一定規模以上工業付加価値（伸び率）
industry_va,120000,天津市,2024-07,,-1.4,,,,,,一定規模以上工業付加価値（伸び率）
industry_va,120000,天津市,2024-08,,-0.6,,,,,,一定規模以上工業付加価値（伸び率）
industry_va,120000,天津市,2024-09,,6.2,,,,,,一定規模以上工業付加価値（伸び率）
industry_va,120000,天津市,2024-10,,3.7,,,,,,一定規模以上工業付加価値（伸び率）
industry_va,120000,天津市,2024-11,,8.6,,,,,,一定規模以上工業付加価値（伸び率）
industry_va,120000,天津市,2024-12,,10.5,,,,,,一定規模以上工業付加価値（伸び率）
industry_va,120000,天津市,2025-02,,5.2,,,,,,一定規模以上工業付加価値（伸び率）
industry_va,120000,天津市,2025-03,,7.6,,,,,,一定規模以上工業付加価値（伸び率）
industry_va,120000,天津市,2025-04,,4.0,,,,,,一定規模以上工業付加価値（伸び率）
industry_va,120000,天津市,2025-05,,1.3,,,,,,一定規模以上工業付加価値（伸び率）
industry_va,120000,天津市,2025-06,,6.2,,,,,,一定規模以上工業付加価値（伸び率）
industry_va,120000,天津市,2025-07,,5.3,,,,,,一定規模以上工業付加価値（伸び率）
industry_va,120000,天津市,2025-08,,5.3,,,,,,一定規模以上工業付加価値（伸び率）
industry_va,120000,天津市,2025-09,,1.2,,,,,,一定規模以上工業付加価値（伸び率）
industry_va,120000,天津市,2025-10,,4.4,,,,,,一定規模以上工業付加価値（伸び率）
industry_va,120000,天津市,2025-11,,2.3,,,,,,一定規模以上工業付加価値（伸び率）
industry_va,120000,天津市,2025-12,,4.0,,,,,,一定規模以上工業付加価値（伸び率）
industry_va,120000,天津市,2026-02,,4.8,,,,,,一定規模以上工業付加価値（伸び率）
industry_va,120000,天津市,2026-03,,6.0,,,,,,一定規模以上工業付加価値（伸び率）
industry_va,120000,天津市,2026-04,,4.8,,,,,,一定規模以上工業付加価値（伸び率）
industry_va,120000,天津市,2026-05,,2.2,,,,,,一定規模以上工業付加価値（伸び率）
industry_va,120000,天津市,2026-06,,3.1,,,,,,一定規模以上工業付加価値（伸び率）
industry_va,130000,河北省,2024-02,,8.5,,,,,,一定規模以上工業付加価値（伸び率）
industry_va,130000,河北省,2024-03,,7.4,,,,,,一定規模以上工業付加価値（伸び率）
industry_va,130000,河北省,2024-04,,7.8,,,,,,一定規模以上工業付加価値（伸び率）
industry_va,130000,河北省,2024-05,,5.2,,,,,,一定規模以上工業付加価値（伸び率）
industry_va,130000,河北省,2024-06,,9.4,,,,,,一定規模以上工業付加価値（伸び率）
industry_va,130000,河北省,2024-07,,3.5,,,,,,一定規模以上工業付加価値（伸び率）
industry_va,130000,河北省,2024-08,,3.0,,,,,,一定規模以上工業付加価値（伸び率）
industry_va,130000,河北省,2024-09,,7.3,,,,,,一定規模以上工業付加価値（伸び率）
industry_va,130000,河北省,2024-10,,5.9,,,,,,一定規模以上工業付加価値（伸び率）
industry_va,130000,河北省,2024-11,,7.6,,,,,,一定規模以上工業付加価値（伸び率）
industry_va,130000,河北省,2024-12,,9.8,,,,,,一定規模以上工業付加価値（伸び率）
industry_va,130000,河北省,2025-02,,7.0,,,,,,一定規模以上工業付加価値（伸び率）
industry_va,130000,河北省,2025-03,,8.9,,,,,,一定規模以上工業付加価値（伸び率）
industry_va,130000,河北省,2025-04,,6.8,,,,,,一定規模以上工業付加価値（伸び率）
industry_va,130000,河北省,2025-05,,5.7,,,,,,一定規模以上工業付加価値（伸び率）
industry_va,130000,河北省,2025-06,,8.5,,,,,,一定規模以上工業付加価値（伸び率）
industry_va,130000,河北省,2025-07,,8.8,,,,,,一定規模以上工業付加価値（伸び率）
industry_va,130000,河北省,2025-08,,7.9,,,,,,一定規模以上工業付加価値（伸び率）
industry_va,130000,河北省,2025-09,,9.9,,,,,,一定規模以上工業付加価値（伸び率）
industry_va,130000,河北省,2025-10,,8.1,,,,,,一定規模以上工業付加価値（伸び率）
industry_va,130000,河北省,2025-11,,7.4,,,,,,一定規模以上工業付加価値（伸び率）
industry_va,130000,河北省,2025-12,,7.5,,,,,,一定規模以上工業付加価値（伸び率）
industry_va,130000,河北省,2026-02,,6.3,,,,,,一定規模以上工業付加価値（伸び率）
industry_va,130000,河北省,2026-03,,7.9,,,,,,一定規模以上工業付加価値（伸び率）
industry_va,130000,河北省,2026-04,,5.2,,,,,,一定規模以上工業付加価値（伸び率）
industry_va,130000,河北省,2026-05,,5.4,,,,,,一定規模以上工業付加価値（伸び率）
industry_va,130000,河北省,2026-06,,5.0,,,,,,一定規模以上工業付加価値（伸び率）
industry_va,140000,山西省,2024-02,,0.6,,,,,,一定規模以上工業付加価値（伸び率）
industry_va,140000,山西省,2024-03,,-7.3,,,,,,一定規模以上工業付加価値（伸び率）
industry_va,140000,山西省,2024-04,,-2.3,,,,,,一定規模以上工業付加価値（伸び率）
industry_va,140000,山西省,2024-05,,1.4,,,,,,一定規模以上工業付加価値（伸び率）
industry_va,140000,山西省,2024-06,,-2.0,,,,,,一定規模以上工業付加価値（伸び率）
industry_va,140000,山西省,2024-07,,-0.4,,,,,,一定規模以上工業付加価値（伸び率）
industry_va,140000,山西省,2024-08,,-1.1,,,,,,一定規模以上工業付加価値（伸び率）
industry_va,140000,山西省,2024-09,,-2.5,,,,,,一定規模以上工業付加価値（伸び率）
industry_va,140000,山西省,2024-10,,0.7,,,,,,一定規模以上工業付加価値（伸び率）
industry_va,140000,山西省,2024-11,,-0.1,,,,,,一定規模以上工業付加価値（伸び率）
industry_va,140000,山西省,2024-12,,3.2,,,,,,一定規模以上工業付加価値（伸び率）
industry_va,140000,山西省,2025-02,,6.4,,,,,,一定規模以上工業付加価値（伸び率）
industry_va,140000,山西省,2025-03,,10.2,,,,,,一定規模以上工業付加価値（伸び率）
industry_va,140000,山西省,2025-04,,7.4,,,,,,一定規模以上工業付加価値（伸び率）
industry_va,140000,山西省,2025-05,,4.9,,,,,,一定規模以上工業付加価値（伸び率）
industry_va,140000,山西省,2025-06,,4.2,,,,,,一定規模以上工業付加価値（伸び率）
industry_va,140000,山西省,2025-07,,4.5,,,,,,一定規模以上工業付加価値（伸び率）
industry_va,140000,山西省,2025-08,,4.7,,,,,,一定規模以上工業付加価値（伸び率）
industry_va,140000,山西省,2025-09,,3.8,,,,,,一定規模以上工業付加価値（伸び率）
industry_va,140000,山西省,2025-10,,4.6,,,,,,一定規模以上工業付加価値（伸び率）
industry_va,140000,山西省,2025-11,,3.7,,,,,,一定規模以上工業付加価値（伸び率）
industry_va,140000,山西省,2025-12,,4.5,,,,,,一定規模以上工業付加価値（伸び率）
industry_va,140000,山西省,2026-02,,6.5,,,,,,一定規模以上工業付加価値（伸び率）
industry_va,140000,山西省,2026-03,,3.1,,,,,,一定規模以上工業付加価値（伸び率）
industry_va,140000,山西省,2026-04,,1.0,,,,,,一定規模以上工業付加価値（伸び率）
industry_va,140000,山西省,2026-05,,-2.8,,,,,,一定規模以上工業付加価値（伸び率）
industry_va,140000,山西省,2026-06,,-17.8,,,,,,一定規模以上工業付加価値（伸び率）
industry_va,150000,内蒙古自治区,2024-02,,7.0,,,,,,一定規模以上工業付加価値（伸び率）
industry_va,150000,内蒙古自治区,2024-03,,7.2,,,,,,一定規模以上工業付加価値（伸び率）
industry_va,150000,内蒙古自治区,2024-04,,8.7,,,,,,一定規模以上工業付加価値（伸び率）
industry_va,150000,内蒙古自治区,2024-05,,5.3,,,,,,一定規模以上工業付加価値（伸び率）
industry_va,150000,内蒙古自治区,2024-06,,9.0,,,,,,一定規模以上工業付加価値（伸び率）
industry_va,150000,内蒙古自治区,2024-07,,9.3,,,,,,一定規模以上工業付加価値（伸び率）
industry_va,150000,内蒙古自治区,2024-08,,3.5,,,,,,一定規模以上工業付加価値（伸び率）
industry_va,150000,内蒙古自治区,2024-09,,2.4,,,,,,一定規模以上工業付加価値（伸び率）
industry_va,150000,内蒙古自治区,2024-10,,4.0,,,,,,一定規模以上工業付加価値（伸び率）
industry_va,150000,内蒙古自治区,2024-11,,4.5,,,,,,一定規模以上工業付加価値（伸び率）
industry_va,150000,内蒙古自治区,2024-12,,6.3,,,,,,一定規模以上工業付加価値（伸び率）
industry_va,150000,内蒙古自治区,2025-02,,5.8,,,,,,一定規模以上工業付加価値（伸び率）
industry_va,150000,内蒙古自治区,2025-03,,9.6,,,,,,一定規模以上工業付加価値（伸び率）
industry_va,150000,内蒙古自治区,2025-04,,5.5,,,,,,一定規模以上工業付加価値（伸び率）
industry_va,150000,内蒙古自治区,2025-05,,7.9,,,,,,一定規模以上工業付加価値（伸び率）
industry_va,150000,内蒙古自治区,2025-06,,10.6,,,,,,一定規模以上工業付加価値（伸び率）
industry_va,150000,内蒙古自治区,2025-07,,2.7,,,,,,一定規模以上工業付加価値（伸び率）
industry_va,150000,内蒙古自治区,2025-08,,4.4,,,,,,一定規模以上工業付加価値（伸び率）
industry_va,150000,内蒙古自治区,2025-09,,6.2,,,,,,一定規模以上工業付加価値（伸び率）
industry_va,150000,内蒙古自治区,2025-10,,8.9,,,,,,一定規模以上工業付加価値（伸び率）
industry_va,150000,内蒙古自治区,2025-11,,8.9,,,,,,一定規模以上工業付加価値（伸び率）
industry_va,150000,内蒙古自治区,2025-12,,8.2,,,,,,一定規模以上工業付加価値（伸び率）
industry_va,150000,内蒙古自治区,2026-02,,5.9,,,,,,一定規模以上工業付加価値（伸び率）
industry_va,150000,内蒙古自治区,2026-03,,5.9,,,,,,一定規模以上工業付加価値（伸び率）
industry_va,150000,内蒙古自治区,2026-04,,4.1,,,,,,一定規模以上工業付加価値（伸び率）
industry_va,150000,内蒙古自治区,2026-05,,6.3,,,,,,一定規模以上工業付加価値（伸び率）
industry_va,150000,内蒙古自治区,2026-06,,8.4,,,,,,一定規模以上工業付加価値（伸び率）
industry_va,210000,辽宁省,2024-02,,4.8,,,,,,一定規模以上工業付加価値（伸び率）
industry_va,210000,辽宁省,2024-03,,4.3,,,,,,一定規模以上工業付加価値（伸び率）
industry_va,210000,辽宁省,2024-04,,-3.8,,,,,,一定規模以上工業付加価値（伸び率）
industry_va,210000,辽宁省,2024-05,,-1.0,,,,,,一定規模以上工業付加価値（伸び率）
industry_va,210000,辽宁省,2024-06,,4.2,,,,,,一定規模以上工業付加価値（伸び率）
industry_va,210000,辽宁省,2024-07,,-3.6,,,,,,一定規模以上工業付加価値（伸び率）
industry_va,210000,辽宁省,2024-08,,-2.6,,,,,,一定規模以上工業付加価値（伸び率）
industry_va,210000,辽宁省,2024-09,,-0.1,,,,,,一定規模以上工業付加価値（伸び率）
industry_va,210000,辽宁省,2024-10,,0.4,,,,,,一定規模以上工業付加価値（伸び率）
industry_va,210000,辽宁省,2024-11,,-2.7,,,,,,一定規模以上工業付加価値（伸び率）
industry_va,210000,辽宁省,2024-12,,3.9,,,,,,一定規模以上工業付加価値（伸び率）
industry_va,210000,辽宁省,2025-02,,1.8,,,,,,一定規模以上工業付加価値（伸び率）
industry_va,210000,辽宁省,2025-03,,7.6,,,,,,一定規模以上工業付加価値（伸び率）
industry_va,210000,辽宁省,2025-04,,0.6,,,,,,一定規模以上工業付加価値（伸び率）
industry_va,210000,辽宁省,2025-05,,5.2,,,,,,一定規模以上工業付加価値（伸び率）
industry_va,210000,辽宁省,2025-06,,3.3,,,,,,一定規模以上工業付加価値（伸び率）
industry_va,210000,辽宁省,2025-07,,8.6,,,,,,一定規模以上工業付加価値（伸び率）
industry_va,210000,辽宁省,2025-08,,1.6,,,,,,一定規模以上工業付加価値（伸び率）
industry_va,210000,辽宁省,2025-09,,3.9,,,,,,一定規模以上工業付加価値（伸び率）
industry_va,210000,辽宁省,2025-10,,-4.3,,,,,,一定規模以上工業付加価値（伸び率）
industry_va,210000,辽宁省,2025-11,,-3.3,,,,,,一定規模以上工業付加価値（伸び率）
industry_va,210000,辽宁省,2025-12,,-5.6,,,,,,一定規模以上工業付加価値（伸び率）
industry_va,210000,辽宁省,2026-02,,1.7,,,,,,一定規模以上工業付加価値（伸び率）
industry_va,210000,辽宁省,2026-03,,-0.1,,,,,,一定規模以上工業付加価値（伸び率）
industry_va,210000,辽宁省,2026-04,,3.3,,,,,,一定規模以上工業付加価値（伸び率）
industry_va,210000,辽宁省,2026-05,,-4.8,,,,,,一定規模以上工業付加価値（伸び率）
industry_va,210000,辽宁省,2026-06,,-4.1,,,,,,一定規模以上工業付加価値（伸び率）
industry_va,220000,吉林省,2024-02,,8.4,,,,,,一定規模以上工業付加価値（伸び率）
industry_va,220000,吉林省,2024-03,,11.8,,,,,,一定規模以上工業付加価値（伸び率）
industry_va,220000,吉林省,2024-04,,12.4,,,,,,一定規模以上工業付加価値（伸び率）
industry_va,220000,吉林省,2024-05,,4.7,,,,,,一定規模以上工業付加価値（伸び率）
industry_va,220000,吉林省,2024-06,,-0.3,,,,,,一定規模以上工業付加価値（伸び率）
industry_va,220000,吉林省,2024-07,,-2.5,,,,,,一定規模以上工業付加価値（伸び率）
industry_va,220000,吉林省,2024-08,,-6.7,,,,,,一定規模以上工業付加価値（伸び率）
industry_va,220000,吉林省,2024-09,,-7.7,,,,,,一定規模以上工業付加価値（伸び率）
industry_va,220000,吉林省,2024-10,,-16.2,,,,,,一定規模以上工業付加価値（伸び率）
industry_va,220000,吉林省,2024-11,,0.9,,,,,,一定規模以上工業付加価値（伸び率）
industry_va,220000,吉林省,2024-12,,8.4,,,,,,一定規模以上工業付加価値（伸び率）
industry_va,220000,吉林省,2025-02,,7.6,,,,,,一定規模以上工業付加価値（伸び率）
industry_va,220000,吉林省,2025-03,,9.9,,,,,,一定規模以上工業付加価値（伸び率）
industry_va,220000,吉林省,2025-04,,3.0,,,,,,一定規模以上工業付加価値（伸び率）
industry_va,220000,吉林省,2025-05,,4.8,,,,,,一定規模以上工業付加価値（伸び率）
industry_va,220000,吉林省,2025-06,,8.1,,,,,,一定規模以上工業付加価値（伸び率）
industry_va,220000,吉林省,2025-07,,4.4,,,,,,一定規模以上工業付加価値（伸び率）
industry_va,220000,吉林省,2025-08,,5.3,,,,,,一定規模以上工業付加価値（伸び率）
industry_va,220000,吉林省,2025-09,,18.4,,,,,,一定規模以上工業付加価値（伸び率）
industry_va,220000,吉林省,2025-10,,18.7,,,,,,一定規模以上工業付加価値（伸び率）
industry_va,220000,吉林省,2025-11,,1.1,,,,,,一定規模以上工業付加価値（伸び率）
industry_va,220000,吉林省,2025-12,,3.1,,,,,,一定規模以上工業付加価値（伸び率）
industry_va,220000,吉林省,2026-02,,2.7,,,,,,一定規模以上工業付加価値（伸び率）
industry_va,220000,吉林省,2026-03,,6.5,,,,,,一定規模以上工業付加価値（伸び率）
industry_va,220000,吉林省,2026-04,,-2.8,,,,,,一定規模以上工業付加価値（伸び率）
industry_va,220000,吉林省,2026-05,,-6.9,,,,,,一定規模以上工業付加価値（伸び率）
industry_va,220000,吉林省,2026-06,,-9.6,,,,,,一定規模以上工業付加価値（伸び率）
industry_va,230000,黑龙江省,2024-02,,-2.3,,,,,,一定規模以上工業付加価値（伸び率）
industry_va,230000,黑龙江省,2024-03,,-8.6,,,,,,一定規模以上工業付加価値（伸び率）
industry_va,230000,黑龙江省,2024-04,,-4.1,,,,,,一定規模以上工業付加価値（伸び率）
industry_va,230000,黑龙江省,2024-05,,-2.1,,,,,,一定規模以上工業付加価値（伸び率）
industry_va,230000,黑龙江省,2024-06,,-12.4,,,,,,一定規模以上工業付加価値（伸び率）
industry_va,230000,黑龙江省,2024-07,,2.9,,,,,,一定規模以上工業付加価値（伸び率）
industry_va,230000,黑龙江省,2024-08,,3.6,,,,,,一定規模以上工業付加価値（伸び率）
industry_va,230000,黑龙江省,2024-09,,-3.9,,,,,,一定規模以上工業付加価値（伸び率）
industry_va,230000,黑龙江省,2024-10,,-5.4,,,,,,一定規模以上工業付加価値（伸び率）
industry_va,230000,黑龙江省,2024-11,,-7.3,,,,,,一定規模以上工業付加価値（伸び率）
industry_va,230000,黑龙江省,2024-12,,-5.4,,,,,,一定規模以上工業付加価値（伸び率）
industry_va,230000,黑龙江省,2025-02,,4.8,,,,,,一定規模以上工業付加価値（伸び率）
industry_va,230000,黑龙江省,2025-03,,7.4,,,,,,一定規模以上工業付加価値（伸び率）
industry_va,230000,黑龙江省,2025-04,,6.3,,,,,,一定規模以上工業付加価値（伸び率）
industry_va,230000,黑龙江省,2025-05,,2.1,,,,,,一定規模以上工業付加価値（伸び率）
industry_va,230000,黑龙江省,2025-06,,5.3,,,,,,一定規模以上工業付加価値（伸び率）
industry_va,230000,黑龙江省,2025-07,,2.3,,,,,,一定規模以上工業付加価値（伸び率）
industry_va,230000,黑龙江省,2025-08,,2.9,,,,,,一定規模以上工業付加価値（伸び率）
industry_va,230000,黑龙江省,2025-09,,6.9,,,,,,一定規模以上工業付加価値（伸び率）
industry_va,230000,黑龙江省,2025-10,,1.9,,,,,,一定規模以上工業付加価値（伸び率）
industry_va,230000,黑龙江省,2025-11,,2.0,,,,,,一定規模以上工業付加価値（伸び率）
industry_va,230000,黑龙江省,2025-12,,-7.6,,,,,,一定規模以上工業付加価値（伸び率）
industry_va,230000,黑龙江省,2026-02,,0.6,,,,,,一定規模以上工業付加価値（伸び率）
industry_va,230000,黑龙江省,2026-03,,5.2,,,,,,一定規模以上工業付加価値（伸び率）
industry_va,230000,黑龙江省,2026-04,,-0.7,,,,,,一定規模以上工業付加価値（伸び率）
industry_va,230000,黑龙江省,2026-05,,0.5,,,,,,一定規模以上工業付加価値（伸び率）
industry_va,230000,黑龙江省,2026-06,,3.0,,,,,,一定規模以上工業付加価値（伸び率）
industry_va,310000,上海市,2024-02,,3.4,,,,,,一定規模以上工業付加価値（伸び率）
industry_va,310000,上海市,2024-03,,-2.5,,,,,,一定規模以上工業付加価値（伸び率）
industry_va,310000,上海市,2024-04,,2.3,,,,,,一定規模以上工業付加価値（伸び率）
industry_va,310000,上海市,2024-05,,-2.7,,,,,,一定規模以上工業付加価値（伸び率）
industry_va,310000,上海市,2024-06,,-0.6,,,,,,一定規模以上工業付加価値（伸び率）
industry_va,310000,上海市,2024-07,,1.4,,,,,,一定規模以上工業付加価値（伸び率）
industry_va,310000,上海市,2024-08,,0.3,,,,,,一定規模以上工業付加価値（伸び率）
industry_va,310000,上海市,2024-09,,3.8,,,,,,一定規模以上工業付加価値（伸び率）
industry_va,310000,上海市,2024-10,,4.1,,,,,,一定規模以上工業付加価値（伸び率）
industry_va,310000,上海市,2024-11,,1.6,,,,,,一定規模以上工業付加価値（伸び率）
industry_va,310000,上海市,2024-12,,3.9,,,,,,一定規模以上工業付加価値（伸び率）
industry_va,310000,上海市,2025-02,,3.6,,,,,,一定規模以上工業付加価値（伸び率）
industry_va,310000,上海市,2025-03,,3.7,,,,,,一定規模以上工業付加価値（伸び率）
industry_va,310000,上海市,2025-04,,5.4,,,,,,一定規模以上工業付加価値（伸び率）
industry_va,310000,上海市,2025-05,,4.6,,,,,,一定規模以上工業付加価値（伸び率）
industry_va,310000,上海市,2025-06,,8.9,,,,,,一定規模以上工業付加価値（伸び率）
industry_va,310000,上海市,2025-07,,5.2,,,,,,一定規模以上工業付加価値（伸び率）
industry_va,310000,上海市,2025-08,,3.8,,,,,,一定規模以上工業付加価値（伸び率）
industry_va,310000,上海市,2025-09,,8.0,,,,,,一定規模以上工業付加価値（伸び率）
industry_va,310000,上海市,2025-10,,0.2,,,,,,一定規模以上工業付加価値（伸び率）
industry_va,310000,上海市,2025-11,,6.0,,,,,,一定規模以上工業付加価値（伸び率）
industry_va,310000,上海市,2025-12,,5.8,,,,,,一定規模以上工業付加価値（伸び率）
industry_va,310000,上海市,2026-02,,4.3,,,,,,一定規模以上工業付加価値（伸び率）
industry_va,310000,上海市,2026-03,,9.8,,,,,,一定規模以上工業付加価値（伸び率）
industry_va,310000,上海市,2026-04,,1.5,,,,,,一定規模以上工業付加価値（伸び率）
industry_va,310000,上海市,2026-05,,7.2,,,,,,一定規模以上工業付加価値（伸び率）
industry_va,310000,上海市,2026-06,,6.8,,,,,,一定規模以上工業付加価値（伸び率）
industry_va,320000,江苏省,2024-02,,9.6,,,,,,一定規模以上工業付加価値（伸び率）
industry_va,320000,江苏省,2024-03,,8.7,,,,,,一定規模以上工業付加価値（伸び率）
industry_va,320000,江苏省,2024-04,,9.2,,,,,,一定規模以上工業付加価値（伸び率）
industry_va,320000,江苏省,2024-05,,7.2,,,,,,一定規模以上工業付加価値（伸び率）
industry_va,320000,江苏省,2024-06,,6.6,,,,,,一定規模以上工業付加価値（伸び率）
industry_va,320000,江苏省,2024-07,,5.8,,,,,,一定規模以上工業付加価値（伸び率）
industry_va,320000,江苏省,2024-08,,6.1,,,,,,一定規模以上工業付加価値（伸び率）
industry_va,320000,江苏省,2024-09,,7.4,,,,,,一定規模以上工業付加価値（伸び率）
industry_va,320000,江苏省,2024-10,,6.5,,,,,,一定規模以上工業付加価値（伸び率）
industry_va,320000,江苏省,2024-11,,7.5,,,,,,一定規模以上工業付加価値（伸び率）
industry_va,320000,江苏省,2024-12,,8.6,,,,,,一定規模以上工業付加価値（伸び率）
industry_va,320000,江苏省,2025-02,,8.1,,,,,,一定規模以上工業付加価値（伸び率）
industry_va,320000,江苏省,2025-03,,9.1,,,,,,一定規模以上工業付加価値（伸び率）
industry_va,320000,江苏省,2025-04,,8.0,,,,,,一定規模以上工業付加価値（伸び率）
industry_va,320000,江苏省,2025-05,,6.2,,,,,,一定規模以上工業付加価値（伸び率）
industry_va,320000,江苏省,2025-06,,6.8,,,,,,一定規模以上工業付加価値（伸び率）
industry_va,320000,江苏省,2025-07,,6.2,,,,,,一定規模以上工業付加価値（伸び率）
industry_va,320000,江苏省,2025-08,,4.6,,,,,,一定規模以上工業付加価値（伸び率）
industry_va,320000,江苏省,2025-09,,6.8,,,,,,一定規模以上工業付加価値（伸び率）
industry_va,320000,江苏省,2025-10,,5.8,,,,,,一定規模以上工業付加価値（伸び率）
industry_va,320000,江苏省,2025-11,,5.1,,,,,,一定規模以上工業付加価値（伸び率）
industry_va,320000,江苏省,2025-12,,5.7,,,,,,一定規模以上工業付加価値（伸び率）
industry_va,320000,江苏省,2026-02,,8.0,,,,,,一定規模以上工業付加価値（伸び率）
industry_va,320000,江苏省,2026-03,,6.9,,,,,,一定規模以上工業付加価値（伸び率）
industry_va,320000,江苏省,2026-04,,5.2,,,,,,一定規模以上工業付加価値（伸び率）
industry_va,320000,江苏省,2026-05,,5.0,,,,,,一定規模以上工業付加価値（伸び率）
industry_va,320000,江苏省,2026-06,,6.4,,,,,,一定規模以上工業付加価値（伸び率）
industry_va,330000,浙江省,2024-02,,11.4,,,,,,一定規模以上工業付加価値（伸び率）
industry_va,330000,浙江省,2024-03,,3.2,,,,,,一定規模以上工業付加価値（伸び率）
industry_va,330000,浙江省,2024-04,,8.9,,,,,,一定規模以上工業付加価値（伸び率）
industry_va,330000,浙江省,2024-05,,8.1,,,,,,一定規模以上工業付加価値（伸び率）
industry_va,330000,浙江省,2024-06,,5.5,,,,,,一定規模以上工業付加価値（伸び率）
industry_va,330000,浙江省,2024-07,,6.7,,,,,,一定規模以上工業付加価値（伸び率）
industry_va,330000,浙江省,2024-08,,5.6,,,,,,一定規模以上工業付加価値（伸び率）
industry_va,330000,浙江省,2024-09,,7.4,,,,,,一定規模以上工業付加価値（伸び率）
industry_va,330000,浙江省,2024-10,,4.8,,,,,,一定規模以上工業付加価値（伸び率）
industry_va,330000,浙江省,2024-11,,6.0,,,,,,一定規模以上工業付加価値（伸び率）
industry_va,330000,浙江省,2024-12,,8.2,,,,,,一定規模以上工業付加価値（伸び率）
industry_va,330000,浙江省,2025-02,,8.0,,,,,,一定規模以上工業付加価値（伸び率）
industry_va,330000,浙江省,2025-03,,9.8,,,,,,一定規模以上工業付加価値（伸び率）
industry_va,330000,浙江省,2025-04,,6.3,,,,,,一定規模以上工業付加価値（伸び率）
industry_va,330000,浙江省,2025-05,,5.3,,,,,,一定規模以上工業付加価値（伸び率）
industry_va,330000,浙江省,2025-06,,7.5,,,,,,一定規模以上工業付加価値（伸び率）
industry_va,330000,浙江省,2025-07,,5.3,,,,,,一定規模以上工業付加価値（伸び率）
industry_va,330000,浙江省,2025-08,,4.6,,,,,,一定規模以上工業付加価値（伸び率）
industry_va,330000,浙江省,2025-09,,7.5,,,,,,一定規模以上工業付加価値（伸び率）
industry_va,330000,浙江省,2025-10,,6.6,,,,,,一定規模以上工業付加価値（伸び率）
industry_va,330000,浙江省,2025-11,,6.5,,,,,,一定規模以上工業付加価値（伸び率）
industry_va,330000,浙江省,2025-12,,5.8,,,,,,一定規模以上工業付加価値（伸び率）
industry_va,330000,浙江省,2026-02,,9.8,,,,,,一定規模以上工業付加価値（伸び率）
industry_va,330000,浙江省,2026-03,,6.1,,,,,,一定規模以上工業付加価値（伸び率）
industry_va,330000,浙江省,2026-04,,7.3,,,,,,一定規模以上工業付加価値（伸び率）
industry_va,330000,浙江省,2026-05,,8.0,,,,,,一定規模以上工業付加価値（伸び率）
industry_va,330000,浙江省,2026-06,,8.2,,,,,,一定規模以上工業付加価値（伸び率）
industry_va,340000,安徽省,2024-02,,8.3,,,,,,一定規模以上工業付加価値（伸び率）
industry_va,340000,安徽省,2024-03,,6.5,,,,,,一定規模以上工業付加価値（伸び率）
industry_va,340000,安徽省,2024-04,,9.0,,,,,,一定規模以上工業付加価値（伸び率）
industry_va,340000,安徽省,2024-05,,9.4,,,,,,一定規模以上工業付加価値（伸び率）
industry_va,340000,安徽省,2024-06,,9.5,,,,,,一定規模以上工業付加価値（伸び率）
industry_va,340000,安徽省,2024-07,,8.2,,,,,,一定規模以上工業付加価値（伸び率）
industry_va,340000,安徽省,2024-08,,7.4,,,,,,一定規模以上工業付加価値（伸び率）
industry_va,340000,安徽省,2024-09,,11.5,,,,,,一定規模以上工業付加価値（伸び率）
industry_va,340000,安徽省,2024-10,,9.6,,,,,,一定規模以上工業付加価値（伸び率）
industry_va,340000,安徽省,2024-11,,8.2,,,,,,一定規模以上工業付加価値（伸び率）
industry_va,340000,安徽省,2024-12,,10.8,,,,,,一定規模以上工業付加価値（伸び率）
industry_va,340000,安徽省,2025-02,,9.1,,,,,,一定規模以上工業付加価値（伸び率）
industry_va,340000,安徽省,2025-03,,9.5,,,,,,一定規模以上工業付加価値（伸び率）
industry_va,340000,安徽省,2025-04,,7.6,,,,,,一定規模以上工業付加価値（伸び率）
industry_va,340000,安徽省,2025-05,,7.0,,,,,,一定規模以上工業付加価値（伸び率）
industry_va,340000,安徽省,2025-06,,8.2,,,,,,一定規模以上工業付加価値（伸び率）
industry_va,340000,安徽省,2025-07,,9.0,,,,,,一定規模以上工業付加価値（伸び率）
industry_va,340000,安徽省,2025-08,,9.1,,,,,,一定規模以上工業付加価値（伸び率）
industry_va,340000,安徽省,2025-09,,10.4,,,,,,一定規模以上工業付加価値（伸び率）
industry_va,340000,安徽省,2025-10,,11.8,,,,,,一定規模以上工業付加価値（伸び率）
industry_va,340000,安徽省,2025-11,,11.5,,,,,,一定規模以上工業付加価値（伸び率）
industry_va,340000,安徽省,2025-12,,10.7,,,,,,一定規模以上工業付加価値（伸び率）
industry_va,340000,安徽省,2026-02,,11.2,,,,,,一定規模以上工業付加価値（伸び率）
industry_va,340000,安徽省,2026-03,,10.7,,,,,,一定規模以上工業付加価値（伸び率）
industry_va,340000,安徽省,2026-04,,12.3,,,,,,一定規模以上工業付加価値（伸び率）
industry_va,340000,安徽省,2026-05,,15.4,,,,,,一定規模以上工業付加価値（伸び率）
industry_va,340000,安徽省,2026-06,,13.8,,,,,,一定規模以上工業付加価値（伸び率）
industry_va,350000,福建省,2024-02,,7.9,,,,,,一定規模以上工業付加価値（伸び率）
industry_va,350000,福建省,2024-03,,7.4,,,,,,一定規模以上工業付加価値（伸び率）
industry_va,350000,福建省,2024-04,,7.6,,,,,,一定規模以上工業付加価値（伸び率）
industry_va,350000,福建省,2024-05,,6.7,,,,,,一定規模以上工業付加価値（伸び率）
industry_va,350000,福建省,2024-06,,6.3,,,,,,一定規模以上工業付加価値（伸び率）
industry_va,350000,福建省,2024-07,,5.0,,,,,,一定規模以上工業付加価値（伸び率）
industry_va,350000,福建省,2024-08,,5.1,,,,,,一定規模以上工業付加価値（伸び率）
industry_va,350000,福建省,2024-09,,6.5,,,,,,一定規模以上工業付加価値（伸び率）
industry_va,350000,福建省,2024-10,,6.5,,,,,,一定規模以上工業付加価値（伸び率）
industry_va,350000,福建省,2024-11,,4.0,,,,,,一定規模以上工業付加価値（伸び率）
industry_va,350000,福建省,2024-12,,6.4,,,,,,一定規模以上工業付加価値（伸び率）
industry_va,350000,福建省,2025-02,,8.3,,,,,,一定規模以上工業付加価値（伸び率）
industry_va,350000,福建省,2025-03,,8.5,,,,,,一定規模以上工業付加価値（伸び率）
industry_va,350000,福建省,2025-04,,8.9,,,,,,一定規模以上工業付加価値（伸び率）
industry_va,350000,福建省,2025-05,,8.7,,,,,,一定規模以上工業付加価値（伸び率）
industry_va,350000,福建省,2025-06,,8.9,,,,,,一定規模以上工業付加価値（伸び率）
industry_va,350000,福建省,2025-07,,8.4,,,,,,一定規模以上工業付加価値（伸び率）
industry_va,350000,福建省,2025-08,,7.6,,,,,,一定規模以上工業付加価値（伸び率）
industry_va,350000,福建省,2025-09,,4.6,,,,,,一定規模以上工業付加価値（伸び率）
industry_va,350000,福建省,2025-10,,3.3,,,,,,一定規模以上工業付加価値（伸び率）
industry_va,350000,福建省,2025-11,,4.1,,,,,,一定規模以上工業付加価値（伸び率）
industry_va,350000,福建省,2025-12,,3.1,,,,,,一定規模以上工業付加価値（伸び率）
industry_va,350000,福建省,2026-02,,7.1,,,,,,一定規模以上工業付加価値（伸び率）
industry_va,350000,福建省,2026-03,,6.3,,,,,,一定規模以上工業付加価値（伸び率）
industry_va,350000,福建省,2026-04,,4.7,,,,,,一定規模以上工業付加価値（伸び率）
industry_va,350000,福建省,2026-05,,4.5,,,,,,一定規模以上工業付加価値（伸び率）
industry_va,350000,福建省,2026-06,,4.0,,,,,,一定規模以上工業付加価値（伸び率）
industry_va,360000,江西省,2024-02,,6.1,,,,,,一定規模以上工業付加価値（伸び率）
industry_va,360000,江西省,2024-03,,8.8,,,,,,一定規模以上工業付加価値（伸び率）
industry_va,360000,江西省,2024-04,,12.2,,,,,,一定規模以上工業付加価値（伸び率）
industry_va,360000,江西省,2024-05,,10.4,,,,,,一定規模以上工業付加価値（伸び率）
industry_va,360000,江西省,2024-06,,8.2,,,,,,一定規模以上工業付加価値（伸び率）
industry_va,360000,江西省,2024-07,,7.1,,,,,,一定規模以上工業付加価値（伸び率）
industry_va,360000,江西省,2024-08,,7.7,,,,,,一定規模以上工業付加価値（伸び率）
industry_va,360000,江西省,2024-09,,8.9,,,,,,一定規模以上工業付加価値（伸び率）
industry_va,360000,江西省,2024-10,,8.3,,,,,,一定規模以上工業付加価値（伸び率）
industry_va,360000,江西省,2024-11,,8.5,,,,,,一定規模以上工業付加価値（伸び率）
industry_va,360000,江西省,2024-12,,8.4,,,,,,一定規模以上工業付加価値（伸び率）
industry_va,360000,江西省,2025-02,,8.7,,,,,,一定規模以上工業付加価値（伸び率）
industry_va,360000,江西省,2025-03,,8.5,,,,,,一定規模以上工業付加価値（伸び率）
industry_va,360000,江西省,2025-04,,8.1,,,,,,一定規模以上工業付加価値（伸び率）
industry_va,360000,江西省,2025-05,,8.0,,,,,,一定規模以上工業付加価値（伸び率）
industry_va,360000,江西省,2025-06,,7.8,,,,,,一定規模以上工業付加価値（伸び率）
industry_va,360000,江西省,2025-07,,7.4,,,,,,一定規模以上工業付加価値（伸び率）
industry_va,360000,江西省,2025-08,,6.9,,,,,,一定規模以上工業付加価値（伸び率）
industry_va,360000,江西省,2025-09,,7.0,,,,,,一定規模以上工業付加価値（伸び率）
industry_va,360000,江西省,2025-10,,6.1,,,,,,一定規模以上工業付加価値（伸び率）
industry_va,360000,江西省,2025-11,,6.4,,,,,,一定規模以上工業付加価値（伸び率）
industry_va,360000,江西省,2025-12,,6.8,,,,,,一定規模以上工業付加価値（伸び率）
industry_va,360000,江西省,2026-02,,5.4,,,,,,一定規模以上工業付加価値（伸び率）
industry_va,360000,江西省,2026-03,,5.8,,,,,,一定規模以上工業付加価値（伸び率）
industry_va,360000,江西省,2026-04,,2.1,,,,,,一定規模以上工業付加価値（伸び率）
industry_va,360000,江西省,2026-05,,0.8,,,,,,一定規模以上工業付加価値（伸び率）
industry_va,360000,江西省,2026-06,,1.6,,,,,,一定規模以上工業付加価値（伸び率）
industry_va,370000,山东省,2024-02,,9.4,,,,,,一定規模以上工業付加価値（伸び率）
industry_va,370000,山东省,2024-03,,8.3,,,,,,一定規模以上工業付加価値（伸び率）
industry_va,370000,山东省,2024-04,,7.6,,,,,,一定規模以上工業付加価値（伸び率）
industry_va,370000,山东省,2024-05,,8.1,,,,,,一定規模以上工業付加価値（伸び率）
industry_va,370000,山东省,2024-06,,8.0,,,,,,一定規模以上工業付加価値（伸び率）
industry_va,370000,山东省,2024-07,,7.4,,,,,,一定規模以上工業付加価値（伸び率）
industry_va,370000,山东省,2024-08,,7.2,,,,,,一定規模以上工業付加価値（伸び率）
industry_va,370000,山东省,2024-09,,7.8,,,,,,一定規模以上工業付加価値（伸び率）
industry_va,370000,山东省,2024-10,,8.7,,,,,,一定規模以上工業付加価値（伸び率）
industry_va,370000,山东省,2024-11,,8.4,,,,,,一定規模以上工業付加価値（伸び率）
industry_va,370000,山东省,2024-12,,8.1,,,,,,一定規模以上工業付加価値（伸び率）
industry_va,370000,山东省,2025-02,,8.0,,,,,,一定規模以上工業付加価値（伸び率）
industry_va,370000,山东省,2025-03,,8.3,,,,,,一定規模以上工業付加価値（伸び率）
industry_va,370000,山东省,2025-04,,7.9,,,,,,一定規模以上工業付加価値（伸び率）
industry_va,370000,山东省,2025-05,,6.6,,,,,,一定規模以上工業付加価値（伸び率）
industry_va,370000,山东省,2025-06,,6.9,,,,,,一定規模以上工業付加価値（伸び率）
industry_va,370000,山东省,2025-07,,8.4,,,,,,一定規模以上工業付加価値（伸び率）
industry_va,370000,山东省,2025-08,,7.7,,,,,,一定規模以上工業付加価値（伸び率）
industry_va,370000,山东省,2025-09,,7.5,,,,,,一定規模以上工業付加価値（伸び率）
industry_va,370000,山东省,2025-10,,7.0,,,,,,一定規模以上工業付加価値（伸び率）
industry_va,370000,山东省,2025-11,,6.4,,,,,,一定規模以上工業付加価値（伸び率）
industry_va,370000,山东省,2025-12,,6.2,,,,,,一定規模以上工業付加価値（伸び率）
industry_va,370000,山东省,2026-02,,7.5,,,,,,一定規模以上工業付加価値（伸び率）
industry_va,370000,山东省,2026-03,,7.4,,,,,,一定規模以上工業付加価値（伸び率）
industry_va,370000,山东省,2026-04,,6.2,,,,,,一定規模以上工業付加価値（伸び率）
industry_va,370000,山东省,2026-05,,4.3,,,,,,一定規模以上工業付加価値（伸び率）
industry_va,370000,山东省,2026-06,,7.6,,,,,,一定規模以上工業付加価値（伸び率）
industry_va,410000,河南省,2024-02,,6.9,,,,,,一定規模以上工業付加価値（伸び率）
industry_va,410000,河南省,2024-03,,6.9,,,,,,一定規模以上工業付加価値（伸び率）
industry_va,410000,河南省,2024-04,,8.8,,,,,,一定規模以上工業付加価値（伸び率）
industry_va,410000,河南省,2024-05,,9.0,,,,,,一定規模以上工業付加価値（伸び率）
industry_va,410000,河南省,2024-06,,8.5,,,,,,一定規模以上工業付加価値（伸び率）
industry_va,410000,河南省,2024-07,,6.4,,,,,,一定規模以上工業付加価値（伸び率）
industry_va,410000,河南省,2024-08,,6.8,,,,,,一定規模以上工業付加価値（伸び率）
industry_va,410000,河南省,2024-09,,8.9,,,,,,一定規模以上工業付加価値（伸び率）
industry_va,410000,河南省,2024-10,,10.6,,,,,,一定規模以上工業付加価値（伸び率）
industry_va,410000,河南省,2024-11,,8.8,,,,,,一定規模以上工業付加価値（伸び率）
industry_va,410000,河南省,2024-12,,7.6,,,,,,一定規模以上工業付加価値（伸び率）
industry_va,410000,河南省,2025-02,,9.1,,,,,,一定規模以上工業付加価値（伸び率）
industry_va,410000,河南省,2025-03,,8.2,,,,,,一定規模以上工業付加価値（伸び率）
industry_va,410000,河南省,2025-04,,8.0,,,,,,一定規模以上工業付加価値（伸び率）
industry_va,410000,河南省,2025-05,,7.4,,,,,,一定規模以上工業付加価値（伸び率）
industry_va,410000,河南省,2025-06,,8.2,,,,,,一定規模以上工業付加価値（伸び率）
industry_va,410000,河南省,2025-07,,8.8,,,,,,一定規模以上工業付加価値（伸び率）
industry_va,410000,河南省,2025-08,,8.2,,,,,,一定規模以上工業付加価値（伸び率）
industry_va,410000,河南省,2025-09,,7.8,,,,,,一定規模以上工業付加価値（伸び率）
industry_va,410000,河南省,2025-10,,7.9,,,,,,一定規模以上工業付加価値（伸び率）
industry_va,410000,河南省,2025-11,,8.0,,,,,,一定規模以上工業付加価値（伸び率）
industry_va,410000,河南省,2025-12,,7.9,,,,,,一定規模以上工業付加価値（伸び率）
industry_va,410000,河南省,2026-02,,7.8,,,,,,一定規模以上工業付加価値（伸び率）
industry_va,410000,河南省,2026-03,,8.1,,,,,,一定規模以上工業付加価値（伸び率）
industry_va,410000,河南省,2026-04,,9.0,,,,,,一定規模以上工業付加価値（伸び率）
industry_va,410000,河南省,2026-05,,9.1,,,,,,一定規模以上工業付加価値（伸び率）
industry_va,410000,河南省,2026-06,,7.8,,,,,,一定規模以上工業付加価値（伸び率）
industry_va,420000,湖北省,2024-02,,7.9,,,,,,一定規模以上工業付加価値（伸び率）
industry_va,420000,湖北省,2024-03,,7.2,,,,,,一定規模以上工業付加価値（伸び率）
industry_va,420000,湖北省,2024-04,,7.5,,,,,,一定規模以上工業付加価値（伸び率）
industry_va,420000,湖北省,2024-05,,7.6,,,,,,一定規模以上工業付加価値（伸び率）
industry_va,420000,湖北省,2024-06,,8.6,,,,,,一定規模以上工業付加価値（伸び率）
industry_va,420000,湖北省,2024-07,,8.3,,,,,,一定規模以上工業付加価値（伸び率）
industry_va,420000,湖北省,2024-08,,8.7,,,,,,一定規模以上工業付加価値（伸び率）
industry_va,420000,湖北省,2024-09,,8.1,,,,,,一定規模以上工業付加価値（伸び率）
industry_va,420000,湖北省,2024-10,,3.9,,,,,,一定規模以上工業付加価値（伸び率）
industry_va,420000,湖北省,2024-11,,7.6,,,,,,一定規模以上工業付加価値（伸び率）
industry_va,420000,湖北省,2024-12,,7.5,,,,,,一定規模以上工業付加価値（伸び率）
industry_va,420000,湖北省,2025-02,,7.9,,,,,,一定規模以上工業付加価値（伸び率）
industry_va,420000,湖北省,2025-03,,8.4,,,,,,一定規模以上工業付加価値（伸び率）
industry_va,420000,湖北省,2025-04,,8.1,,,,,,一定規模以上工業付加価値（伸び率）
industry_va,420000,湖北省,2025-05,,8.1,,,,,,一定規模以上工業付加価値（伸び率）
industry_va,420000,湖北省,2025-06,,7.0,,,,,,一定規模以上工業付加価値（伸び率）
industry_va,420000,湖北省,2025-07,,7.7,,,,,,一定規模以上工業付加価値（伸び率）
industry_va,420000,湖北省,2025-08,,7.2,,,,,,一定規模以上工業付加価値（伸び率）
industry_va,420000,湖北省,2025-09,,6.9,,,,,,一定規模以上工業付加価値（伸び率）
industry_va,420000,湖北省,2025-10,,3.5,,,,,,一定規模以上工業付加価値（伸び率）
industry_va,420000,湖北省,2025-11,,4.2,,,,,,一定規模以上工業付加価値（伸び率）
industry_va,420000,湖北省,2025-12,,6.1,,,,,,一定規模以上工業付加価値（伸び率）
industry_va,420000,湖北省,2026-02,,7.8,,,,,,一定規模以上工業付加価値（伸び率）
industry_va,420000,湖北省,2026-03,,8.8,,,,,,一定規模以上工業付加価値（伸び率）
industry_va,420000,湖北省,2026-04,,8.8,,,,,,一定規模以上工業付加価値（伸び率）
industry_va,420000,湖北省,2026-05,,9.8,,,,,,一定規模以上工業付加価値（伸び率）
industry_va,420000,湖北省,2026-06,,10.4,,,,,,一定規模以上工業付加価値（伸び率）
industry_va,430000,湖南省,2024-02,,7.0,,,,,,一定規模以上工業付加価値（伸び率）
industry_va,430000,湖南省,2024-03,,8.6,,,,,,一定規模以上工業付加価値（伸び率）
industry_va,430000,湖南省,2024-04,,7.4,,,,,,一定規模以上工業付加価値（伸び率）
industry_va,430000,湖南省,2024-05,,4.2,,,,,,一定規模以上工業付加価値（伸び率）
industry_va,430000,湖南省,2024-06,,5.6,,,,,,一定規模以上工業付加価値（伸び率）
industry_va,430000,湖南省,2024-07,,7.5,,,,,,一定規模以上工業付加価値（伸び率）
industry_va,430000,湖南省,2024-08,,8.2,,,,,,一定規模以上工業付加価値（伸び率）
industry_va,430000,湖南省,2024-09,,5.4,,,,,,一定規模以上工業付加価値（伸び率）
industry_va,430000,湖南省,2024-10,,9.2,,,,,,一定規模以上工業付加価値（伸び率）
industry_va,430000,湖南省,2024-11,,7.7,,,,,,一定規模以上工業付加価値（伸び率）
industry_va,430000,湖南省,2024-12,,7.0,,,,,,一定規模以上工業付加価値（伸び率）
industry_va,430000,湖南省,2025-02,,7.5,,,,,,一定規模以上工業付加価値（伸び率）
industry_va,430000,湖南省,2025-03,,8.5,,,,,,一定規模以上工業付加価値（伸び率）
industry_va,430000,湖南省,2025-04,,8.1,,,,,,一定規模以上工業付加価値（伸び率）
industry_va,430000,湖南省,2025-05,,7.5,,,,,,一定規模以上工業付加価値（伸び率）
industry_va,430000,湖南省,2025-06,,8.1,,,,,,一定規模以上工業付加価値（伸び率）
industry_va,430000,湖南省,2025-07,,7.7,,,,,,一定規模以上工業付加価値（伸び率）
industry_va,430000,湖南省,2025-08,,7.7,,,,,,一定規模以上工業付加価値（伸び率）
industry_va,430000,湖南省,2025-09,,6.5,,,,,,一定規模以上工業付加価値（伸び率）
industry_va,430000,湖南省,2025-10,,-1.6,,,,,,一定規模以上工業付加価値（伸び率）
industry_va,430000,湖南省,2025-11,,-0.6,,,,,,一定規模以上工業付加価値（伸び率）
industry_va,430000,湖南省,2025-12,,3.9,,,,,,一定規模以上工業付加価値（伸び率）
industry_va,430000,湖南省,2026-02,,0.3,,,,,,一定規模以上工業付加価値（伸び率）
industry_va,430000,湖南省,2026-03,,5.3,,,,,,一定規模以上工業付加価値（伸び率）
industry_va,430000,湖南省,2026-04,,-3.8,,,,,,一定規模以上工業付加価値（伸び率）
industry_va,430000,湖南省,2026-05,,0.5,,,,,,一定規模以上工業付加価値（伸び率）
industry_va,430000,湖南省,2026-06,,5.5,,,,,,一定規模以上工業付加価値（伸び率）
industry_va,440000,广东省,2024-02,,10.6,,,,,,一定規模以上工業付加価値（伸び率）
industry_va,440000,广东省,2024-03,,-0.1,,,,,,一定規模以上工業付加価値（伸び率）
industry_va,440000,广东省,2024-04,,9.3,,,,,,一定規模以上工業付加価値（伸び率）
industry_va,440000,广东省,2024-05,,5.6,,,,,,一定規模以上工業付加価値（伸び率）
industry_va,440000,广东省,2024-06,,3.9,,,,,,一定規模以上工業付加価値（伸び率）
industry_va,440000,广东省,2024-07,,4.8,,,,,,一定規模以上工業付加価値（伸び率）
industry_va,440000,广东省,2024-08,,2.7,,,,,,一定規模以上工業付加価値（伸び率）
industry_va,440000,广东省,2024-09,,1.6,,,,,,一定規模以上工業付加価値（伸び率）
industry_va,440000,广东省,2024-10,,3.5,,,,,,一定規模以上工業付加価値（伸び率）
industry_va,440000,广东省,2024-11,,2.1,,,,,,一定規模以上工業付加価値（伸び率）
industry_va,440000,广东省,2024-12,,4.0,,,,,,一定規模以上工業付加価値（伸び率）
industry_va,440000,广东省,2025-02,,2.8,,,,,,一定規模以上工業付加価値（伸び率）
industry_va,440000,广东省,2025-03,,5.5,,,,,,一定規模以上工業付加価値（伸び率）
industry_va,440000,广东省,2025-04,,2.6,,,,,,一定規模以上工業付加価値（伸び率）
industry_va,440000,广东省,2025-05,,3.2,,,,,,一定規模以上工業付加価値（伸び率）
industry_va,440000,广东省,2025-06,,5.3,,,,,,一定規模以上工業付加価値（伸び率）
industry_va,440000,广东省,2025-07,,1.4,,,,,,一定規模以上工業付加価値（伸び率）
industry_va,440000,广东省,2025-08,,1.2,,,,,,一定規模以上工業付加価値（伸び率）
industry_va,440000,广东省,2025-09,,5.3,,,,,,一定規模以上工業付加価値（伸び率）
industry_va,440000,广东省,2025-10,,2.9,,,,,,一定規模以上工業付加価値（伸び率）
industry_va,440000,广东省,2025-11,,2.3,,,,,,一定規模以上工業付加価値（伸び率）
industry_va,440000,广东省,2025-12,,3.1,,,,,,一定規模以上工業付加価値（伸び率）
industry_va,440000,广东省,2026-02,,7.9,,,,,,一定規模以上工業付加価値（伸び率）
industry_va,440000,广东省,2026-03,,3.1,,,,,,一定規模以上工業付加価値（伸び率）
industry_va,440000,广东省,2026-04,,2.8,,,,,,一定規模以上工業付加価値（伸び率）
industry_va,440000,广东省,2026-05,,2.4,,,,,,一定規模以上工業付加価値（伸び率）
industry_va,440000,广东省,2026-06,,3.2,,,,,,一定規模以上工業付加価値（伸び率）
industry_va,450000,广西壮族自治区,2024-02,,7.4,,,,,,一定規模以上工業付加価値（伸び率）
industry_va,450000,广西壮族自治区,2024-03,,4.8,,,,,,一定規模以上工業付加価値（伸び率）
industry_va,450000,广西壮族自治区,2024-04,,9.8,,,,,,一定規模以上工業付加価値（伸び率）
industry_va,450000,广西壮族自治区,2024-05,,7.3,,,,,,一定規模以上工業付加価値（伸び率）
industry_va,450000,广西壮族自治区,2024-06,,9.4,,,,,,一定規模以上工業付加価値（伸び率）
industry_va,450000,广西壮族自治区,2024-07,,4.9,,,,,,一定規模以上工業付加価値（伸び率）
industry_va,450000,广西壮族自治区,2024-08,,4.5,,,,,,一定規模以上工業付加価値（伸び率）
industry_va,450000,广西壮族自治区,2024-09,,9.1,,,,,,一定規模以上工業付加価値（伸び率）
industry_va,450000,广西壮族自治区,2024-10,,7.4,,,,,,一定規模以上工業付加価値（伸び率）
industry_va,450000,广西壮族自治区,2024-11,,8.3,,,,,,一定規模以上工業付加価値（伸び率）
industry_va,450000,广西壮族自治区,2024-12,,3.5,,,,,,一定規模以上工業付加価値（伸び率）
industry_va,450000,广西壮族自治区,2025-02,,8.9,,,,,,一定規模以上工業付加価値（伸び率）
industry_va,450000,广西壮族自治区,2025-03,,8.7,,,,,,一定規模以上工業付加価値（伸び率）
industry_va,450000,广西壮族自治区,2025-04,,5.8,,,,,,一定規模以上工業付加価値（伸び率）
industry_va,450000,广西壮族自治区,2025-05,,8.8,,,,,,一定規模以上工業付加価値（伸び率）
industry_va,450000,广西壮族自治区,2025-06,,5.9,,,,,,一定規模以上工業付加価値（伸び率）
industry_va,450000,广西壮族自治区,2025-07,,8.3,,,,,,一定規模以上工業付加価値（伸び率）
industry_va,450000,广西壮族自治区,2025-08,,7.2,,,,,,一定規模以上工業付加価値（伸び率）
industry_va,450000,广西壮族自治区,2025-09,,7.2,,,,,,一定規模以上工業付加価値（伸び率）
industry_va,450000,广西壮族自治区,2025-10,,7.3,,,,,,一定規模以上工業付加価値（伸び率）
industry_va,450000,广西壮族自治区,2025-11,,7.0,,,,,,一定規模以上工業付加価値（伸び率）
industry_va,450000,广西壮族自治区,2025-12,,9.0,,,,,,一定規模以上工業付加価値（伸び率）
industry_va,450000,广西壮族自治区,2026-02,,5.2,,,,,,一定規模以上工業付加価値（伸び率）
industry_va,450000,广西壮族自治区,2026-03,,7.2,,,,,,一定規模以上工業付加価値（伸び率）
industry_va,450000,广西壮族自治区,2026-04,,4.0,,,,,,一定規模以上工業付加価値（伸び率）
industry_va,450000,广西壮族自治区,2026-05,,2.3,,,,,,一定規模以上工業付加価値（伸び率）
industry_va,450000,广西壮族自治区,2026-06,,2.4,,,,,,一定規模以上工業付加価値（伸び率）
industry_va,460000,海南省,2024-02,,10.1,,,,,,一定規模以上工業付加価値（伸び率）
industry_va,460000,海南省,2024-03,,-0.7,,,,,,一定規模以上工業付加価値（伸び率）
industry_va,460000,海南省,2024-04,,-1.0,,,,,,一定規模以上工業付加価値（伸び率）
industry_va,460000,海南省,2024-05,,12.5,,,,,,一定規模以上工業付加価値（伸び率）
industry_va,460000,海南省,2024-06,,16.8,,,,,,一定規模以上工業付加価値（伸び率）
industry_va,460000,海南省,2024-07,,15.0,,,,,,一定規模以上工業付加価値（伸び率）
industry_va,460000,海南省,2024-08,,4.7,,,,,,一定規模以上工業付加価値（伸び率）
industry_va,460000,海南省,2024-09,,2.7,,,,,,一定規模以上工業付加価値（伸び率）
industry_va,460000,海南省,2024-10,,8.2,,,,,,一定規模以上工業付加価値（伸び率）
industry_va,460000,海南省,2024-11,,-1.3,,,,,,一定規模以上工業付加価値（伸び率）
industry_va,460000,海南省,2024-12,,8.3,,,,,,一定規模以上工業付加価値（伸び率）
industry_va,460000,海南省,2025-02,,4.4,,,,,,一定規模以上工業付加価値（伸び率）
industry_va,460000,海南省,2025-03,,18.9,,,,,,一定規模以上工業付加価値（伸び率）
industry_va,460000,海南省,2025-04,,14.9,,,,,,一定規模以上工業付加価値（伸び率）
industry_va,460000,海南省,2025-05,,13.4,,,,,,一定規模以上工業付加価値（伸び率）
industry_va,460000,海南省,2025-06,,12.2,,,,,,一定規模以上工業付加価値（伸び率）
industry_va,460000,海南省,2025-07,,5.7,,,,,,一定規模以上工業付加価値（伸び率）
industry_va,460000,海南省,2025-08,,9.7,,,,,,一定規模以上工業付加価値（伸び率）
industry_va,460000,海南省,2025-09,,17.4,,,,,,一定規模以上工業付加価値（伸び率）
industry_va,460000,海南省,2025-10,,9.1,,,,,,一定規模以上工業付加価値（伸び率）
industry_va,460000,海南省,2025-11,,1.6,,,,,,一定規模以上工業付加価値（伸び率）
industry_va,460000,海南省,2025-12,,3.5,,,,,,一定規模以上工業付加価値（伸び率）
industry_va,460000,海南省,2026-02,,5.2,,,,,,一定規模以上工業付加価値（伸び率）
industry_va,460000,海南省,2026-03,,12.0,,,,,,一定規模以上工業付加価値（伸び率）
industry_va,460000,海南省,2026-04,,-0.2,,,,,,一定規模以上工業付加価値（伸び率）
industry_va,460000,海南省,2026-05,,-8.5,,,,,,一定規模以上工業付加価値（伸び率）
industry_va,460000,海南省,2026-06,,-11.3,,,,,,一定規模以上工業付加価値（伸び率）
industry_va,500000,重庆市,2024-02,,8.7,,,,,,一定規模以上工業付加価値（伸び率）
industry_va,500000,重庆市,2024-03,,8.5,,,,,,一定規模以上工業付加価値（伸び率）
industry_va,500000,重庆市,2024-04,,10.7,,,,,,一定規模以上工業付加価値（伸び率）
industry_va,500000,重庆市,2024-05,,9.9,,,,,,一定規模以上工業付加価値（伸び率）
industry_va,500000,重庆市,2024-06,,5.5,,,,,,一定規模以上工業付加価値（伸び率）
industry_va,500000,重庆市,2024-07,,6.9,,,,,,一定規模以上工業付加価値（伸び率）
industry_va,500000,重庆市,2024-08,,8.5,,,,,,一定規模以上工業付加価値（伸び率）
industry_va,500000,重庆市,2024-09,,6.5,,,,,,一定規模以上工業付加価値（伸び率）
industry_va,500000,重庆市,2024-10,,6.5,,,,,,一定規模以上工業付加価値（伸び率）
industry_va,500000,重庆市,2024-11,,5.9,,,,,,一定規模以上工業付加価値（伸び率）
industry_va,500000,重庆市,2024-12,,5.4,,,,,,一定規模以上工業付加価値（伸び率）
industry_va,500000,重庆市,2025-02,,2.2,,,,,,一定規模以上工業付加価値（伸び率）
industry_va,500000,重庆市,2025-03,,4.0,,,,,,一定規模以上工業付加価値（伸び率）
industry_va,500000,重庆市,2025-04,,5.9,,,,,,一定規模以上工業付加価値（伸び率）
industry_va,500000,重庆市,2025-05,,5.7,,,,,,一定規模以上工業付加価値（伸び率）
industry_va,500000,重庆市,2025-06,,7.9,,,,,,一定規模以上工業付加価値（伸び率）
industry_va,500000,重庆市,2025-07,,4.2,,,,,,一定規模以上工業付加価値（伸び率）
industry_va,500000,重庆市,2025-08,,6.1,,,,,,一定規模以上工業付加価値（伸び率）
industry_va,500000,重庆市,2025-09,,3.9,,,,,,一定規模以上工業付加価値（伸び率）
industry_va,500000,重庆市,2025-10,,5.2,,,,,,一定規模以上工業付加価値（伸び率）
industry_va,500000,重庆市,2025-11,,5.9,,,,,,一定規模以上工業付加価値（伸び率）
industry_va,500000,重庆市,2025-12,,4.8,,,,,,一定規模以上工業付加価値（伸び率）
industry_va,500000,重庆市,2026-02,,1.0,,,,,,一定規模以上工業付加価値（伸び率）
industry_va,500000,重庆市,2026-03,,6.8,,,,,,一定規模以上工業付加価値（伸び率）
industry_va,500000,重庆市,2026-04,,2.5,,,,,,一定規模以上工業付加価値（伸び率）
industry_va,500000,重庆市,2026-05,,3.5,,,,,,一定規模以上工業付加価値（伸び率）
industry_va,500000,重庆市,2026-06,,4.4,,,,,,一定規模以上工業付加価値（伸び率）
industry_va,510000,四川省,2024-02,,6.3,,,,,,一定規模以上工業付加価値（伸び率）
industry_va,510000,四川省,2024-03,,8.5,,,,,,一定規模以上工業付加価値（伸び率）
industry_va,510000,四川省,2024-04,,5.9,,,,,,一定規模以上工業付加価値（伸び率）
industry_va,510000,四川省,2024-05,,4.7,,,,,,一定規模以上工業付加価値（伸び率）
industry_va,510000,四川省,2024-06,,5.2,,,,,,一定規模以上工業付加価値（伸び率）
industry_va,510000,四川省,2024-07,,4.4,,,,,,一定規模以上工業付加価値（伸び率）
industry_va,510000,四川省,2024-08,,6.1,,,,,,一定規模以上工業付加価値（伸び率）
industry_va,510000,四川省,2024-09,,8.4,,,,,,一定規模以上工業付加価値（伸び率）
industry_va,510000,四川省,2024-10,,7.8,,,,,,一定規模以上工業付加価値（伸び率）
industry_va,510000,四川省,2024-11,,4.4,,,,,,一定規模以上工業付加価値（伸び率）
industry_va,510000,四川省,2024-12,,6.3,,,,,,一定規模以上工業付加価値（伸び率）
industry_va,510000,四川省,2025-02,,7.1,,,,,,一定規模以上工業付加価値（伸び率）
industry_va,510000,四川省,2025-03,,7.3,,,,,,一定規模以上工業付加価値（伸び率）
industry_va,510000,四川省,2025-04,,6.8,,,,,,一定規模以上工業付加価値（伸び率）
industry_va,510000,四川省,2025-05,,7.3,,,,,,一定規模以上工業付加価値（伸び率）
industry_va,510000,四川省,2025-06,,8.0,,,,,,一定規模以上工業付加価値（伸び率）
industry_va,510000,四川省,2025-07,,7.6,,,,,,一定規模以上工業付加価値（伸び率）
industry_va,510000,四川省,2025-08,,6.5,,,,,,一定規模以上工業付加価値（伸び率）
industry_va,510000,四川省,2025-09,,6.3,,,,,,一定規模以上工業付加価値（伸び率）
industry_va,510000,四川省,2025-10,,5.0,,,,,,一定規模以上工業付加価値（伸び率）
industry_va,510000,四川省,2025-11,,6.1,,,,,,一定規模以上工業付加価値（伸び率）
industry_va,510000,四川省,2025-12,,5.1,,,,,,一定規模以上工業付加価値（伸び率）
industry_va,510000,四川省,2026-02,,6.7,,,,,,一定規模以上工業付加価値（伸び率）
industry_va,510000,四川省,2026-03,,7.0,,,,,,一定規模以上工業付加価値（伸び率）
industry_va,510000,四川省,2026-04,,3.5,,,,,,一定規模以上工業付加価値（伸び率）
industry_va,510000,四川省,2026-05,,4.3,,,,,,一定規模以上工業付加価値（伸び率）
industry_va,510000,四川省,2026-06,,7.5,,,,,,一定規模以上工業付加価値（伸び率）
industry_va,520000,贵州省,2024-02,,11.8,,,,,,一定規模以上工業付加価値（伸び率）
industry_va,520000,贵州省,2024-03,,3.8,,,,,,一定規模以上工業付加価値（伸び率）
industry_va,520000,贵州省,2024-04,,4.4,,,,,,一定規模以上工業付加価値（伸び率）
industry_va,520000,贵州省,2024-05,,6.9,,,,,,一定規模以上工業付加価値（伸び率）
industry_va,520000,贵州省,2024-06,,10.7,,,,,,一定規模以上工業付加価値（伸び率）
industry_va,520000,贵州省,2024-07,,6.9,,,,,,一定規模以上工業付加価値（伸び率）
industry_va,520000,贵州省,2024-08,,7.3,,,,,,一定規模以上工業付加価値（伸び率）
industry_va,520000,贵州省,2024-09,,8.3,,,,,,一定規模以上工業付加価値（伸び率）
industry_va,520000,贵州省,2024-10,,7.9,,,,,,一定規模以上工業付加価値（伸び率）
industry_va,520000,贵州省,2024-11,,6.9,,,,,,一定規模以上工業付加価値（伸び率）
industry_va,520000,贵州省,2024-12,,8.2,,,,,,一定規模以上工業付加価値（伸び率）
industry_va,520000,贵州省,2025-02,,9.9,,,,,,一定規模以上工業付加価値（伸び率）
industry_va,520000,贵州省,2025-03,,10.9,,,,,,一定規模以上工業付加価値（伸び率）
industry_va,520000,贵州省,2025-04,,8.2,,,,,,一定規模以上工業付加価値（伸び率）
industry_va,520000,贵州省,2025-05,,7.6,,,,,,一定規模以上工業付加価値（伸び率）
industry_va,520000,贵州省,2025-06,,9.6,,,,,,一定規模以上工業付加価値（伸び率）
industry_va,520000,贵州省,2025-07,,5.4,,,,,,一定規模以上工業付加価値（伸び率）
industry_va,520000,贵州省,2025-08,,3.9,,,,,,一定規模以上工業付加価値（伸び率）
industry_va,520000,贵州省,2025-09,,4.2,,,,,,一定規模以上工業付加価値（伸び率）
industry_va,520000,贵州省,2025-10,,4.6,,,,,,一定規模以上工業付加価値（伸び率）
industry_va,520000,贵州省,2025-11,,5.6,,,,,,一定規模以上工業付加価値（伸び率）
industry_va,520000,贵州省,2025-12,,5.5,,,,,,一定規模以上工業付加価値（伸び率）
industry_va,520000,贵州省,2026-02,,8.8,,,,,,一定規模以上工業付加価値（伸び率）
industry_va,520000,贵州省,2026-03,,4.3,,,,,,一定規模以上工業付加価値（伸び率）
industry_va,520000,贵州省,2026-04,,-4.5,,,,,,一定規模以上工業付加価値（伸び率）
industry_va,520000,贵州省,2026-05,,0.8,,,,,,一定規模以上工業付加価値（伸び率）
industry_va,520000,贵州省,2026-06,,9.8,,,,,,一定規模以上工業付加価値（伸び率）
industry_va,530000,云南省,2024-02,,5.3,,,,,,一定規模以上工業付加価値（伸び率）
industry_va,530000,云南省,2024-03,,5.1,,,,,,一定規模以上工業付加価値（伸び率）
industry_va,530000,云南省,2024-04,,8.6,,,,,,一定規模以上工業付加価値（伸び率）
industry_va,530000,云南省,2024-05,,0.5,,,,,,一定規模以上工業付加価値（伸び率）
industry_va,530000,云南省,2024-06,,0.0,,,,,,一定規模以上工業付加価値（伸び率）
industry_va,530000,云南省,2024-07,,-1.9,,,,,,一定規模以上工業付加価値（伸び率）
industry_va,530000,云南省,2024-08,,4.5,,,,,,一定規模以上工業付加価値（伸び率）
industry_va,530000,云南省,2024-09,,-0.5,,,,,,一定規模以上工業付加価値（伸び率）
industry_va,530000,云南省,2024-10,,-0.7,,,,,,一定規模以上工業付加価値（伸び率）
industry_va,530000,云南省,2024-11,,-0.6,,,,,,一定規模以上工業付加価値（伸び率）
industry_va,530000,云南省,2024-12,,5.9,,,,,,一定規模以上工業付加価値（伸び率）
industry_va,530000,云南省,2025-02,,3.2,,,,,,一定規模以上工業付加価値（伸び率）
industry_va,530000,云南省,2025-03,,8.4,,,,,,一定規模以上工業付加価値（伸び率）
industry_va,530000,云南省,2025-04,,5.2,,,,,,一定規模以上工業付加価値（伸び率）
industry_va,530000,云南省,2025-05,,3.5,,,,,,一定規模以上工業付加価値（伸び率）
industry_va,530000,云南省,2025-06,,7.0,,,,,,一定規模以上工業付加価値（伸び率）
industry_va,530000,云南省,2025-07,,3.8,,,,,,一定規模以上工業付加価値（伸び率）
industry_va,530000,云南省,2025-08,,0.9,,,,,,一定規模以上工業付加価値（伸び率）
industry_va,530000,云南省,2025-09,,7.0,,,,,,一定規模以上工業付加価値（伸び率）
industry_va,530000,云南省,2025-10,,4.0,,,,,,一定規模以上工業付加価値（伸び率）
industry_va,530000,云南省,2025-11,,1.9,,,,,,一定規模以上工業付加価値（伸び率）
industry_va,530000,云南省,2025-12,,-2.4,,,,,,一定規模以上工業付加価値（伸び率）
industry_va,530000,云南省,2026-02,,-0.5,,,,,,一定規模以上工業付加価値（伸び率）
industry_va,530000,云南省,2026-03,,2.5,,,,,,一定規模以上工業付加価値（伸び率）
industry_va,530000,云南省,2026-04,,-5.4,,,,,,一定規模以上工業付加価値（伸び率）
industry_va,530000,云南省,2026-05,,-1.9,,,,,,一定規模以上工業付加価値（伸び率）
industry_va,530000,云南省,2026-06,,2.4,,,,,,一定規模以上工業付加価値（伸び率）
industry_va,540000,西藏自治区,2024-02,,5.8,,,,,,一定規模以上工業付加価値（伸び率）
industry_va,540000,西藏自治区,2024-03,,20.9,,,,,,一定規模以上工業付加価値（伸び率）
industry_va,540000,西藏自治区,2024-04,,19.2,,,,,,一定規模以上工業付加価値（伸び率）
industry_va,540000,西藏自治区,2024-05,,38.2,,,,,,一定規模以上工業付加価値（伸び率）
industry_va,540000,西藏自治区,2024-06,,20.8,,,,,,一定規模以上工業付加価値（伸び率）
industry_va,540000,西藏自治区,2024-07,,14.5,,,,,,一定規模以上工業付加価値（伸び率）
industry_va,540000,西藏自治区,2024-08,,15.2,,,,,,一定規模以上工業付加価値（伸び率）
industry_va,540000,西藏自治区,2024-09,,20.1,,,,,,一定規模以上工業付加価値（伸び率）
industry_va,540000,西藏自治区,2024-10,,24.2,,,,,,一定規模以上工業付加価値（伸び率）
industry_va,540000,西藏自治区,2024-11,,23.2,,,,,,一定規模以上工業付加価値（伸び率）
industry_va,540000,西藏自治区,2024-12,,23.3,,,,,,一定規模以上工業付加価値（伸び率）
industry_va,540000,西藏自治区,2025-02,,18.0,,,,,,一定規模以上工業付加価値（伸び率）
industry_va,540000,西藏自治区,2025-03,,17.6,,,,,,一定規模以上工業付加価値（伸び率）
industry_va,540000,西藏自治区,2025-04,,13.9,,,,,,一定規模以上工業付加価値（伸び率）
industry_va,540000,西藏自治区,2025-05,,12.6,,,,,,一定規模以上工業付加価値（伸び率）
industry_va,540000,西藏自治区,2025-06,,10.0,,,,,,一定規模以上工業付加価値（伸び率）
industry_va,540000,西藏自治区,2025-07,,11.2,,,,,,一定規模以上工業付加価値（伸び率）
industry_va,540000,西藏自治区,2025-08,,6.4,,,,,,一定規模以上工業付加価値（伸び率）
industry_va,540000,西藏自治区,2025-09,,10.1,,,,,,一定規模以上工業付加価値（伸び率）
industry_va,540000,西藏自治区,2025-10,,2.5,,,,,,一定規模以上工業付加価値（伸び率）
industry_va,540000,西藏自治区,2025-11,,-0.3,,,,,,一定規模以上工業付加価値（伸び率）
industry_va,540000,西藏自治区,2025-12,,12.5,,,,,,一定規模以上工業付加価値（伸び率）
industry_va,540000,西藏自治区,2026-02,,22.2,,,,,,一定規模以上工業付加価値（伸び率）
industry_va,540000,西藏自治区,2026-03,,18.5,,,,,,一定規模以上工業付加価値（伸び率）
industry_va,540000,西藏自治区,2026-04,,22.0,,,,,,一定規模以上工業付加価値（伸び率）
industry_va,540000,西藏自治区,2026-05,,18.9,,,,,,一定規模以上工業付加価値（伸び率）
industry_va,540000,西藏自治区,2026-06,,23.1,,,,,,一定規模以上工業付加価値（伸び率）
industry_va,610000,陕西省,2024-02,,5.8,,,,,,一定規模以上工業付加価値（伸び率）
industry_va,610000,陕西省,2024-03,,9.2,,,,,,一定規模以上工業付加価値（伸び率）
industry_va,610000,陕西省,2024-04,,5.4,,,,,,一定規模以上工業付加価値（伸び率）
industry_va,610000,陕西省,2024-05,,8.3,,,,,,一定規模以上工業付加価値（伸び率）
industry_va,610000,陕西省,2024-06,,7.9,,,,,,一定規模以上工業付加価値（伸び率）
industry_va,610000,陕西省,2024-07,,7.9,,,,,,一定規模以上工業付加価値（伸び率）
industry_va,610000,陕西省,2024-08,,4.0,,,,,,一定規模以上工業付加価値（伸び率）
industry_va,610000,陕西省,2024-09,,7.5,,,,,,一定規模以上工業付加価値（伸び率）
industry_va,610000,陕西省,2024-10,,7.5,,,,,,一定規模以上工業付加価値（伸び率）
industry_va,610000,陕西省,2024-11,,6.8,,,,,,一定規模以上工業付加価値（伸び率）
industry_va,610000,陕西省,2024-12,,10.5,,,,,,一定規模以上工業付加価値（伸び率）
industry_va,610000,陕西省,2025-02,,9.2,,,,,,一定規模以上工業付加価値（伸び率）
industry_va,610000,陕西省,2025-03,,11.4,,,,,,一定規模以上工業付加価値（伸び率）
industry_va,610000,陕西省,2025-04,,8.6,,,,,,一定規模以上工業付加価値（伸び率）
industry_va,610000,陕西省,2025-05,,7.7,,,,,,一定規模以上工業付加価値（伸び率）
industry_va,610000,陕西省,2025-06,,8.4,,,,,,一定規模以上工業付加価値（伸び率）
industry_va,610000,陕西省,2025-07,,7.8,,,,,,一定規模以上工業付加価値（伸び率）
industry_va,610000,陕西省,2025-08,,4.4,,,,,,一定規模以上工業付加価値（伸び率）
industry_va,610000,陕西省,2025-09,,8.9,,,,,,一定規模以上工業付加価値（伸び率）
industry_va,610000,陕西省,2025-10,,4.8,,,,,,一定規模以上工業付加価値（伸び率）
industry_va,610000,陕西省,2025-11,,0.7,,,,,,一定規模以上工業付加価値（伸び率）
industry_va,610000,陕西省,2025-12,,4.6,,,,,,一定規模以上工業付加価値（伸び率）
industry_va,610000,陕西省,2026-02,,4.1,,,,,,一定規模以上工業付加価値（伸び率）
industry_va,610000,陕西省,2026-03,,5.2,,,,,,一定規模以上工業付加価値（伸び率）
industry_va,610000,陕西省,2026-04,,4.0,,,,,,一定規模以上工業付加価値（伸び率）
industry_va,610000,陕西省,2026-05,,4.5,,,,,,一定規模以上工業付加価値（伸び率）
industry_va,610000,陕西省,2026-06,,3.3,,,,,,一定規模以上工業付加価値（伸び率）
industry_va,620000,甘肃省,2024-02,,10.6,,,,,,一定規模以上工業付加価値（伸び率）
industry_va,620000,甘肃省,2024-03,,12.8,,,,,,一定規模以上工業付加価値（伸び率）
industry_va,620000,甘肃省,2024-04,,12.6,,,,,,一定規模以上工業付加価値（伸び率）
industry_va,620000,甘肃省,2024-05,,9.0,,,,,,一定規模以上工業付加価値（伸び率）
industry_va,620000,甘肃省,2024-06,,13.8,,,,,,一定規模以上工業付加価値（伸び率）
industry_va,620000,甘肃省,2024-07,,20.4,,,,,,一定規模以上工業付加価値（伸び率）
industry_va,620000,甘肃省,2024-08,,11.6,,,,,,一定規模以上工業付加価値（伸び率）
industry_va,620000,甘肃省,2024-09,,7.8,,,,,,一定規模以上工業付加価値（伸び率）
industry_va,620000,甘肃省,2024-10,,6.1,,,,,,一定規模以上工業付加価値（伸び率）
industry_va,620000,甘肃省,2024-11,,7.3,,,,,,一定規模以上工業付加価値（伸び率）
industry_va,620000,甘肃省,2024-12,,9.0,,,,,,一定規模以上工業付加価値（伸び率）
industry_va,620000,甘肃省,2025-02,,9.0,,,,,,一定規模以上工業付加価値（伸び率）
industry_va,620000,甘肃省,2025-03,,16.1,,,,,,一定規模以上工業付加価値（伸び率）
industry_va,620000,甘肃省,2025-04,,8.0,,,,,,一定規模以上工業付加価値（伸び率）
industry_va,620000,甘肃省,2025-05,,8.9,,,,,,一定規模以上工業付加価値（伸び率）
industry_va,620000,甘肃省,2025-06,,10.4,,,,,,一定規模以上工業付加価値（伸び率）
industry_va,620000,甘肃省,2025-07,,6.5,,,,,,一定規模以上工業付加価値（伸び率）
industry_va,620000,甘肃省,2025-08,,6.0,,,,,,一定規模以上工業付加価値（伸び率）
industry_va,620000,甘肃省,2025-09,,14.1,,,,,,一定規模以上工業付加価値（伸び率）
industry_va,620000,甘肃省,2025-10,,6.8,,,,,,一定規模以上工業付加価値（伸び率）
industry_va,620000,甘肃省,2025-11,,9.5,,,,,,一定規模以上工業付加価値（伸び率）
industry_va,620000,甘肃省,2025-12,,7.7,,,,,,一定規模以上工業付加価値（伸び率）
industry_va,620000,甘肃省,2026-02,,11.4,,,,,,一定規模以上工業付加価値（伸び率）
industry_va,620000,甘肃省,2026-03,,8.3,,,,,,一定規模以上工業付加価値（伸び率）
industry_va,620000,甘肃省,2026-04,,6.0,,,,,,一定規模以上工業付加価値（伸び率）
industry_va,620000,甘肃省,2026-05,,6.6,,,,,,一定規模以上工業付加価値（伸び率）
industry_va,620000,甘肃省,2026-06,,6.5,,,,,,一定規模以上工業付加価値（伸び率）
industry_va,630000,青海省,2024-02,,-4.7,,,,,,一定規模以上工業付加価値（伸び率）
industry_va,630000,青海省,2024-03,,-6.9,,,,,,一定規模以上工業付加価値（伸び率）
industry_va,630000,青海省,2024-04,,7.2,,,,,,一定規模以上工業付加価値（伸び率）
industry_va,630000,青海省,2024-05,,6.0,,,,,,一定規模以上工業付加価値（伸び率）
industry_va,630000,青海省,2024-06,,0.8,,,,,,一定規模以上工業付加価値（伸び率）
industry_va,630000,青海省,2024-07,,-7.3,,,,,,一定規模以上工業付加価値（伸び率）
industry_va,630000,青海省,2024-08,,-2.2,,,,,,一定規模以上工業付加価値（伸び率）
industry_va,630000,青海省,2024-09,,1.9,,,,,,一定規模以上工業付加価値（伸び率）
industry_va,630000,青海省,2024-10,,-4.5,,,,,,一定規模以上工業付加価値（伸び率）
industry_va,630000,青海省,2024-11,,3.8,,,,,,一定規模以上工業付加価値（伸び率）
industry_va,630000,青海省,2024-12,,10.6,,,,,,一定規模以上工業付加価値（伸び率）
industry_va,630000,青海省,2025-02,,5.9,,,,,,一定規模以上工業付加価値（伸び率）
industry_va,630000,青海省,2025-03,,7.3,,,,,,一定規模以上工業付加価値（伸び率）
industry_va,630000,青海省,2025-04,,7.3,,,,,,一定規模以上工業付加価値（伸び率）
industry_va,630000,青海省,2025-05,,-0.2,,,,,,一定規模以上工業付加価値（伸び率）
industry_va,630000,青海省,2025-06,,9.2,,,,,,一定規模以上工業付加価値（伸び率）
industry_va,630000,青海省,2025-07,,9.6,,,,,,一定規模以上工業付加価値（伸び率）
industry_va,630000,青海省,2025-08,,5.8,,,,,,一定規模以上工業付加価値（伸び率）
industry_va,630000,青海省,2025-09,,-0.8,,,,,,一定規模以上工業付加価値（伸び率）
industry_va,630000,青海省,2025-10,,15.4,,,,,,一定規模以上工業付加価値（伸び率）
industry_va,630000,青海省,2025-11,,8.9,,,,,,一定規模以上工業付加価値（伸び率）
industry_va,630000,青海省,2025-12,,11.4,,,,,,一定規模以上工業付加価値（伸び率）
industry_va,630000,青海省,2026-02,,16.3,,,,,,一定規模以上工業付加価値（伸び率）
industry_va,630000,青海省,2026-03,,5.4,,,,,,一定規模以上工業付加価値（伸び率）
industry_va,630000,青海省,2026-04,,4.1,,,,,,一定規模以上工業付加価値（伸び率）
industry_va,630000,青海省,2026-05,,9.5,,,,,,一定規模以上工業付加価値（伸び率）
industry_va,630000,青海省,2026-06,,4.1,,,,,,一定規模以上工業付加価値（伸び率）
industry_va,640000,宁夏回族自治区,2024-02,,14.4,,,,,,一定規模以上工業付加価値（伸び率）
industry_va,640000,宁夏回族自治区,2024-03,,13.5,,,,,,一定規模以上工業付加価値（伸び率）
industry_va,640000,宁夏回族自治区,2024-04,,11.5,,,,,,一定規模以上工業付加価値（伸び率）
industry_va,640000,宁夏回族自治区,2024-05,,13.6,,,,,,一定規模以上工業付加価値（伸び率）
industry_va,640000,宁夏回族自治区,2024-06,,5.6,,,,,,一定規模以上工業付加価値（伸び率）
industry_va,640000,宁夏回族自治区,2024-07,,1.8,,,,,,一定規模以上工業付加価値（伸び率）
industry_va,640000,宁夏回族自治区,2024-08,,-2.3,,,,,,一定規模以上工業付加価値（伸び率）
industry_va,640000,宁夏回族自治区,2024-09,,9.8,,,,,,一定規模以上工業付加価値（伸び率）
industry_va,640000,宁夏回族自治区,2024-10,,6.4,,,,,,一定規模以上工業付加価値（伸び率）
industry_va,640000,宁夏回族自治区,2024-11,,7.0,,,,,,一定規模以上工業付加価値（伸び率）
industry_va,640000,宁夏回族自治区,2024-12,,11.4,,,,,,一定規模以上工業付加価値（伸び率）
industry_va,640000,宁夏回族自治区,2025-02,,6.2,,,,,,一定規模以上工業付加価値（伸び率）
industry_va,640000,宁夏回族自治区,2025-03,,15.7,,,,,,一定規模以上工業付加価値（伸び率）
industry_va,640000,宁夏回族自治区,2025-04,,4.3,,,,,,一定規模以上工業付加価値（伸び率）
industry_va,640000,宁夏回族自治区,2025-05,,7.0,,,,,,一定規模以上工業付加価値（伸び率）
industry_va,640000,宁夏回族自治区,2025-06,,11.7,,,,,,一定規模以上工業付加価値（伸び率）
industry_va,640000,宁夏回族自治区,2025-07,,3.4,,,,,,一定規模以上工業付加価値（伸び率）
industry_va,640000,宁夏回族自治区,2025-08,,9.0,,,,,,一定規模以上工業付加価値（伸び率）
industry_va,640000,宁夏回族自治区,2025-09,,9.9,,,,,,一定規模以上工業付加価値（伸び率）
industry_va,640000,宁夏回族自治区,2025-10,,-0.2,,,,,,一定規模以上工業付加価値（伸び率）
industry_va,640000,宁夏回族自治区,2025-11,,5.3,,,,,,一定規模以上工業付加価値（伸び率）
industry_va,640000,宁夏回族自治区,2025-12,,8.5,,,,,,一定規模以上工業付加価値（伸び率）
industry_va,640000,宁夏回族自治区,2026-02,,5.6,,,,,,一定規模以上工業付加価値（伸び率）
industry_va,640000,宁夏回族自治区,2026-03,,6.6,,,,,,一定規模以上工業付加価値（伸び率）
industry_va,640000,宁夏回族自治区,2026-04,,6.5,,,,,,一定規模以上工業付加価値（伸び率）
industry_va,640000,宁夏回族自治区,2026-05,,6.8,,,,,,一定規模以上工業付加価値（伸び率）
industry_va,640000,宁夏回族自治区,2026-06,,11.2,,,,,,一定規模以上工業付加価値（伸び率）
industry_va,650000,新疆维吾尔自治区,2024-02,,9.4,,,,,,一定規模以上工業付加価値（伸び率）
industry_va,650000,新疆维吾尔自治区,2024-03,,4.2,,,,,,一定規模以上工業付加価値（伸び率）
industry_va,650000,新疆维吾尔自治区,2024-04,,6.5,,,,,,一定規模以上工業付加価値（伸び率）
industry_va,650000,新疆维吾尔自治区,2024-05,,8.3,,,,,,一定規模以上工業付加価値（伸び率）
industry_va,650000,新疆维吾尔自治区,2024-06,,11.8,,,,,,一定規模以上工業付加価値（伸び率）
industry_va,650000,新疆维吾尔自治区,2024-07,,4.0,,,,,,一定規模以上工業付加価値（伸び率）
industry_va,650000,新疆维吾尔自治区,2024-08,,4.1,,,,,,一定規模以上工業付加価値（伸び率）
industry_va,650000,新疆维吾尔自治区,2024-09,,5.9,,,,,,一定規模以上工業付加価値（伸び率）
industry_va,650000,新疆维吾尔自治区,2024-10,,8.0,,,,,,一定規模以上工業付加価値（伸び率）
industry_va,650000,新疆维吾尔自治区,2024-11,,7.6,,,,,,一定規模以上工業付加価値（伸び率）
industry_va,650000,新疆维吾尔自治区,2024-12,,8.8,,,,,,一定規模以上工業付加価値（伸び率）
industry_va,650000,新疆维吾尔自治区,2025-02,,4.1,,,,,,一定規模以上工業付加価値（伸び率）
industry_va,650000,新疆维吾尔自治区,2025-03,,10.4,,,,,,一定規模以上工業付加価値（伸び率）
industry_va,650000,新疆维吾尔自治区,2025-04,,5.8,,,,,,一定規模以上工業付加価値（伸び率）
industry_va,650000,新疆维吾尔自治区,2025-05,,7.9,,,,,,一定規模以上工業付加価値（伸び率）
industry_va,650000,新疆维吾尔自治区,2025-06,,12.0,,,,,,一定規模以上工業付加価値（伸び率）
industry_va,650000,新疆维吾尔自治区,2025-07,,6.8,,,,,,一定規模以上工業付加価値（伸び率）
industry_va,650000,新疆维吾尔自治区,2025-08,,5.8,,,,,,一定規模以上工業付加価値（伸び率）
industry_va,650000,新疆维吾尔自治区,2025-09,,8.9,,,,,,一定規模以上工業付加価値（伸び率）
industry_va,650000,新疆维吾尔自治区,2025-10,,4.4,,,,,,一定規模以上工業付加価値（伸び率）
industry_va,650000,新疆维吾尔自治区,2025-11,,9.8,,,,,,一定規模以上工業付加価値（伸び率）
industry_va,650000,新疆维吾尔自治区,2025-12,,11.4,,,,,,一定規模以上工業付加価値（伸び率）
industry_va,650000,新疆维吾尔自治区,2026-02,,7.8,,,,,,一定規模以上工業付加価値（伸び率）
industry_va,650000,新疆维吾尔自治区,2026-03,,6.0,,,,,,一定規模以上工業付加価値（伸び率）
industry_va,650000,新疆维吾尔自治区,2026-04,,6.6,,,,,,一定規模以上工業付加価値（伸び率）
industry_va,650000,新疆维吾尔自治区,2026-05,,9.3,,,,,,一定規模以上工業付加価値（伸び率）
industry_va,650000,新疆维吾尔自治区,2026-06,,7.4,,,,,,一定規模以上工業付加価値（伸び率）
re_investment,000000,全国,2024-02,11841.7253,,,,,,,不動産開発投資完成額（累計）
re_investment,000000,全国,2024-03,22082.3728,,,,86.47935364621236,10240.647500000001,,不動産開発投資完成額（累計）
re_investment,000000,全国,2024-04,30927.7999,,,,40.056506518176334,8845.4271,-13.624337718879598,不動産開発投資完成額（累計）
re_investment,000000,全国,2024-05,40632.3534,,,,31.378091979960065,9704.553499999998,9.712661585329174,不動産開発投資完成額（累計）
re_investment,000000,全国,2024-06,52528.8258,,,,29.278324794251276,11896.472399999999,22.586499214003,不動産開発投資完成額（累計）
re_investment,000000,全国,2024-07,60877.4211,,,,15.893359832155252,8348.5953,-29.822933897614877,不動産開発投資完成額（累計）
re_investment,000000,全国,2024-08,69283.5502,,,,13.80828712535591,8406.129099999998,0.6891434778255157,不動産開発投資完成額（累計）
re_investment,000000,全国,2024-09,78680.2837,,,,13.562719394249513,9396.733500000002,11.784311045139727,不動産開発投資完成額（累計）
re_investment,000000,全国,2024-10,86308.854,,,,9.695656829463118,7628.570300000007,-18.816785641521015,不動産開発投資完成額（累計）
re_investment,000000,全国,2024-11,93634.0983,,,,8.487245468466064,7325.244299999991,-3.9761841088364225,不動産開発投資完成額（累計）
re_investment,000000,全国,2024-12,100280.2129,,,,7.097964011685254,6646.114600000001,-9.271086016885356,不動産開発投資完成額（累計）
re_investment,000000,全国,2025-02,10719.7377,,-9.474865963999356,,,,,不動産開発投資完成額（累計）
re_investment,000000,全国,2025-03,19904.1692,,-9.863992514427622,,85.67776336542265,9184.4315,,不動産開発投資完成額（累計）
re_investment,000000,全国,2025-04,27729.57,,-10.3409550965182,,39.31538524099765,7825.400799999999,-14.797112918747345,不動産開発投資完成額（累計）
re_investment,000000,全国,2025-05,36233.84,,-10.825150482177104,,30.66859673626383,8504.269999999997,8.675200380790681,不動産開発投資完成額（累計）
re_investment,000000,全国,2025-06,46657.56,,-11.177226428693565,,28.76791419292022,10423.720000000001,22.570426385803888,不動産開発投資完成額（累計）
re_investment,000000,全国,2025-07,53579.77,,-11.987451124141002,,14.836202321767367,6922.209999999999,-33.59175035400032,不動産開発投資完成額（累計）
re_investment,000000,全国,2025-08,60309.19,,-12.953089404474538,,12.55962838213005,6729.4200000000055,-2.785093200003952,不動産開発投資完成額（累計）
re_investment,000000,全国,2025-09,67705.71,,-13.94831485591097,,12.264333180399213,7396.520000000004,9.913187169176506,不動産開発投資完成額（累計）
re_investment,000000,全国,2025-10,73562.7,,-14.768072346320348,,8.650658858757975,5856.989999999991,-20.81424778138925,不動産開発投資完成額（累計）
re_investment,000000,全国,2025-11,78590.9,,-16.06594026441327,,6.835257542205486,5028.199999999997,-14.150442462766621,不動産開発投資完成額（累計）
re_investment,000000,全国,2025-12,82788.14,,-17.443194817947983,,5.340618315861012,4197.240000000005,-16.525993397239414,不動産開発投資完成額（累計）
re_investment,000000,全国,2026-02,9612.11,,-10.332600768766941,,,,,不動産開発投資完成額（累計）
re_investment,000000,全国,2026-03,17719.91,,-10.973877774310726,,84.34984618361628,8107.799999999999,,不動産開発投資完成額（累計）
re_investment,000000,全国,2026-04,23969.4,,-13.56014536107123,,35.26818138466845,6249.490000000002,-22.92002762771649,不動産開発投資完成額（累計）
re_investment,000000,全国,2026-05,30355.68,,-16.22284582589093,,26.643470424791605,6386.279999999999,2.188818607598342,不動産開発投資完成額（累計）
re_investment,000000,全国,2026-06,38073.7,,-18.39757586980545,,25.425291082262014,7718.019999999997,20.853141421923226,不動産開発投資完成額（累計）
re_investment,110000,北京市,2024-02,462.391,,,,,,,不動産開発投資完成額（累計）
re_investment,110000,北京市,2024-03,942.8623,,,,103.9101755873276,480.4713,,不動産開発投資完成額（累計）
re_investment,110000,北京市,2024-04,1248.3735,,,,32.402525798305845,305.5111999999999,-36.41426657533968,不動産開発投資完成額（累計）
re_investment,110000,北京市,2024-05,1684.7382,,,,34.954659002293795,436.3647000000001,42.83099932179253,不動産開発投資完成額（累計）
re_investment,110000,北京市,2024-06,2228.0301,,,,32.24785310857199,543.2918999999999,24.50409027127993,不動産開発投資完成額（累計）
re_investment,110000,北京市,2024-07,2537.5213,,,,13.890799769715855,309.49119999999994,-43.034085360006294,不動産開発投資完成額（累計）
re_investment,110000,北京市,2024-08,2906.177,,,,14.528181497432179,368.65570000000025,19.116698633111472,不動産開発投資完成額（累計）
re_investment,110000,北京市,2024-09,3306.2654,,,,13.766828379689189,400.0884000000001,8.526302455109146,不動産開発投資完成額（累計）
re_investment,110000,北京市,2024-10,3466.5095,,,,4.846679882383298,160.2440999999999,-59.94782653033683,不動産開発投資完成額（累計）
re_investment,110000,北京市,2024-11,3619.6722,,,,4.418355120619166,153.16269999999986,-4.419133060125169,不動産開発投資完成額（累計）
re_investment,110000,北京市,2024-12,3758.2939,,,,3.8296755159210383,138.62170000000015,-9.493825846632198,不動産開発投資完成額（累計）
re_investment,110000,北京市,2025-02,434.8397,,-5.958442097705197,,,,,不動産開発投資完成額（累計）
re_investment,110000,北京市,2025-03,895.5196,,-5.021167990278119,,105.94246569482961,460.6799,,不動産開発投資完成額（累計）
re_investment,110000,北京市,2025-04,1182.88,,-5.246306494009989,,32.08867790275056,287.36040000000014,-37.622544417501146,不動産開発投資完成額（累計）
re_investment,110000,北京市,2025-05,1591.98,,-5.505793125602542,,34.585080481536565,409.0999999999999,42.3647795590484,不動産開発投資完成額（累計）
re_investment,110000,北京市,2025-06,2060.48,,-7.520100379254302,,29.428761667860147,468.5,14.519677340503566,不動産開発投資完成額（累計）
re_investment,110000,北京市,2025-07,2287.5,,-9.852973450902658,,11.017821090231394,227.01999999999998,-51.543223052294564,不動産開発投資完成額（累計）
re_investment,110000,北京市,2025-08,2575.41,,-11.3815159916275,,12.586229508196723,287.90999999999985,26.82142542507262,不動産開発投資完成額（累計）
re_investment,110000,北京市,2025-09,2851.7,,-13.748605904414102,,10.728000590197295,276.28999999999996,-4.035983467055637,不動産開発投資完成額（累計）
re_investment,110000,北京市,2025-10,2956.89,,-14.701229002834125,,3.6886769295507937,105.19000000000005,-61.92768467914146,不動産開発投資完成額（累計）
re_investment,110000,北京市,2025-11,3056.35,,-15.56279599020044,,3.3636692606082708,99.46000000000004,-5.447285863675266,不動産開発投資完成額（累計）
re_investment,110000,北京市,2025-12,3175.77,,-15.499689899185377,,3.9072750175863424,119.42000000000007,20.06836919364572,不動産開発投資完成額（累計）
re_investment,110000,北京市,2026-02,461.6,,6.1540609102618715,,,,,不動産開発投資完成額（累計）
re_investment,110000,北京市,2026-03,875.77,,-2.2053788660795326,,89.724870017331,414.16999999999996,,不動産開発投資完成額（累計）
re_investment,110000,北京市,2026-04,1114.66,,-5.767279859326391,,27.277709901001423,238.8900000000001,-42.32078615061445,不動産開発投資完成額（累計）
re_investment,110000,北京市,2026-05,1445.5,,-9.201120617093183,,29.680799526312953,330.8399999999999,38.490518648750374,不動産開発投資完成額（累計）
re_investment,110000,北京市,2026-06,1862.11,,-9.627368380183265,,28.82116914562434,416.6099999999999,25.924918389553863,不動産開発投資完成額（累計）
re_investment,120000,天津市,2024-02,186.8671,,,,,,,不動産開発投資完成額（累計）
re_investment,120000,天津市,2024-03,320.3824,,,,71.44933484813541,133.51530000000002,,不動産開発投資完成額（累計）
re_investment,120000,天津市,2024-04,404.3509,,,,26.20883669015526,83.9685,-37.10945487146417,不動産開発投資完成額（累計）
re_investment,120000,天津市,2024-05,500.2406,,,,23.71447670822544,95.88969999999995,14.197228722675703,不動産開発投資完成額（累計）
re_investment,120000,天津市,2024-06,641.1572,,,,28.169764709221923,140.91660000000002,46.95697243812431,不動産開発投資完成額（累計）
re_investment,120000,天津市,2024-07,731.4855,,,,14.088323425206806,90.32830000000001,-35.899461099685915,不動産開発投資完成額（累計）
re_investment,120000,天津市,2024-08,822.9561,,,,12.50477282188096,91.47059999999999,1.264609208852563,不動産開発投資完成額（累計）
re_investment,120000,天津市,2024-09,938.9576,,,,14.095709358008278,116.00149999999996,26.818343817576327,不動産開発投資完成額（累計）
re_investment,120000,天津市,2024-10,1030.7447,,,,9.775425429220652,91.78710000000001,-20.87421283345471,不動産開発投資完成額（累計）
re_investment,120000,天津市,2024-11,1125.9401,,,,9.23559442022841,95.19540000000006,3.7132668969823035,不動産開発投資完成額（累計）
re_investment,120000,天津市,2024-12,1262.2318,,,,12.10470255033993,136.2917,43.170468320948174,不動産開発投資完成額（累計）
re_investment,120000,天津市,2025-02,200.1731,,7.120568575206665,,,,,不動産開発投資完成額（累計）
re_investment,120000,天津市,2025-03,341.5952,,6.621087800078884,,70.64990250937812,141.42209999999997,,不動産開発投資完成額（累計）
re_investment,120000,天津市,2025-04,421.77,,4.307916712934223,,23.470704506386507,80.1748,-43.308153393281515,不動産開発投資完成額（累計）
re_investment,120000,天津市,2025-05,520.09,,3.9679706125412606,,23.311283400905715,98.32000000000005,22.632048972994067,不動産開発投資完成額（累計）
re_investment,120000,天津市,2025-06,661.6,,3.188422433687088,,27.20875233132727,141.51,43.92799023596412,不動産開発投資完成額（累計）
re_investment,120000,天津市,2025-07,750.3,,2.57209473051756,,13.406892382103974,88.69999999999993,-37.31891739099714,不動産開発投資完成額（累計）
re_investment,120000,天津市,2025-08,837.82,,1.8061595266138708,,11.6646674663468,87.5200000000001,-1.3303269447574317,不動産開発投資完成額（累計）
re_investment,120000,天津市,2025-09,953.4,,1.5381312212606746,,13.795325965004412,115.57999999999993,32.06124314442391,不動産開発投資完成額（累計）
re_investment,120000,天津市,2025-10,1028.59,,-0.20904303461372065,,7.8865114327669295,75.18999999999994,-34.94549229970584,不動産開発投資完成額（累計）
re_investment,120000,天津市,2025-11,1120.52,,-0.4813844004667778,,8.937477517767057,91.93000000000006,22.263598882830337,不動産開発投資完成額（累計）
re_investment,120000,天津市,2025-12,1253.15,,-0.7195033432052633,,11.836468782351051,132.6300000000001,44.272816273251415,不動産開発投資完成額（累計）
re_investment,120000,天津市,2026-02,201.05,,0.43807084967959486,,,,,不動産開発投資完成額（累計）
re_investment,120000,天津市,2026-03,341.25,,-0.10105528414918741,,69.73389704053716,140.2,,不動産開発投資完成額（累計）
re_investment,120000,天津市,2026-04,407.8,,-3.3122317850961314,,19.50183150183151,66.55000000000001,-52.532097004279585,不動産開発投資完成額（累計）
re_investment,120000,天津市,2026-05,488.25,,-6.122017343152153,,19.72780774889651,80.44999999999999,20.886551465063818,不動産開発投資完成額（累計）
re_investment,120000,天津市,2026-06,611.24,,-7.61185006045949,,25.18996415770609,122.99000000000001,52.877563704164096,不動産開発投資完成額（累計）
re_investment,130000,河北省,2024-02,150.5498,,,,,,,不動産開発投資完成額（累計）
re_investment,130000,河北省,2024-03,420.8505,,,,179.54238398191166,270.3007,,不動産開発投資完成額（累計）
re_investment,130000,河北省,2024-04,691.4203,,,,64.29119129001866,270.5698,0.09955579101348366,不動産開発投資完成額（累計）
re_investment,130000,河北省,2024-05,927.3712,,,,34.125538402618496,235.95090000000005,-12.794813020521856,不動産開発投資完成額（累計）
re_investment,130000,河北省,2024-06,1303.8421,,,,40.595491859139045,376.47090000000003,59.55476330033069,不動産開発投資完成額（累計）
re_investment,130000,河北省,2024-07,1556.9614,,,,19.413340004897826,253.11929999999984,-32.765241616284335,不動産開発投資完成額（累計）
re_investment,130000,河北省,2024-08,1829.8419,,,,17.526478177300998,272.8805,7.807069630802621,不動産開発投資完成額（累計）
re_investment,130000,河北省,2024-09,2120.7419,,,,15.897548307315512,290.9000000000001,6.603439967311742,不動産開発投資完成額（累計）
re_investment,130000,河北省,2024-10,2445.3836,,,,15.307930682182501,324.6417000000001,11.599071845995201,不動産開発投資完成額（累計）
re_investment,130000,河北省,2024-11,2671.3651,,,,9.241147278488327,225.98149999999987,-30.390488960598784,不動産開発投資完成額（累計）
re_investment,130000,河北省,2024-12,2885.3989,,,,8.01215079136881,214.03380000000016,-5.287025707856497,不動産開発投資完成額（累計）
re_investment,130000,河北省,2025-02,149.0529,,-0.9942889329643823,,,,,不動産開発投資完成額（累計）
re_investment,130000,河北省,2025-03,417.9956,,-0.6783644073132811,,180.43439611037425,268.94270000000006,,不動産開発投資完成額（累計）
re_investment,130000,河北省,2025-04,701.51,,1.4592715892200347,,67.82712545299519,283.51439999999997,5.4181429724621255,不動産開発投資完成額（累計）
re_investment,130000,河北省,2025-05,951.7,,2.623415521206618,,35.664495160439635,250.19000000000005,-11.754041417296591,不動産開発投資完成額（累計）
re_investment,130000,河北省,2025-06,1337.01,,2.543858646687358,,40.48649784595986,385.30999999999995,54.00695471441699,不動産開発投資完成額（累計）
re_investment,130000,河北省,2025-07,1588.6,,2.032073499060405,,18.817361126693143,251.58999999999992,-34.70452363032365,不動産開発投資完成額（累計）
re_investment,130000,河北省,2025-08,1864.28,,1.8820259826819008,,17.353644718620174,275.68000000000006,9.57510234906005,不動産開発投資完成額（累計）
re_investment,130000,河北省,2025-09,2145.01,,1.1443212396567537,,15.058360332138964,280.73000000000025,1.8318340104469533,不動産開発投資完成額（累計）
re_investment,130000,河北省,2025-10,2469.3,,0.9780224256022763,,15.118344436622678,324.28999999999996,15.516688633206165,不動産開発投資完成額（累計）
re_investment,130000,河北省,2025-11,2694.29,,0.8581717265079281,,9.111489085975766,224.98999999999978,-30.62074069505696,不動産開発投資完成額（累計）
re_investment,130000,河北省,2025-12,2885.11,,-0.010012480423415848,,7.082385340850461,190.82000000000016,-15.187341659629162,不動産開発投資完成額（累計）
re_investment,130000,河北省,2026-02,158.28,,6.1904867332336355,,,,,不動産開発投資完成額（累計）
re_investment,130000,河北省,2026-03,434.44,,3.934108397313274,,174.4756128380086,276.15999999999997,,不動産開発投資完成額（累計）
re_investment,130000,河北省,2026-04,711.0,,1.3527961112457465,,63.65896326305129,276.56,0.14484356894555184,不動産開発投資完成額（累計）
re_investment,130000,河北省,2026-05,956.53,,0.5075128717032529,,34.533052039381154,245.52999999999997,-11.219988429273952,不動産開発投資完成額（累計）
re_investment,130000,河北省,2026-06,1315.38,,-1.6177889469786932,,37.515812363438705,358.85000000000014,46.15321956583725,不動産開発投資完成額（累計）
re_investment,140000,山西省,2024-02,92.8236,,,,,,,不動産開発投資完成額（累計）
re_investment,140000,山西省,2024-03,277.5685,,,,199.02794117013346,184.74489999999997,,不動産開発投資完成額（累計）
re_investment,140000,山西省,2024-04,415.2901,,,,49.61715756651061,137.72160000000002,-25.45309775804363,不動産開発投資完成額（累計）
re_investment,140000,山西省,2024-05,549.2364,,,,32.253670386074695,133.9463,-2.7412548213207044,不動産開発投資完成額（累計）
re_investment,140000,山西省,2024-06,829.2078,,,,50.974662276571614,279.9714,109.0176436377862,不動産開発投資完成額（累計）
re_investment,140000,山西省,2024-07,986.9368,,,,19.02164933807906,157.72899999999993,-43.66245980839475,不動産開発投資完成額（累計）
re_investment,140000,山西省,2024-08,1131.2024,,,,14.617511475912126,144.26559999999995,-8.53577972344971,不動産開発投資完成額（累計）
re_investment,140000,山西省,2024-09,1322.6262,,,,16.922152923296487,191.42380000000003,32.68845795532691,不動産開発投資完成額（累計）
re_investment,140000,山西省,2024-10,1444.0442,,,,9.180069168446847,121.41800000000012,-36.57110557830316,不動産開発投資完成額（累計）
re_investment,140000,山西省,2024-11,1554.6469,,,,7.659232314357123,110.60269999999991,-8.907493122930866,不動産開発投資完成額（累計）
re_investment,140000,山西省,2024-12,1670.9161,,,,7.478817215664857,116.26919999999996,5.123292650179478,不動産開発投資完成額（累計）
re_investment,140000,山西省,2025-02,92.5797,,-0.26275645417759286,,,,,不動産開発投資完成額（累計）
re_investment,140000,山西省,2025-03,272.1449,,-1.9539681195812841,,193.9574226315272,179.5652,,不動産開発投資完成額（累計）
re_investment,140000,山西省,2025-04,396.21,,-4.59440280420843,,45.58788351352532,124.06509999999997,-30.90804899835827,不動産開発投資完成額（累計）
re_investment,140000,山西省,2025-05,523.29,,-4.724086021975249,,32.07390020443703,127.07999999999998,2.4300951677788563,不動産開発投資完成額（累計）
re_investment,140000,山西省,2025-06,759.72,,-8.380022474462978,,45.18144814538785,236.43000000000006,86.0481586402267,不動産開発投資完成額（累計）
re_investment,140000,山西省,2025-07,904.78,,-8.324423610508791,,19.093876691412625,145.05999999999995,-38.645687941462626,不動産開発投資完成額（累計）
re_investment,140000,山西省,2025-08,1033.42,,-8.64411178759874,,14.217820906739775,128.6400000000001,-11.319454019026509,不動産開発投資完成額（累計）
re_investment,140000,山西省,2025-09,1207.77,,-8.683950159160613,,16.87116564417177,174.3499999999999,35.53327114427842,不動産開発投資完成額（累計）
re_investment,140000,山西省,2025-10,1312.35,,-9.11981780059088,,8.65893340619488,104.57999999999993,-40.01720676799542,不動産開発投資完成額（累計）
re_investment,140000,山西省,2025-11,1410.16,,-9.293872454253105,,7.453042252447917,97.81000000000017,-6.473513100018891,不動産開発投資完成額（累計）
re_investment,140000,山西省,2025-12,1511.4,,-9.546625351207027,,7.179327168548255,101.24000000000001,3.5067988958182417,不動産開発投資完成額（累計）
re_investment,140000,山西省,2026-02,88.57,,-4.331079059448251,,,,,不動産開発投資完成額（累計）
re_investment,140000,山西省,2026-03,260.08,,-4.4332633093620455,,193.64344586203,171.51,,不動産開発投資完成額（累計）
re_investment,140000,山西省,2026-04,355.36,,-10.31018904116503,,36.63488157490005,95.28000000000003,-44.44638796571626,不動産開発投資完成額（累計）
re_investment,140000,山西省,2026-05,457.19,,-12.631619178658104,,28.65544799639801,101.82999999999998,6.874475230898347,不動産開発投資完成額（累計）
re_investment,140000,山西省,2026-06,599.35,,-21.109092823671883,,31.094293400993035,142.16000000000003,39.60522439359722,不動産開発投資完成額（累計）
re_investment,150000,内蒙古自治区,2024-02,31.5585,,,,,,,不動産開発投資完成額（累計）
re_investment,150000,内蒙古自治区,2024-03,98.9399,,,,213.5126827954434,67.3814,,不動産開発投資完成額（累計）
re_investment,150000,内蒙古自治区,2024-04,160.7822,,,,62.50491459967111,61.842299999999994,-8.220517828362139,不動産開発投資完成額（累計）
re_investment,150000,内蒙古自治区,2024-05,258.6313,,,,60.85816713541674,97.84910000000002,58.22357835979586,不動産開発投資完成額（累計）
re_investment,150000,内蒙古自治区,2024-06,419.1581,,,,62.06781623105941,160.52679999999998,64.0554690845393,不動産開発投資完成額（累計）
re_investment,150000,内蒙古自治区,2024-07,532.9804,,,,27.154980423854404,113.82230000000004,-29.0945187968613,不動産開発投資完成額（累計）
re_investment,150000,内蒙古自治区,2024-08,643.3133,,,,20.701117714647665,110.3329,-3.065655851269955,不動産開発投資完成額（累計）
re_investment,150000,内蒙古自治区,2024-09,772.0678,,,,20.014276092224435,128.7545,16.69637977430125,不動産開発投資完成額（累計）
re_investment,150000,内蒙古自治区,2024-10,845.4771,,,,9.50814164248268,73.40929999999992,-42.98506071632454,不動産開発投資完成額（累計）
re_investment,150000,内蒙古自治区,2024-11,910.2916,,,,7.666026672987369,64.81450000000007,-11.708053339290602,不動産開発投資完成額（累計）
re_investment,150000,内蒙古自治区,2024-12,937.3796,,,,2.9757497487618245,27.087999999999965,-58.20688271914474,不動産開発投資完成額（累計）
re_investment,150000,内蒙古自治区,2025-02,32.3104,,2.3825593738612483,,,,,不動産開発投資完成額（累計）
re_investment,150000,内蒙古自治区,2025-03,98.7594,,-0.18243398265006538,,205.65824007130828,66.449,,不動産開発投資完成額（累計）
re_investment,150000,内蒙古自治区,2025-04,160.08,,-0.4367398878731499,,62.0908997016993,61.32060000000001,-7.717798612469695,不動産開発投資完成額（累計）
re_investment,150000,内蒙古自治区,2025-05,257.31,,-0.5108817068931737,,60.73838080959519,97.22999999999999,58.560092367002234,不動産開発投資完成額（累計）
re_investment,150000,内蒙古自治区,2025-06,416.47,,-0.6413093293437422,,61.85534957832965,159.16000000000003,63.694333024786644,不動産開発投資完成額（累計）
re_investment,150000,内蒙古自治区,2025-07,512.24,,-3.8914001340387028,,22.995653948663765,95.76999999999998,-39.827846192510705,不動産開発投資完成額（累計）
re_investment,150000,内蒙古自治区,2025-08,611.21,,-4.990305656668371,,19.321021396220516,98.97000000000003,3.3413386237862053,不動産開発投資完成額（累計）
re_investment,150000,内蒙古自治区,2025-09,733.71,,-4.968190617456136,,20.042211351254057,122.5,23.77488127715466,不動産開発投資完成額（累計）
re_investment,150000,内蒙古自治区,2025-10,801.3,,-5.2251089946729445,,9.212086519196937,67.58999999999992,-44.82448979591843,不動産開発投資完成額（累計）
re_investment,150000,内蒙古自治区,2025-11,854.34,,-6.146557872224678,,6.6192437289404715,53.04000000000008,-21.526853084775645,不動産開発投資完成額（累計）
re_investment,150000,内蒙古自治区,2025-12,868.58,,-7.339566596072711,,1.6667837160849297,14.240000000000009,-73.15233785822024,不動産開発投資完成額（累計）
re_investment,150000,内蒙古自治区,2026-02,29.14,,-9.812320491235027,,,,,不動産開発投資完成額（累計）
re_investment,150000,内蒙古自治区,2026-03,88.73,,-10.155387740306232,,204.4955387783116,59.59,,不動産開発投資完成額（累計）
re_investment,150000,内蒙古自治区,2026-04,141.65,,-11.512993503248381,,59.641609376760954,52.92,-11.19315321362645,不動産開発投資完成額（累計）
re_investment,150000,内蒙古自治区,2026-05,227.12,,-11.732929151607008,,60.33886339569361,85.47,61.50793650793651,不動産開発投資完成額（累計）
re_investment,150000,内蒙古自治区,2026-06,367.07,,-11.861598674574402,,61.61940824233885,139.95,63.74166374166372,不動産開発投資完成額（累計）
re_investment,210000,辽宁省,2024-02,99.363,,,,,,,不動産開発投資完成額（累計）
re_investment,210000,辽宁省,2024-03,276.9921,,,,178.76785121222184,177.6291,,不動産開発投資完成額（累計）
re_investment,210000,辽宁省,2024-04,387.832,,,,40.015545569711186,110.8399,-37.60037065998758,不動産開発投資完成額（累計）
re_investment,210000,辽宁省,2024-05,542.4284,,,,39.861692691680936,154.59640000000002,39.4772099216979,不動産開発投資完成額（累計）
re_investment,210000,辽宁省,2024-06,774.0428,,,,42.69953416893364,231.61440000000005,49.81875386490242,不動産開発投資完成額（累計）
re_investment,210000,辽宁省,2024-07,879.8865,,,,13.674140499724285,105.8436999999999,-54.30176189390647,不動産開発投資完成額（累計）
re_investment,210000,辽宁省,2024-08,1018.4216,,,,15.744655702752585,138.53510000000006,30.886486394561217,不動産開発投資完成額（累計）
re_investment,210000,辽宁省,2024-09,1175.8452,,,,15.457606162320193,157.42359999999996,13.634450763741391,不動産開発投資完成額（累計）
re_investment,210000,辽宁省,2024-10,1255.2579,,,,6.753669615694324,79.41270000000009,-49.55476815420299,不動産開発投資完成額（累計）
re_investment,210000,辽宁省,2024-11,1332.9398,,,,6.188521099926958,77.68190000000004,-2.179500256256295,不動産開発投資完成額（累計）
re_investment,210000,辽宁省,2024-12,1393.6699,,,,4.556102233574233,60.73009999999999,-21.822071808233368,不動産開発投資完成額（累計）
re_investment,210000,辽宁省,2025-02,75.9484,,-23.564707184766952,,,,,不動産開発投資完成額（累計）
re_investment,210000,辽宁省,2025-03,214.1052,,-22.70349948608642,,181.90876963833338,138.15679999999998,,不動産開発投資完成額（累計）
re_investment,210000,辽宁省,2025-04,290.39,,-25.12479630355412,,35.62958769801013,76.28479999999999,-44.78389771621809,不動産開発投資完成額（累計）
re_investment,210000,辽宁省,2025-05,404.8,,-25.372639043235935,,39.39873962602019,114.41000000000003,49.977452913293384,不動産開発投資完成額（累計）
re_investment,210000,辽宁省,2025-06,575.3,,-25.67594453433325,,42.11956521739128,170.49999999999994,49.02543483961183,不動産開発投資完成額（累計）
re_investment,210000,辽宁省,2025-07,653.97,,-25.675641119621673,,13.674604554145686,78.67000000000007,-53.859237536656835,不動産開発投資完成額（累計）
re_investment,210000,辽宁省,2025-08,741.7,,-27.171615370294578,,13.414988455127919,87.73000000000002,11.516461166899639,不動産開発投資完成額（累計）
re_investment,210000,辽宁省,2025-09,850.93,,-27.632480874183095,,14.726978562761218,109.2299999999999,24.507010144762198,不動産開発投資完成額（累計）
re_investment,210000,辽宁省,2025-10,892.36,,-28.910226336755183,,4.868790617324592,41.430000000000064,-62.070859653941135,不動産開発投資完成額（累計）
re_investment,210000,辽宁省,2025-11,927.16,,-30.442470095048556,,3.8997713927114486,34.799999999999955,-16.002896451846727,不動産開発投資完成額（累計）
re_investment,210000,辽宁省,2025-12,943.5,,-32.3010420186301,,1.7623711117822127,16.340000000000032,-53.045977011494095,不動産開発投資完成額（累計）
re_investment,210000,辽宁省,2026-02,48.12,,-36.641193231193824,,,,,不動産開発投資完成額（累計）
re_investment,210000,辽宁省,2026-03,130.54,,-39.02997218189937,,171.28013300083126,82.41999999999999,,不動産開発投資完成額（累計）
re_investment,210000,辽宁省,2026-04,185.51,,-36.116946175832496,,42.10969817680406,54.97,-33.30502305265711,不動産開発投資完成額（累計）
re_investment,210000,辽宁省,2026-05,254.08,,-37.233201581027664,,36.96296695595927,68.57000000000002,24.740767691468115,不動産開発投資完成額（累計）
re_investment,210000,辽宁省,2026-06,360.76,,-37.291847731618276,,41.986775818639785,106.67999999999998,55.578241213358524,不動産開発投資完成額（累計）
re_investment,220000,吉林省,2024-02,19.5417,,,,,,,不動産開発投資完成額（累計）
re_investment,220000,吉林省,2024-03,49.2568,,,,152.05995384229624,29.7151,,不動産開発投資完成額（累計）
re_investment,220000,吉林省,2024-04,81.7597,,,,65.98662519692712,32.5029,9.381762134403049,不動産開発投資完成額（累計）
re_investment,220000,吉林省,2024-05,158.2693,,,,93.57862125227953,76.50959999999999,135.39314953434922,不動産開発投資完成額（累計）
re_investment,220000,吉林省,2024-06,292.4595,,,,84.78599450430376,134.1902,75.39001641624058,不動産開発投資完成額（累計）
re_investment,220000,吉林省,2024-07,340.3048,,,,16.359632701280002,47.84530000000001,-64.34516082396479,不動産開発投資完成額（累計）
re_investment,220000,吉林省,2024-08,421.0755,,,,23.7348106756061,80.77069999999998,68.816372768067,不動産開発投資完成額（累計）
re_investment,220000,吉林省,2024-09,526.5569,,,,25.050471946242435,105.48140000000006,30.59364348705669,不動産開発投資完成額（累計）
re_investment,220000,吉林省,2024-10,572.1351,,,,8.655892649018536,45.578199999999924,-56.790296677897814,不動産開発投資完成額（累計）
re_investment,220000,吉林省,2024-11,615.4014,,,,7.562252342147868,43.2663,-5.072381094470446,不動産開発投資完成額（累計）
re_investment,220000,吉林省,2024-12,640.5272,,,,4.0828311407806295,25.125800000000027,-41.92755100389904,不動産開発投資完成額（累計）
re_investment,220000,吉林省,2025-02,15.8821,,-18.7271322351689,,,,,不動産開発投資完成額（累計）
re_investment,220000,吉林省,2025-03,40.7163,,-17.33872277533255,,156.36597175436498,24.834199999999996,,不動産開発投資完成額（累計）
re_investment,220000,吉林省,2025-04,67.01,,-18.04030592088767,,64.57782264105533,26.29370000000001,5.87697610553195,不動産開発投資完成額（累計）
re_investment,220000,吉林省,2025-05,120.22,,-24.040859471799013,,79.40605879719442,53.209999999999994,102.36786758805331,不動産開発投資完成額（累計）
re_investment,220000,吉林省,2025-06,224.98,,-23.073109268120884,,87.14024288803859,104.75999999999999,96.88028566059013,不動産開発投資完成額（累計）
re_investment,220000,吉林省,2025-07,258.74,,-23.968160308053243,,15.005778291403683,33.76000000000002,-67.77395952653681,不動産開発投資完成額（累計）
re_investment,220000,吉林省,2025-08,321.09,,-23.74526658520859,,24.097549663755103,62.349999999999966,84.68601895734575,不動産開発投資完成額（累計）
re_investment,220000,吉林省,2025-09,401.41,,-23.767023089052675,,25.014793360117118,80.32000000000005,28.821170809944018,不動産開発投資完成額（累計）
re_investment,220000,吉林省,2025-10,430.86,,-24.692611937285434,,7.336638349816882,29.44999999999999,-63.33416334661358,不動産開発投資完成額（累計）
re_investment,220000,吉林省,2025-11,457.15,,-25.71515111925322,,6.1017499883953,26.289999999999964,-10.730050933786172,不動産開発投資完成額（累計）
re_investment,220000,吉林省,2025-12,476.27,,-25.644063202936586,,4.1824346494585996,19.120000000000005,-27.27272727272716,不動産開発投資完成額（累計）
re_investment,220000,吉林省,2026-02,15.24,,-4.042916239036398,,,,,不動産開発投資完成額（累計）
re_investment,220000,吉林省,2026-03,38.63,,-5.123992111267461,,153.47769028871392,23.39,,不動産開発投資完成額（累計）
re_investment,220000,吉林省,2026-04,64.18,,-4.223250261155053,,66.14030546207613,25.550000000000004,9.234715690466032,不動産開発投資完成額（累計）
re_investment,220000,吉林省,2026-05,116.27,,-3.285642987855597,,81.16235587410405,52.08999999999999,103.87475538160461,不動産開発投資完成額（累計）
re_investment,220000,吉林省,2026-06,170.04,,-24.419948439861315,,46.245807172959495,53.769999999999996,3.2251871760414774,不動産開発投資完成額（累計）
re_investment,230000,黑龙江省,2024-02,3.0537,,,,,,,不動産開発投資完成額（累計）
re_investment,230000,黑龙江省,2024-03,31.9018,,,,944.6933228542424,28.848100000000002,,不動産開発投資完成額（累計）
re_investment,230000,黑龙江省,2024-04,57.8272,,,,81.26626083794643,25.925399999999996,-10.131343138716264,不動産開発投資完成額（累計）
re_investment,230000,黑龙江省,2024-05,90.718,,,,56.87773227823587,32.890800000000006,26.867087875211215,不動産開発投資完成額（累計）
re_investment,230000,黑龙江省,2024-06,140.2184,,,,54.56513591569478,49.5004,50.4992277475768,不動産開発投資完成額（累計）
re_investment,230000,黑龙江省,2024-07,169.4561,,,,20.851543021457953,29.23769999999999,-40.93441669158231,不動産開発投資完成額（累計）
re_investment,230000,黑龙江省,2024-08,198.8636,,,,17.354052170444145,29.4075,0.5807570362922121,不動産開発投資完成額（累計）
re_investment,230000,黑龙江省,2024-09,246.7429,,,,24.076452402551297,47.8793,62.81322791804813,不動産開発投資完成額（累計）
re_investment,230000,黑龙江省,2024-10,277.558,,,,12.488748409782001,30.8151,-35.64003650847025,不動産開発投資完成額（累計）
re_investment,230000,黑龙江省,2024-11,304.8243,,,,9.823640464335393,27.2663,-11.516431879176114,不動産開発投資完成額（累計）
re_investment,230000,黑龙江省,2024-12,330.3643,,,,8.378597113156673,25.54000000000002,-6.331258733308076,不動産開発投資完成額（累計）
re_investment,230000,黑龙江省,2025-02,4.0781,,33.546189868028954,,,,,不動産開発投資完成額（累計）
re_investment,230000,黑龙江省,2025-03,31.6804,,-0.6940047270060035,,676.8421568867855,27.6023,,不動産開発投資完成額（累計）
re_investment,230000,黑龙江省,2025-04,54.94,,-4.992806153505613,,73.41952753121804,23.2596,-15.733109197421957,不動産開発投資完成額（累計）
re_investment,230000,黑龙江省,2025-05,88.54,,-2.4008465795101297,,61.15762650163816,33.60000000000001,44.45648248465155,不動産開発投資完成額（累計）
re_investment,230000,黑龙江省,2025-06,137.22,,-2.1383784153862884,,54.98079963858142,48.67999999999999,44.88095238095233,不動産開発投資完成額（累計）
re_investment,230000,黑龙江省,2025-07,168.79,,-0.39308115789281617,,23.0068503133654,31.569999999999993,-35.14790468364832,不動産開発投資完成額（累計）
re_investment,230000,黑龙江省,2025-08,199.85,,0.4960183764147974,,18.40156407370106,31.060000000000002,-1.6154577130186643,不動産開発投資完成額（累計）
re_investment,230000,黑龙江省,2025-09,242.08,,-1.8897808204410227,,21.130848136102088,42.23000000000002,35.96265292981331,不動産開発投資完成額（累計）
re_investment,230000,黑龙江省,2025-10,271.34,,-2.240252487768324,,12.086913417052191,29.259999999999962,-30.712763438314116,不動産開発投資完成額（累計）
re_investment,230000,黑龙江省,2025-11,292.24,,-4.128378216566064,,7.702513451757964,20.900000000000034,-28.57142857142836,不動産開発投資完成額（累計）
re_investment,230000,黑龙江省,2025-12,306.4,,-7.253901223588633,,4.845332603339703,14.159999999999968,-32.24880382775146,不動産開発投資完成額（累計）
re_investment,230000,黑龙江省,2026-02,3.68,,-9.761898923518297,,,,,不動産開発投資完成額（累計）
re_investment,230000,黑龙江省,2026-03,26.67,,-15.815456875544488,,624.7282608695652,22.990000000000002,,不動産開発投資完成額（累計）
re_investment,230000,黑龙江省,2026-04,46.7,,-14.99817983254459,,75.10311211098613,20.03,-12.87516311439757,不動産開発投資完成額（累計）
re_investment,230000,黑龙江省,2026-05,68.75,,-22.351479557262255,,47.21627408993576,22.049999999999997,10.084872690963543,不動産開発投資完成額（累計）
re_investment,230000,黑龙江省,2026-06,109.72,,-20.040810377495987,,59.59272727272727,40.97,85.80498866213154,不動産開発投資完成額（累計）
re_investment,310000,上海市,2024-02,928.8664,,,,,,,不動産開発投資完成額（累計）
re_investment,310000,上海市,2024-03,1350.8004,,,,45.424616500284664,421.9340000000001,,不動産開発投資完成額（累計）
re_investment,310000,上海市,2024-04,1805.9114,,,,33.6919503429226,455.1109999999999,7.863078111742539,不動産開発投資完成額（累計）
re_investment,310000,上海市,2024-05,2272.7923,,,,25.852923903132783,466.8809000000001,2.5861602993555888,不動産開発投資完成額（累計）
re_investment,310000,上海市,2024-06,2775.0928,,,,22.100589657928694,502.30049999999983,7.58643157173482,不動産開発投資完成額（累計）
re_investment,310000,上海市,2024-07,3359.2217,,,,21.048986181651298,584.1289000000002,16.29072636798099,不動産開発投資完成額（累計）
re_investment,310000,上海市,2024-08,3889.217,,,,15.777324253412628,529.9953,-9.267406560435564,不動産開発投資完成額（累計）
re_investment,310000,上海市,2024-09,4413.1291,,,,13.470888870433306,523.9121,-1.1477837633654508,不動産開発投資完成額（累計）
re_investment,310000,上海市,2024-10,4941.0898,,,,11.963409364117616,527.9606999999996,0.7727632173411658,不動産開発投資完成額（累計）
re_investment,310000,上海市,2024-11,5488.9243,,,,11.087321262608917,547.8344999999999,3.764257453253683,不動産開発投資完成額（累計）
re_investment,310000,上海市,2024-12,6228.9059,,,,13.481359179976305,739.9816000000001,35.07393199953639,不動産開発投資完成額（累計）
re_investment,310000,上海市,2025-02,980.3953,,5.5475039252146585,,,,,不動産開発投資完成額（累計）
re_investment,310000,上海市,2025-03,1419.8461,,5.11146576503827,,44.82383789477571,439.45079999999996,,不動産開発投資完成額（累計）
re_investment,310000,上海市,2025-04,1882.71,,4.252622803089912,,32.59958244770331,462.86390000000006,5.327809165440156,不動産開発投資完成額（累計）
re_investment,310000,上海市,2025-05,2364.3,,4.026223601690315,,25.57961661647308,481.59000000000015,4.045703283405788,不動産開発投資完成額（累計）
re_investment,310000,上海市,2025-06,2879.67,,3.7684217262932584,,21.797995178276853,515.3699999999999,7.014265246371343,不動産開発投資完成額（累計）
re_investment,310000,上海市,2025-07,3469.57,,3.284936507763092,,20.48498612688259,589.9000000000001,14.461454877078639,不動産開発投資完成額（累計）
re_investment,310000,上海市,2025-08,3988.53,,2.5535474106998857,,14.957473116265119,518.96,-12.025767079165972,不動産開発投資完成額（累計）
re_investment,310000,上海市,2025-09,4510.89,,2.2152286458150483,,13.096554369654978,522.3600000000001,0.6551564667797383,不動産開発投資完成額（累計）
re_investment,310000,上海市,2025-10,4999.31,,1.1782866200893638,,10.82757504616605,488.4200000000001,-6.497434719350648,不動産開発投資完成額（累計）
re_investment,310000,上海市,2025-11,5485.95,,-0.05418730223697432,,9.734143311777022,486.6399999999994,-0.36444044060452985,不動産開発投資完成額（累計）
re_investment,310000,上海市,2025-12,6034.13,,-3.1269680924221332,,9.992435220882445,548.1800000000003,12.645898405392275,不動産開発投資完成額（累計）
re_investment,310000,上海市,2026-02,981.8,,0.1432789406477175,,,,,不動産開発投資完成額（累計）
re_investment,310000,上海市,2026-03,1420.86,,0.07140914779424357,,44.71990222041149,439.05999999999995,,不動産開発投資完成額（累計）
re_investment,310000,上海市,2026-04,1838.56,,-2.345023928273615,,29.397688723730695,417.70000000000005,-4.8649387327472144,不動産開発投資完成額（累計）
re_investment,310000,上海市,2026-05,2271.16,,-3.9394323901366324,,23.529283787311805,432.5999999999999,3.5671534594206022,不動産開発投資完成額（累計）
re_investment,310000,上海市,2026-06,2747.1,,-4.603652501849176,,20.955811127353428,475.94000000000005,10.018492834026848,不動産開発投資完成額（累計）
re_investment,320000,江苏省,2024-02,1629.683,,,,,,,不動産開発投資完成額（累計）
re_investment,320000,江苏省,2024-03,2830.5284,,,,73.68582724370323,1200.8454000000002,,不動産開発投資完成額（累計）
re_investment,320000,江苏省,2024-04,3852.3015,,,,36.098316483946945,1021.7730999999999,-14.912186031607423,不動産開発投資完成額（累計）
re_investment,320000,江苏省,2024-05,4947.9249,,,,28.440748991219934,1095.6234,7.227661405452945,不動産開発投資完成額（累計）
re_investment,320000,江苏省,2024-06,6045.9054,,,,22.19072686410417,1097.9804999999997,0.21513779278534706,不動産開発投資完成額（累計）
re_investment,320000,江苏省,2024-07,6969.5149,,,,15.276611837161735,923.6095000000005,-15.881065283035467,不動産開発投資完成額（累計）
re_investment,320000,江苏省,2024-08,7814.7845,,,,12.128098040223723,845.2695999999996,-8.481928780507431,不動産開発投資完成額（累計）
re_investment,320000,江苏省,2024-09,8699.2393,,,,11.317711959939514,884.4547999999995,4.635822700828229,不動産開発投資完成額（累計）
re_investment,320000,江苏省,2024-10,9486.5935,,,,9.050839652152142,787.3542000000016,-10.978582512073876,不動産開発投資完成額（累計）
re_investment,320000,江苏省,2024-11,10176.3516,,,,7.2708723104874196,689.7580999999991,-12.395450484674154,不動産開発投資完成額（累計）
re_investment,320000,江苏省,2024-12,10701.8641,,,,5.164056045390586,525.5125000000007,-23.812058169378304,不動産開発投資完成額（累計）
re_investment,320000,江苏省,2025-02,1401.989,,-13.971674245850263,,,,,不動産開発投資完成額（累計）
re_investment,320000,江苏省,2025-03,2372.3986,,-16.185310135026388,,69.21663436731671,970.4096,,不動産開発投資完成額（累計）
re_investment,320000,江苏省,2025-04,3214.23,,-16.56338425224505,,35.4843996282918,841.8314,-13.249889531183523,不動産開発投資完成額（累計）
re_investment,320000,江苏省,2025-05,4035.23,,-18.44601360057021,,25.54266496174822,821.0,-2.4745334992256174,不動産開発投資完成額（累計）
re_investment,320000,江苏省,2025-06,4900.02,,-18.95308186595178,,21.430996498340882,864.7900000000004,5.3337393422655754,不動産開発投資完成額（累計）
re_investment,320000,江苏省,2025-07,5533.86,,-20.599064936355905,,12.93545740629629,633.8399999999992,-26.705905479943226,不動産開発投資完成額（累計）
re_investment,320000,江苏省,2025-08,6155.29,,-21.235320052651485,,11.229593809745818,621.4300000000003,-1.9579073583237072,不動産開発投資完成額（累計）
re_investment,320000,江苏省,2025-09,6828.85,,-21.500607530131965,,10.942782549644292,673.5600000000004,8.388716347778535,不動産開発投資完成額（累計）
re_investment,320000,江苏省,2025-10,7334.1,,-22.689846465962738,,7.398756745279211,505.25,-24.988122810143164,不動産開発投資完成額（累計）
re_investment,320000,江苏省,2025-11,7824.72,,-23.108788811895998,,6.689573362784795,490.6199999999999,-2.8955962394854207,不動産開発投資完成額（累計）
re_investment,320000,江苏省,2025-12,8081.94,,-24.48100700512541,,3.287274177222943,257.21999999999935,-47.57245933716534,不動産開発投資完成額（累計）
re_investment,320000,江苏省,2026-02,1219.23,,-13.035694288614252,,,,,不動産開発投資完成額（累計）
re_investment,320000,江苏省,2026-03,2034.48,,-14.243753136593485,,66.86597278610272,815.25,,不動産開発投資完成額（累計）
re_investment,320000,江苏省,2026-04,2640.19,,-17.859331783973143,,29.772226809799072,605.71,-25.702545231524066,不動産開発投資完成額（累計）
re_investment,320000,江苏省,2026-05,3233.88,,-19.858843238179723,,22.486639219147108,593.69,-1.9844480031698253,不動産開発投資完成額（累計）
re_investment,320000,江苏省,2026-06,3801.93,,-22.4099085309856,,17.56558684923373,568.0499999999997,-4.318752210749777,不動産開発投資完成額（累計）
re_investment,330000,浙江省,2024-02,1508.1448,,,,,,,不動産開発投資完成額（累計）
re_investment,330000,浙江省,2024-03,2590.4932,,,,71.76687543530302,1082.3483999999999,,不動産開発投資完成額（累計）
re_investment,330000,浙江省,2024-04,3569.2648,,,,37.78321440874657,978.7716,-9.569635803037158,不動産開発投資完成額（累計）
re_investment,330000,浙江省,2024-05,4666.4008,,,,30.738431062890047,1097.1360000000004,12.09315840386056,不動産開発投資完成額（累計）
re_investment,330000,浙江省,2024-06,6098.9532,,,,30.699300411572004,1432.5523999999996,30.57199836665636,不動産開発投資完成額（累計）
re_investment,330000,浙江省,2024-07,7201.983,,,,18.0855593382812,1103.0298000000003,-23.002481445006783,不動産開発投資完成額（累計）
re_investment,330000,浙江省,2024-08,8323.9211,,,,15.578183119843514,1121.9380999999994,1.714214792746227,不動産開発投資完成額（累計）
re_investment,330000,浙江省,2024-09,9559.6649,,,,14.84569333556034,1235.7438000000002,10.14367013652544,不動産開発投資完成額（累計）
re_investment,330000,浙江省,2024-10,10379.8111,,,,8.579235868403723,820.146200000001,-33.63137245762423,不動産開発投資完成額（累計）
re_investment,330000,浙江省,2024-11,11270.3215,,,,8.579254395101653,890.5103999999992,8.57947034321418,不動産開発投資完成額（累計）
re_investment,330000,浙江省,2024-12,11982.6661,,,,6.32053486672941,712.3446000000004,-20.00715544703341,不動産開発投資完成額（累計）
re_investment,330000,浙江省,2025-02,1283.0564,,-14.92485336951731,,,,,不動産開発投資完成額（累計）
re_investment,330000,浙江省,2025-03,2202.1297,,-14.991874906291969,,71.63155883092902,919.0733,,不動産開発投資完成額（累計）
re_investment,330000,浙江省,2025-04,3021.65,,-15.342509751588052,,37.21489701537561,819.5203000000001,-10.831889034313136,不動産開発投資完成額（累計）
re_investment,330000,浙江省,2025-05,3929.26,,-15.79677425051016,,30.036900369003682,907.6100000000001,10.748934468127258,不動産開発投資完成額（累計）
re_investment,330000,浙江省,2025-06,5124.67,,-15.974597083315867,,30.423285809541746,1195.4099999999999,31.70965502804064,不動産開発投資完成額（累計）
re_investment,330000,浙江省,2025-07,5842.06,,-18.882618856501043,,13.998755041788069,717.3900000000003,-39.98795392375835,不動産開発投資完成額（累計）
re_investment,330000,浙江省,2025-08,6531.07,,-21.538540292026553,,11.793956241462755,689.0099999999993,-3.956007192740496,不動産開発投資完成額（累計）
re_investment,330000,浙江省,2025-09,7336.28,,-23.257979471644454,,12.328913945188159,805.21,16.86477699888258,不動産開発投資完成額（累計）
re_investment,330000,浙江省,2025-10,7831.25,,-24.553058581191333,,6.746879890080537,494.97000000000025,-38.52907937059894,不動産開発投資完成額（累計）
re_investment,330000,浙江省,2025-11,8007.15,,-28.953668269356825,,2.2461292897047125,175.89999999999964,-64.46249267632392,不動産開発投資完成額（累計）
re_investment,330000,浙江省,2025-12,8279.73,,-30.902439149163985,,3.40420748955621,272.5799999999999,54.963047185901374,不動産開発投資完成額（累計）
re_investment,330000,浙江省,2026-02,1083.77,,-15.532162109163705,,,,,不動産開発投資完成額（累計）
re_investment,330000,浙江省,2026-03,1855.98,,-15.718860701074966,,71.25220295819223,772.21,,不動産開発投資完成額（累計）
re_investment,330000,浙江省,2026-04,2498.33,,-17.319014445749847,,34.609747949870155,642.3499999999999,-16.816669040804978,不動産開発投資完成額（累計）
re_investment,330000,浙江省,2026-05,3147.88,,-19.88618722100345,,25.999367577541797,649.5500000000002,1.1208842531330587,不動産開発投資完成額（累計）
re_investment,330000,浙江省,2026-06,3944.7,,-23.025287481925673,,25.312909005425865,796.8199999999997,22.67261950581163,不動産開発投資完成額（累計）
re_investment,340000,安徽省,2024-02,518.5362,,,,,,,不動産開発投資完成額（累計）
re_investment,340000,安徽省,2024-03,926.7505,,,,78.72435907078426,408.2143,,不動産開発投資完成額（累計）
re_investment,340000,安徽省,2024-04,1328.7215,,,,43.374241502971955,401.9710000000001,-1.5294172693116947,不動産開発投資完成額（累計）
re_investment,340000,安徽省,2024-05,1733.146,,,,30.437115678492432,404.42449999999985,0.6103674145646609,不動産開発投資完成額（累計）
re_investment,340000,安徽省,2024-06,2191.8135,,,,26.464446734435555,458.66750000000025,13.412392177031919,不動産開発投資完成額（累計）
re_investment,340000,安徽省,2024-07,2514.0832,,,,14.703335844952136,322.26969999999983,-29.737838412357608,不動産開発投資完成額（累計）
re_investment,340000,安徽省,2024-08,2860.747,,,,13.78887540396434,346.6637999999998,7.569467436746291,不動産開発投資完成額（累計）
re_investment,340000,安徽省,2024-09,3197.5623,,,,11.77368358683939,336.8153000000002,-2.8409369539016183,不動産開発投資完成額（累計）
re_investment,340000,安徽省,2024-10,3491.9184,,,,9.205640809562965,294.35609999999997,-12.606078168064283,不動産開発投資完成額（累計）
re_investment,340000,安徽省,2024-11,3768.5236,,,,7.921296213565587,276.60519999999997,-6.03041689980266,不動産開発投資完成額（累計）
re_investment,340000,安徽省,2024-12,4016.0973,,,,6.5695143848906845,247.57369999999992,-10.495645056564396,不動産開発投資完成額（累計）
re_investment,340000,安徽省,2025-02,457.935,,-11.686975759840879,,,,,不動産開発投資完成額（累計）
re_investment,340000,安徽省,2025-03,829.0018,,-10.54746665904146,,81.0304519200323,371.0668,,不動産開発投資完成額（累計）
re_investment,340000,安徽省,2025-04,1167.01,,-12.170458594972688,,40.77291508896603,338.0082,-8.909069741620645,不動産開発投資完成額（累計）
re_investment,340000,安徽省,2025-05,1517.66,,-12.433228360449721,,30.046871920549112,350.6500000000001,3.740086778959828,不動産開発投資完成額（累計）
re_investment,340000,安徽省,2025-06,1914.68,,-12.644027422953641,,26.16000948829118,397.02,13.224012548124886,不動産開発投資完成額（累計）
re_investment,340000,安徽省,2025-07,2179.46,,-13.30994932864592,,13.828942695385127,264.78,-33.3081456853559,不動産開発投資完成額（累計）
re_investment,340000,安徽省,2025-08,2413.16,,-15.645808594748157,,10.722839602470335,233.69999999999982,-11.738046680262915,不動産開発投資完成額（累計）
re_investment,340000,安徽省,2025-09,2649.98,,-17.124992373096216,,9.813688275953524,236.82000000000016,1.3350449293968003,不動産開発投資完成額（累計）
re_investment,340000,安徽省,2025-10,2805.37,,-19.661066535804505,,5.863817840134633,155.38999999999987,-34.384764800270354,不動産開発投資完成額（累計）
re_investment,340000,安徽省,2025-11,2949.3,,-21.73858218640318,,5.130517543140489,143.9300000000003,-7.374991955724042,不動産開発投資完成額（累計）
re_investment,340000,安徽省,2025-12,3031.37,,-24.519508030843774,,2.782694198623381,82.06999999999971,-42.979226012645356,不動産開発投資完成額（累計）
re_investment,340000,安徽省,2026-02,370.3,,-19.13699542511491,,,,,不動産開発投資完成額（累計）
re_investment,340000,安徽省,2026-03,674.4,,-18.649151304617195,,82.12260329462597,304.09999999999997,,不動産開発投資完成額（累計）
re_investment,340000,安徽省,2026-04,902.92,,-22.629626138593505,,33.88493475682088,228.51999999999998,-24.8536665570536,不動産開発投資完成額（累計）
re_investment,340000,安徽省,2026-05,1095.12,,-27.84154553720861,,21.286492712532667,192.19999999999993,-15.893576054612312,不動産開発投資完成額（累計）
re_investment,340000,安徽省,2026-06,1270.06,,-33.66724465707064,,15.974505077069189,174.94000000000005,-8.980228928199729,不動産開発投資完成額（累計）
re_investment,350000,福建省,2024-02,581.612,,,,,,,不動産開発投資完成額（累計）
re_investment,350000,福建省,2024-03,999.5289,,,,71.85493077859468,417.91690000000006,,不動産開発投資完成額（累計）
re_investment,350000,福建省,2024-04,1323.6142,,,,32.423804854466944,324.08529999999996,-22.452214782412504,不動産開発投資完成額（累計）
re_investment,350000,福建省,2024-05,1645.0148,,,,24.282045327105138,321.40059999999994,-0.8283930187515498,不動産開発投資完成額（累計）
re_investment,350000,福建省,2024-06,2069.9995,,,,25.834703736404062,424.9847,32.2289690809538,不動産開発投資完成額（累計）
re_investment,350000,福建省,2024-07,2298.7661,,,,11.051529239499814,228.76659999999993,-46.17062684844891,不動産開発投資完成額（累計）
re_investment,350000,福建省,2024-08,2543.3454,,,,10.639590517712971,244.57930000000033,6.912154134388682,不動産開発投資完成額（累計）
re_investment,350000,福建省,2024-09,2819.1567,,,,10.844429545432565,275.81129999999985,12.76968247108381,不動産開発投資完成額（累計）
re_investment,350000,福建省,2024-10,3059.3869,,,,8.521349664600052,240.23019999999997,-12.90052292998869,不動産開発投資完成額（累計）
re_investment,350000,福建省,2024-11,3281.0231,,,,7.244464569028519,221.63619999999992,-7.740075977125294,不動産開発投資完成額（累計）
re_investment,350000,福建省,2024-12,3474.0758,,,,5.883917732855948,193.0527000000002,-12.896584583204252,不動産開発投資完成額（累計）
re_investment,350000,福建省,2025-02,402.2691,,-30.83548826365343,,,,,不動産開発投資完成額（累計）
re_investment,350000,福建省,2025-03,688.1364,,-31.153926614828254,,71.06369840487376,285.8673,,不動産開発投資完成額（累計）
re_investment,350000,福建省,2025-04,934.29,,-29.413721913832603,,35.771047716702675,246.15359999999998,-13.892354949306906,不動産開発投資完成額（累計）
re_investment,350000,福建省,2025-05,1173.25,,-28.678453227290113,,25.576641085744267,238.96000000000004,-2.9224029224029002,不動産開発投資完成額（累計）
re_investment,350000,福建省,2025-06,1425.48,,-31.13621525029353,,21.49840187513319,252.23000000000002,5.553230666220288,不動産開発投資完成額（累計）
re_investment,350000,福建省,2025-07,1596.65,,-30.543172704695788,,12.007885063276946,171.17000000000007,-32.13733497204929,不動産開発投資完成額（累計）
re_investment,350000,福建省,2025-08,1778.86,,-30.058261060412804,,11.41201891460244,182.2099999999998,6.4497283402463745,不動産開発投資完成額（累計）
re_investment,350000,福建省,2025-09,1951.03,,-30.793843421332344,,9.678670609266614,172.17000000000007,-5.510125679161271,不動産開発投資完成額（累計）
re_investment,350000,福建省,2025-10,2147.33,,-29.811754113217916,,10.061352208833284,196.29999999999995,14.015217517569777,不動産開発投資完成額（累計）
re_investment,350000,福建省,2025-11,2307.55,,-29.669803300074292,,7.461358990001554,160.22000000000025,-18.38003056546088,不動産開発投資完成額（累計）
re_investment,350000,福建省,2025-12,2452.95,,-29.392732305956027,,6.301055231739272,145.39999999999964,-9.249781550368619,不動産開発投資完成額（累計）
re_investment,350000,福建省,2026-02,334.67,,-16.80444757004701,,,,,不動産開発投資完成額（累計）
re_investment,350000,福建省,2026-03,586.44,,-14.778523560154632,,75.22933038515554,251.77000000000004,,不動産開発投資完成額（累計）
re_investment,350000,福建省,2026-04,800.53,,-14.316753898682421,,36.50671850487686,214.08999999999992,-14.966040433729244,不動産開発投資完成額（累計）
re_investment,350000,福建省,2026-05,958.33,,-18.318346473471124,,19.711940839194053,157.80000000000007,-26.292680648325405,不動産開発投資完成額（累計）
re_investment,350000,福建省,2026-06,1131.69,,-20.609899823217436,,18.089802051485403,173.36,9.860583016476522,不動産開発投資完成額（累計）
re_investment,360000,江西省,2024-02,230.2075,,,,,,,不動産開発投資完成額（累計）
re_investment,360000,江西省,2024-03,400.2756,,,,73.87600317105219,170.0681,,不動産開発投資完成額（累計）
re_investment,360000,江西省,2024-04,565.6873,,,,41.324452452260395,165.41170000000005,-2.737962028152219,不動産開発投資完成額（累計）
re_investment,360000,江西省,2024-05,729.2774,,,,28.91882140539479,163.5900999999999,-1.1012522088825416,不動産開発投資完成額（累計）
re_investment,360000,江西省,2024-06,898.8194,,,,23.247943786548177,169.54200000000003,3.638300850723941,不動産開発投資完成額（累計）
re_investment,360000,江西省,2024-07,1013.2118,,,,12.72696161208804,114.39240000000007,-32.52857698977242,不動産開発投資完成額（累計）
re_investment,360000,江西省,2024-08,1111.0244,,,,9.653717021455922,97.81259999999997,-14.493795042328061,不動産開発投資完成額（累計）
re_investment,360000,江西省,2024-09,1239.3194,,,,11.547451163088773,128.29500000000007,31.164083154931067,不動産開発投資完成額（累計）
re_investment,360000,江西省,2024-10,1320.217,,,,6.527582800688836,80.89760000000001,-36.944074203983035,不動産開発投資完成額（累計）
re_investment,360000,江西省,2024-11,1401.8597,,,,6.18403641219587,81.64269999999988,0.9210409208676884,不動産開発投資完成額（累計）
re_investment,360000,江西省,2024-12,1470.1452,,,,4.8710652000339305,68.28549999999996,-16.36055642451798,不動産開発投資完成額（累計）
re_investment,360000,江西省,2025-02,210.1112,,-8.729646080166809,,,,,不動産開発投資完成額（累計）
re_investment,360000,江西省,2025-03,364.1841,,-9.016662519524044,,73.32921805215524,154.0729,,不動産開発投資完成額（累計）
re_investment,360000,江西省,2025-04,508.43,,-10.121722725611837,,39.607962017012824,144.2459,-6.378149564264712,不動産開発投資完成額（累計）
re_investment,360000,江西省,2025-05,654.84,,-10.207007648941257,,28.79649115905829,146.41000000000003,1.5002852767392438,不動産開発投資完成額（累計）
re_investment,360000,江西省,2025-06,806.49,,-10.272297193407255,,23.158328752061564,151.64999999999998,3.5789905061129446,不動産開発投資完成額（累計）
re_investment,360000,江西省,2025-07,908.75,,-10.309966780884317,,12.67963644930501,102.25999999999999,-32.568414111440816,不動産開発投資完成額（累計）
re_investment,360000,江西省,2025-08,995.96,,-10.356604229394062,,9.596698762035771,87.21000000000004,-14.717387052610952,不動産開発投資完成額（累計）
re_investment,360000,江西省,2025-09,1103.86,,-10.930144400224851,,10.833768424434709,107.89999999999986,23.72434353858481,不動産開発投資完成額（累計）
re_investment,360000,江西省,2025-10,1173.98,,-11.076739657192725,,6.352254814922187,70.12000000000012,-35.013901760889524,不動産開発投資完成額（累計）
re_investment,360000,江西省,2025-11,1243.62,,-11.287841429495415,,5.9319579549907075,69.63999999999987,-0.6845407872222542,不動産開発投資完成額（累計）
re_investment,360000,江西省,2025-12,1300.64,,-11.529827121838021,,4.585001849439552,57.02000000000021,-18.121769098218966,不動産開発投資完成額（累計）
re_investment,360000,江西省,2026-02,183.65,,-12.593902657259582,,,,,不動産開発投資完成額（累計）
re_investment,360000,江西省,2026-03,318.24,,-12.615624899604349,,73.28614211815953,134.59,,不動産開発投資完成額（累計）
re_investment,360000,江西省,2026-04,444.35,,-12.60350490726353,,39.62732528908999,126.11000000000001,-6.300616687718252,不動産開発投資完成額（累計）
re_investment,360000,江西省,2026-05,564.95,,-13.727017286665443,,27.140767413075274,120.60000000000002,-4.36920149076202,不動産開発投資完成額（累計）
re_investment,360000,江西省,2026-06,685.85,,-14.958647968356708,,21.40012390477033,120.89999999999998,0.24875621890543265,不動産開発投資完成額（累計）
re_investment,370000,山东省,2024-02,817.9582,,,,,,,不動産開発投資完成額（累計）
re_investment,370000,山东省,2024-03,1660.6014,,,,103.01788037579426,842.6432,,不動産開発投資完成額（累計）
re_investment,370000,山东省,2024-04,2339.3513,,,,40.87374007994933,678.7498999999998,-19.449904775829218,不動産開発投資完成額（累計）
re_investment,370000,山东省,2024-05,3182.8332,,,,36.05623063111556,843.4819000000002,24.269911494646323,不動産開発投資完成額（累計）
re_investment,370000,山东省,2024-06,4145.8902,,,,30.257853286185398,963.0569999999998,14.176368218452517,不動産開発投資完成額（累計）
re_investment,370000,山东省,2024-07,4816.2916,,,,16.170264229380706,670.4013999999997,-30.38819093781574,不動産開発投資完成額（累計）
re_investment,370000,山东省,2024-08,5405.1354,,,,12.226082822726102,588.8438000000006,-12.165487721236746,不動産開発投資完成額（累計）
re_investment,370000,山东省,2024-09,5997.3013,,,,10.955616393994493,592.1659,0.5641733851998509,不動産開発投資完成額（累計）
re_investment,370000,山东省,2024-10,6620.7742,,,,10.395890898461268,623.4728999999998,5.286863022676558,不動産開発投資完成額（累計）
re_investment,370000,山东省,2024-11,7196.8327,,,,8.700772486698005,576.0585000000001,-7.604885472969181,不動産開発投資完成額（累計）
re_investment,370000,山东省,2024-12,7544.1505,,,,4.825981295910897,347.3177999999998,-39.707894250323584,不動産開発投資完成額（累計）
re_investment,370000,山东省,2025-02,756.6523,,-7.494991797869388,,,,,不動産開発投資完成額（累計）
re_investment,370000,山东省,2025-03,1518.3703,,-8.565035534716515,,100.66948848235842,761.7180000000001,,不動産開発投資完成額（累計）
re_investment,370000,山东省,2025-04,2174.33,,-7.05414787424189,,43.20156288620767,655.9596999999999,-13.884180234680056,不動産開発投資完成額（累計）
re_investment,370000,山东省,2025-05,2895.14,,-9.038902824062545,,33.15090165706218,720.81,9.886323809221832,不動産開発投資完成額（累計）
re_investment,370000,山东省,2025-06,3752.52,,-9.488196286529726,,29.6144573319425,857.3800000000001,18.94674047252398,不動産開発投資完成額（累計）
re_investment,370000,山东省,2025-07,4364.8,,-9.374257987203249,,16.316501977337893,612.2800000000002,-28.587090904849642,不動産開発投資完成額（累計）
re_investment,370000,山东省,2025-08,4871.29,,-9.876633247707357,,11.603968108504393,506.4899999999998,-17.27804272555047,不動産開発投資完成額（累計）
re_investment,370000,山东省,2025-09,5382.1,,-10.257968863428612,,10.486134063051079,510.8100000000004,0.8529289818161478,不動産開発投資完成額（累計）
re_investment,370000,山东省,2025-10,5899.82,,-10.889273342081351,,9.619293584288657,517.7199999999993,1.3527534699788513,不動産開発投資完成額（累計）
re_investment,370000,山东省,2025-11,6337.64,,-11.93848371659383,,7.420904366573899,437.8200000000006,-15.43305261531307,不動産開発投資完成額（累計）
re_investment,370000,山东省,2025-12,6451.37,,-14.485136530614017,,1.7945165708370903,113.72999999999956,-74.02357133068398,不動産開発投資完成額（累計）
re_investment,370000,山东省,2026-02,642.89,,-15.0349506636007,,,,,不動産開発投資完成額（累計）
re_investment,370000,山东省,2026-03,1292.1,,-14.902181635138678,,100.98306086577797,649.2099999999999,,不動産開発投資完成額（累計）
re_investment,370000,山东省,2026-04,1823.27,,-16.145663261786392,,41.10904728736167,531.1700000000001,-18.182098242479306,不動産開発投資完成額（累計）
re_investment,370000,山东省,2026-05,2360.49,,-18.467155301643444,,29.46464319601594,537.2199999999998,1.1389950486661027,不動産開発投資完成額（累計）
re_investment,370000,山东省,2026-06,2996.27,,-20.153123767494908,,26.934238230197984,635.7800000000002,18.346301329064516,不動産開発投資完成額（累計）
re_investment,410000,河南省,2024-02,445.1404,,,,,,,不動産開発投資完成額（累計）
re_investment,410000,河南省,2024-03,970.5713,,,,118.03711817664717,525.4309,,不動産開発投資完成額（累計）
re_investment,410000,河南省,2024-04,1340.0048,,,,38.06350960511609,369.4335,-29.689422529204123,不動産開発投資完成額（累計）
re_investment,410000,河南省,2024-05,1673.3469,,,,24.8761870106734,333.3421000000001,-9.76939016088143,不動産開発投資完成額（累計）
re_investment,410000,河南省,2024-06,2133.0431,,,,27.471661733738518,459.69619999999986,37.90523309236959,不動産開発投資完成額（累計）
re_investment,410000,河南省,2024-07,2417.7762,,,,13.348680108714174,284.7330999999999,-38.06059306124349,不動産開発投資完成額（累計）
re_investment,410000,河南省,2024-08,2731.2881,,,,12.966952855272563,313.5119000000004,10.10728994978123,不動産開発投資完成額（累計）
re_investment,410000,河南省,2024-09,3055.29,,,,11.86260431479198,324.00189999999975,3.3459654960463325,不動産開発投資完成額（累計）
re_investment,410000,河南省,2024-10,3321.379,,,,8.709124174791928,266.08899999999994,-17.87424703373649,不動産開発投資完成額（累計）
re_investment,410000,河南省,2024-11,3589.4006,,,,8.06958796331283,268.02160000000003,0.7262983437872572,不動産開発投資完成額（累計）
re_investment,410000,河南省,2024-12,3908.4128,,,,8.887617615041354,319.0122000000001,19.024809940691377,不動産開発投資完成額（累計）
re_investment,410000,河南省,2025-02,415.3024,,-6.70305368822961,,,,,不動産開発投資完成額（累計）
re_investment,410000,河南省,2025-03,904.2466,,-6.833573174891939,,117.73209112203543,488.94419999999997,,不動産開発投資完成額（累計）
re_investment,410000,河南省,2025-04,1231.89,,-8.06823975555907,,36.233854791381034,327.64340000000016,-32.989613129678155,不動産開発投資完成額（累計）
re_investment,410000,河南省,2025-05,1536.24,,-8.193573012266608,,24.705939653702846,304.3499999999999,-7.109375619957625,不動産開発投資完成額（累計）
re_investment,410000,河南省,2025-06,1963.63,,-7.942319590260494,,27.820522834973715,427.3900000000001,40.42713980614432,不動産開発投資完成額（累計）
re_investment,410000,河南省,2025-07,2224.91,,-7.9770079629371775,,13.305969047121891,261.27999999999975,-38.8661409953439,不動産開発投資完成額（累計）
re_investment,410000,河南省,2025-08,2511.2,,-8.058033130961185,,12.86748677474594,286.28999999999996,9.572106552357717,不動産開発投資完成額（累計）
re_investment,410000,河南省,2025-09,2807.27,,-8.117723685803968,,11.789980885632367,296.07000000000016,3.4161165252017955,不動産開発投資完成額（累計）
re_investment,410000,河南省,2025-10,3047.81,,-8.236608950679825,,8.56846687351056,240.53999999999996,-18.755699665619673,不動産開発投資完成額（累計）
re_investment,410000,河南省,2025-11,3285.79,,-8.458532045712586,,7.808229515619414,237.98000000000002,-1.0642720545439244,不動産開発投資完成額（累計）
re_investment,410000,河南省,2025-12,3573.89,,-8.5590447354998,,8.76805882299234,288.0999999999999,21.060593327170295,不動産開発投資完成額（累計）
re_investment,410000,河南省,2026-02,387.98,,-6.578916953044322,,,,,不動産開発投資完成額（累計）
re_investment,410000,河南省,2026-03,829.85,,-8.227468038032981,,113.88989123150677,441.87,,不動産開発投資完成額（累計）
re_investment,410000,河南省,2026-04,1116.4,,-9.375025367524703,,34.53033680785684,286.55000000000007,-35.15060990789145,不動産開発投資完成額（累計）
re_investment,410000,河南省,2026-05,1390.6,,-9.480289538093011,,24.561089215334995,274.1999999999998,-4.309893561333189,不動産開発投資完成額（累計）
re_investment,410000,河南省,2026-06,1721.76,,-12.317493621507115,,23.81418092909535,331.1600000000001,20.773158278628845,不動産開発投資完成額（累計）
re_investment,420000,湖北省,2024-02,470.0735,,,,,,,不動産開発投資完成額（累計）
re_investment,420000,湖北省,2024-03,1035.273,,,,120.23640983803591,565.1995,,不動産開発投資完成額（累計）
re_investment,420000,湖北省,2024-04,1553.5698,,,,50.06378027824545,518.2968000000001,-8.298432677311263,不動産開発投資完成額（累計）
re_investment,420000,湖北省,2024-05,2112.636,,,,35.98590806798639,559.0662,7.866033515931403,不動産開発投資完成額（累計）
re_investment,420000,湖北省,2024-06,2758.7533,,,,30.58346539583723,646.1172999999999,15.570803600718474,不動産開発投資完成額（累計）
re_investment,420000,湖北省,2024-07,3161.0613,,,,14.582963978692831,402.308,-37.734525913483495,不動産開発投資完成額（累計）
re_investment,420000,湖北省,2024-08,3580.7511,,,,13.276863691317864,419.6898000000001,4.320520596160193,不動産開発投資完成額（累計）
re_investment,420000,湖北省,2024-09,4053.0143,,,,13.188942398146587,472.26319999999987,12.526728073925009,不動産開発投資完成額（累計）
re_investment,420000,湖北省,2024-10,4458.6904,,,,10.009244230892556,405.6761000000006,-14.09957413577837,不動産開発投資完成額（累計）
re_investment,420000,湖北省,2024-11,4811.7282,,,,7.917970711758748,353.03779999999915,-12.975450118949915,不動産開発投資完成額（累計）
re_investment,420000,湖北省,2024-12,5146.6813,,,,6.9611808081761595,334.95310000000063,-5.122595937318486,不動産開発投資完成額（累計）
re_investment,420000,湖北省,2025-02,445.3016,,-5.269792915363237,,,,,不動産開発投資完成額（累計）
re_investment,420000,湖北省,2025-03,982.3119,,-5.115665143396953,,120.59473848735331,537.0103,,不動産開発投資完成額（累計）
re_investment,420000,湖北省,2025-04,1470.62,,-5.339303068326906,,49.71008698968218,488.30809999999985,-9.069137035174213,不動産開発投資完成額（累計）
re_investment,420000,湖北省,2025-05,2001.7,,-5.2510702269581655,,36.11265996654473,531.0800000000002,8.759203461912746,不動産開発投資完成額（累計）
re_investment,420000,湖北省,2025-06,2611.4,,-5.341300362014967,,30.459109756706802,609.7,14.80379603826163,不動産開発投資完成額（累計）
re_investment,420000,湖北省,2025-07,2989.15,,-5.438404500412563,,14.46542084705522,377.75,-38.0432999835985,不動産開発投資完成額（累計）
re_investment,420000,湖北省,2025-08,3374.68,,-5.754968559529317,,12.897646488132075,385.52999999999975,2.0595632031766398,不動産開発投資完成額（累計）
re_investment,420000,湖北省,2025-09,3806.91,,-6.072130068724402,,12.808029205732097,432.23,12.11319482271167,不動産開発投資完成額（累計）
re_investment,420000,湖北省,2025-10,4178.49,,-6.2843654719780595,,9.7606720411042,371.5799999999999,-14.031881174374771,不動産開発投資完成額（累計）
re_investment,420000,湖北省,2025-11,4433.93,,-7.851611402323167,,6.113213146375851,255.4400000000005,-31.255718822326127,不動産開発投資完成額（累計）
re_investment,420000,湖北省,2025-12,4703.64,,-8.608290938861895,,6.082865539149251,269.71000000000004,5.5864390854993395,不動産開発投資完成額（累計）
re_investment,420000,湖北省,2026-02,419.0,,-5.906468784302598,,,,,不動産開発投資完成額（累計）
re_investment,420000,湖北省,2026-03,913.59,,-6.995934794233893,,118.0405727923628,494.59000000000003,,不動産開発投資完成額（累計）
re_investment,420000,湖北省,2026-04,1321.65,,-10.129741197590114,,44.6655501920993,408.06000000000006,-17.495299136658637,不動産開発投資完成額（累計）
re_investment,420000,湖北省,2026-05,1740.37,,-13.055402907528613,,31.681610108576375,418.7199999999998,2.6123609273145387,不動産開発投資完成額（累計）
re_investment,420000,湖北省,2026-06,2193.2,,-16.014398406984764,,26.019179829576466,452.8299999999999,8.146255254107793,不動産開発投資完成額（累計）
re_investment,430000,湖南省,2024-02,337.1772,,,,,,,不動産開発投資完成額（累計）
re_investment,430000,湖南省,2024-03,648.814,,,,92.42522922664993,311.63679999999994,,不動産開発投資完成額（累計）
re_investment,430000,湖南省,2024-04,979.1285,,,,50.910507479801616,330.31450000000007,5.993419262423472,不動産開発投資完成額（累計）
re_investment,430000,湖南省,2024-05,1254.8572,,,,28.16062447370289,275.7286999999999,-16.525402305984194,不動産開発投資完成額（累計）
re_investment,430000,湖南省,2024-06,1620.7575,,,,29.15872021135155,365.9003,32.70301568171907,不動産開発投資完成額（累計）
re_investment,430000,湖南省,2024-07,1860.8604,,,,14.814239637947079,240.1029000000001,-34.380239644515164,不動産開発投資完成額（累計）
re_investment,430000,湖南省,2024-08,2124.39,,,,14.161707132893998,263.52959999999985,9.756941711241197,不動産開発投資完成額（累計）
re_investment,430000,湖南省,2024-09,2458.0836,,,,15.707737279877998,333.69360000000006,26.624713125205,不動産開発投資完成額（累計）
re_investment,430000,湖南省,2024-10,2757.8676,,,,12.19584232204307,299.7840000000001,-10.161897021698929,不動産開発投資完成額（累計）
re_investment,430000,湖南省,2024-11,3059.8511,,,,10.949891140531909,301.9834999999998,0.733694927014028,不動産開発投資完成額（累計）
re_investment,430000,湖南省,2024-12,3350.593,,,,9.501831641415492,290.7419,-3.7225874923629387,不動産開発投資完成額（累計）
re_investment,430000,湖南省,2025-02,304.0487,,-9.82524915682319,,,,,不動産開発投資完成額（累計）
re_investment,430000,湖南省,2025-03,583.284,,-10.099967016741306,,91.83900473838567,279.2353,,不動産開発投資完成額（累計）
re_investment,430000,湖南省,2025-04,823.96,,-15.847613464422693,,41.26223246308831,240.67600000000004,-13.808891640849119,不動産開発投資完成額（累計）
re_investment,430000,湖南省,2025-05,1056.36,,-15.818309844339263,,28.205252682169025,232.39999999999986,-3.4386478086723127,不動産開発投資完成額（累計）
re_investment,430000,湖南省,2025-06,1355.84,,-16.345289162629207,,28.350183649513426,299.48,28.86402753872641,不動産開発投資完成額（累計）
re_investment,430000,湖南省,2025-07,1586.69,,-14.733528640837324,,17.02634529147984,230.85000000000014,-22.916388406571354,不動産開発投資完成額（累計）
re_investment,430000,湖南省,2025-08,1795.83,,-15.466086735486417,,13.180898600230663,209.13999999999987,-9.404375135369392,不動産開発投資完成額（累計）
re_investment,430000,湖南省,2025-09,1951.84,,-20.59505217804635,,8.687347911550658,156.01,-25.404035574256433,不動産開発投資完成額（累計）
re_investment,430000,湖南省,2025-10,2119.61,,-23.143155965862896,,8.595479137634253,167.7700000000002,7.537978334722273,不動産開発投資完成額（累計）
re_investment,430000,湖南省,2025-11,2275.88,,-25.621217320019262,,7.372582692099017,156.26999999999998,-6.8546223997140165,不動産開発投資完成額（累計）
re_investment,430000,湖南省,2025-12,2398.59,,-28.412970480150822,,5.3917605497653565,122.71000000000004,-21.475651116657033,不動産開発投資完成額（累計）
re_investment,430000,湖南省,2026-02,253.48,,-16.631776422658607,,,,,不動産開発投資完成額（累計）
re_investment,430000,湖南省,2026-03,491.95,,-15.658581411456518,,94.07842827836517,238.47,,不動産開発投資完成額（累計）
re_investment,430000,湖南省,2026-04,661.92,,-19.66600320403904,,34.55025917268016,169.96999999999997,-28.724787184970868,不動産開発投資完成額（累計）
re_investment,430000,湖南省,2026-05,798.51,,-24.40929228672043,,20.635424220449615,136.59000000000003,-19.638759781137814,不動産開発投資完成額（累計）
re_investment,430000,湖南省,2026-06,993.57,,-26.71922940759971,,24.427997144681978,195.06000000000006,42.8069404788052,不動産開発投資完成額（累計）
re_investment,440000,广东省,2024-02,1416.8438,,,,,,,不動産開発投資完成額（累計）
re_investment,440000,广东省,2024-03,2506.2206,,,,76.88757222214615,1089.3768,,不動産開発投資完成額（累計）
re_investment,440000,广东省,2024-04,3532.558,,,,40.95159859431368,1026.3374,-5.786739721279188,不動産開発投資完成額（累計）
re_investment,440000,广东省,2024-05,4619.1794,,,,30.760185678480024,1086.6214,5.8737019619474085,不動産開発投資完成額（累計）
re_investment,440000,广东省,2024-06,5893.4039,,,,27.585516596302796,1274.2245000000003,17.2648081475296,不動産開発投資完成額（累計）
re_investment,440000,广东省,2024-07,6746.2161,,,,14.47062197790312,852.8121999999994,-33.072060692601724,不動産開発投資完成額（累計）
re_investment,440000,广东省,2024-08,7613.1004,,,,12.849933757680843,866.8843000000006,1.6500819289406499,不動産開発投資完成額（累計）
re_investment,440000,广东省,2024-09,8665.377,,,,13.821919385169279,1052.2766000000001,21.386048864883044,不動産開発投資完成額（累計）
re_investment,440000,广东省,2024-10,9491.6433,,,,9.535260843238547,826.2662999999993,-21.478221600670466,不動産開発投資完成額（累計）
re_investment,440000,广东省,2024-11,10320.2224,,,,8.729564247320587,828.5791000000008,0.27990975790752604,不動産開発投資完成額（累計）
re_investment,440000,广东省,2024-12,11197.9729,,,,8.505151013024692,877.7505000000001,5.934424365760527,不動産開発投資完成額（累計）
re_investment,440000,广东省,2025-02,1201.6092,,-15.191131160682636,,,,,不動産開発投資完成額（累計）
re_investment,440000,广东省,2025-03,2141.9651,,-14.534055781043387,,78.25804762480178,940.3558999999998,,不動産開発投資完成額（累計）
re_investment,440000,广东省,2025-04,2962.48,,-16.13782420557568,,38.306641877591765,820.5149000000001,-12.744217375570221,不動産開発投資完成額（累計）
re_investment,440000,广东省,2025-05,3872.3,,-16.16909271807022,,30.71143096324702,909.8200000000002,10.884031478282719,不動産開発投資完成額（累計）
re_investment,440000,广东省,2025-06,4975.03,,-15.583080942407502,,28.477390698034743,1102.7299999999996,21.20309511771552,不動産開発投資完成額（累計）
re_investment,440000,广东省,2025-07,5635.74,,-16.460725294584023,,13.280522931520022,660.71,-40.08415477950176,不動産開発投資完成額（累計）
re_investment,440000,广东省,2025-08,6223.01,,-18.259189120900075,,10.420459425026717,587.2700000000004,-11.11531534258594,不動産開発投資完成額（累計）
re_investment,440000,广东省,2025-09,6949.34,,-19.8033738174346,,11.671682995849263,726.3299999999999,23.679057333083485,不動産開発投資完成額（累計）
re_investment,440000,广东省,2025-10,7585.29,,-20.084544264321437,,9.151228749780561,635.9499999999998,-12.44337973097629,不動産開発投資完成額（累計）
re_investment,440000,广东省,2025-11,8146.86,,-21.059259343093228,,7.403408439229087,561.5699999999997,-11.695888041512713,不動産開発投資完成額（累計）
re_investment,440000,广东省,2025-12,8598.22,,-23.216281403931603,,5.5402940519414745,451.3599999999997,-19.625336111259518,不動産開発投資完成額（累計）
re_investment,440000,广东省,2026-02,1033.03,,-14.029453169965755,,,,,不動産開発投資完成額（累計）
re_investment,440000,广东省,2026-03,1866.08,,-12.879999772171825,,80.64141409252392,833.05,,不動産開発投資完成額（累計）
re_investment,440000,广东省,2026-04,2477.43,,-16.373106316329565,,32.761189230901145,611.3499999999999,-26.61304843646841,不動産開発投資完成額（累計）
re_investment,440000,广东省,2026-05,3088.59,,-20.23887612013532,,24.669112749906176,611.1600000000003,-0.03107876012097277,不動産開発投資完成額（累計）
re_investment,440000,广东省,2026-06,3967.96,,-20.242491000054265,,28.47156793229273,879.3699999999999,43.88539825904827,不動産開発投資完成額（累計）
re_investment,450000,广西壮族自治区,2024-02,151.6321,,,,,,,不動産開発投資完成額（累計）
re_investment,450000,广西壮族自治区,2024-03,306.1627,,,,101.91153456293223,154.53059999999996,,不動産開発投資完成額（累計）
re_investment,450000,广西壮族自治区,2024-04,402.1,,,,31.335397812992905,95.93730000000005,-37.91695625332454,不動産開発投資完成額（累計）
re_investment,450000,广西壮族自治区,2024-05,494.5675,,,,22.996145237503107,92.46749999999997,-3.6167371814717297,不動産開発投資完成額（累計）
re_investment,450000,广西壮族自治区,2024-06,622.3351,,,,25.834208677278635,127.76760000000002,38.17568334820347,不動産開発投資完成額（累計）
re_investment,450000,广西壮族自治区,2024-07,706.9047,,,,13.589077652859372,84.56960000000004,-33.80982346072086,不動産開発投資完成額（累計）
re_investment,450000,广西壮族自治区,2024-08,785.5343,,,,11.123083493432695,78.62959999999998,-7.0238005146057825,不動産開発投資完成額（累計）
re_investment,450000,广西壮族自治区,2024-09,895.1714,,,,13.957009897594542,109.63709999999992,39.434894747016315,不動産開発投資完成額（累計）
re_investment,450000,广西壮族自治区,2024-10,960.2793,,,,7.273232813291419,65.10790000000009,-40.61508376270429,不動産開発投資完成額（累計）
re_investment,450000,广西壮族自治区,2024-11,1034.8827,,,,7.768927227734679,74.60340000000008,14.584251680671589,不動産開発投資完成額（累計）
re_investment,450000,广西壮族自治区,2024-12,1163.015,,,,12.38133558518275,128.1323,71.75128747483339,不動産開発投資完成額（累計）
re_investment,450000,广西壮族自治区,2025-02,132.8747,,-12.370335832584278,,,,,不動産開発投資完成額（累計）
re_investment,450000,广西壮族自治区,2025-03,252.271,,-17.60230753125707,,89.85630823625566,119.3963,,不動産開発投資完成額（累計）
re_investment,450000,广西壮族自治区,2025-04,330.68,,-17.76175080825666,,31.081257853657384,78.40900000000002,-34.3287857328912,不動産開発投資完成額（累計）
re_investment,450000,广西壮族自治区,2025-05,411.2,,-16.856647474813858,,24.349824603846603,80.51999999999998,2.69229297657152,不動産開発投資完成額（累計）
re_investment,450000,广西壮族自治区,2025-06,530.67,,-14.729219033282881,,29.053988326848245,119.46999999999997,48.37307501241928,不動産開発投資完成額（累計）
re_investment,450000,广西壮族自治区,2025-07,594.2,,-15.943407930375908,,11.971658469481984,63.530000000000086,-46.82347032727873,不動産開発投資完成額（累計）
re_investment,450000,广西壮族自治区,2025-08,657.48,,-16.30155424148888,,10.649612924941088,63.27999999999997,-0.39351487486244396,不動産開発投資完成額（累計）
re_investment,450000,广西壮族自治区,2025-09,750.72,,-16.136730909857032,,14.18141996714728,93.24000000000001,47.34513274336292,不動産開発投資完成額（累計）
re_investment,450000,广西壮族自治区,2025-10,808.76,,-15.778669809918844,,7.731244671781745,58.039999999999964,-37.75203775203779,不動産開発投資完成額（累計）
re_investment,450000,广西壮族自治区,2025-11,871.38,,-15.7991528895014,,7.742717246154607,62.620000000000005,7.891109579600353,不動産開発投資完成額（累計）
re_investment,450000,广西壮族自治区,2025-12,974.46,,-16.21260258896059,,11.829511808854921,103.08000000000004,64.61194506547434,不動産開発投資完成額（累計）
re_investment,450000,广西壮族自治区,2026-02,101.99,,-23.243476749147884,,,,,不動産開発投資完成額（累計）
re_investment,450000,广西壮族自治区,2026-03,199.07,,-21.088829076667547,,95.18580252965978,97.08,,不動産開発投資完成額（累計）
re_investment,450000,广西壮族自治区,2026-04,250.7,,-24.186524736905778,,25.935600542522728,51.629999999999995,-46.81705809641533,不動産開発投資完成額（累計）
re_investment,450000,广西壮族自治区,2026-05,304.15,,-26.033560311284056,,21.320303151176702,53.44999999999999,3.525082316482653,不動産開発投資完成額（累計）
re_investment,450000,广西壮族自治区,2026-06,383.36,,-27.75924774341869,,26.04307085319746,79.21000000000004,48.194574368568865,不動産開発投資完成額（累計）
re_investment,460000,海南省,2024-02,141.5076,,,,,,,不動産開発投資完成額（累計）
re_investment,460000,海南省,2024-03,282.2767,,,,99.47811990310062,140.7691,,不動産開発投資完成額（累計）
re_investment,460000,海南省,2024-04,359.2445,,,,27.26679176850233,76.96780000000001,-45.323369972529484,不動産開発投資完成額（累計）
re_investment,460000,海南省,2024-05,447.0722,,,,24.447889946818947,87.8277,14.109666639815588,不動産開発投資完成額（累計）
re_investment,460000,海南省,2024-06,558.8099,,,,24.99321138733295,111.73769999999996,27.223757425049232,不動産開発投資完成額（累計）
re_investment,460000,海南省,2024-07,661.2253,,,,18.327413311754135,102.41539999999998,-8.343021200543765,不動産開発投資完成額（累計）
re_investment,460000,海南省,2024-08,751.8958,,,,13.71249708684772,90.67050000000006,-11.467904240963678,不動産開発投資完成額（累計）
re_investment,460000,海南省,2024-09,860.4547,,,,14.438024524142845,108.5589,19.729018809866417,不動産開発投資完成額（累計）
re_investment,460000,海南省,2024-10,949.4114,,,,10.338336230832358,88.95669999999996,-18.056741547676005,不動産開発投資完成額（累計）
re_investment,460000,海南省,2024-11,1077.6952,,,,13.511929601856497,128.28380000000016,44.20926135974044,不動産開発投資完成額（累計）
re_investment,460000,海南省,2024-12,1207.6271,,,,12.056460862032225,129.9318999999998,1.2847296385043672,不動産開発投資完成額（累計）
re_investment,460000,海南省,2025-02,139.324,,-1.5430973318747432,,,,,不動産開発投資完成額（累計）
re_investment,460000,海南省,2025-03,276.2113,,-2.148742705295903,,98.25105509459962,136.88729999999998,,不動産開発投資完成額（累計）
re_investment,460000,海南省,2025-04,342.11,,-4.769592853891991,,23.85807532132105,65.89870000000002,-51.85915713145045,不動産開発投資完成額（累計）
re_investment,460000,海南省,2025-05,416.98,,-6.730948602932585,,21.884773903130572,74.87,13.613773868073253,不動産開発投資完成額（累計）
re_investment,460000,海南省,2025-06,518.43,,-7.226053081736749,,24.329704062544955,101.44999999999993,35.50153599572583,不動産開発投資完成額（累計）
re_investment,460000,海南省,2025-07,571.03,,-13.64063050823977,,10.146017784464645,52.60000000000002,-48.151798915721976,不動産開発投資完成額（累計）
re_investment,460000,海南省,2025-08,626.94,,-16.61876552575503,,9.791079277796278,55.91000000000008,6.292775665399342,不動産開発投資完成額（累計）
re_investment,460000,海南省,2025-09,723.02,,-15.972334162391121,,15.325230484575858,96.07999999999993,71.84761223394705,不動産開発投資完成額（累計）
re_investment,460000,海南省,2025-10,778.3,,-18.02289292081388,,7.6457082791624,55.27999999999997,-42.46461282264777,不動産開発投資完成額（累計）
re_investment,460000,海南省,2025-11,853.31,,-20.820840623582637,,9.637671848901451,75.00999999999999,35.69102749638211,不動産開発投資完成額（累計）
re_investment,460000,海南省,2025-12,929.45,,-23.03501635562831,,8.922900235553332,76.1400000000001,1.5064658045595314,不動産開発投資完成額（累計）
re_investment,460000,海南省,2026-02,106.05,,-23.882461026097445,,,,,不動産開発投資完成額（累計）
re_investment,460000,海南省,2026-03,197.87,,-28.362814989828433,,86.58180103724659,91.82000000000001,,不動産開発投資完成額（累計）
re_investment,460000,海南省,2026-04,238.32,,-30.338195317295614,,20.442714913832315,40.44999999999999,-55.94641690263561,不動産開発投資完成額（累計）
re_investment,460000,海南省,2026-05,283.22,,-32.07827713559402,,18.840214837193713,44.900000000000034,11.001236093943255,不動産開発投資完成額（累計）
re_investment,460000,海南省,2026-06,341.45,,-34.13768493335647,,20.559988701362887,58.22999999999996,29.68819599109114,不動産開発投資完成額（累計）
re_investment,500000,重庆市,2024-02,303.5575,,,,,,,不動産開発投資完成額（累計）
re_investment,500000,重庆市,2024-03,633.3008,,,,108.62630638346933,329.7433,,不動産開発投資完成額（累計）
re_investment,500000,重庆市,2024-04,828.6617,,,,30.84804250997315,195.36090000000002,-40.75364078663613,不動産開発投資完成額（累計）
re_investment,500000,重庆市,2024-05,1034.3341,,,,24.819826957128587,205.67240000000004,5.278180024764434,不動産開発投資完成額（累計）
re_investment,500000,重庆市,2024-06,1357.3155,,,,31.226022616870107,322.9813999999999,57.036821663966506,不動産開発投資完成額（累計）
re_investment,500000,重庆市,2024-07,1533.9762,,,,13.015448508471316,176.66070000000013,-45.30313510313591,不動産開発投資完成額（累計）
re_investment,500000,重庆市,2024-08,1750.0899,,,,14.088464997044925,216.11369999999988,22.332641045801193,不動産開発投資完成額（累計）
re_investment,500000,重庆市,2024-09,2026.6765,,,,15.804136690349457,276.5866000000001,27.981983557729208,不動産開発投資完成額（累計）
re_investment,500000,重庆市,2024-10,2221.8814,,,,9.631773990570291,195.20490000000018,-29.423587404451222,不動産開発投資完成額（累計）
re_investment,500000,重庆市,2024-11,2388.4404,,,,7.496304708253088,166.55899999999974,-14.674785315327854,不動産開発投資完成額（累計）
re_investment,500000,重庆市,2024-12,2565.7881,,,,7.425251222513252,177.34770000000026,6.477404403244824,不動産開発投資完成額（累計）
re_investment,500000,重庆市,2025-02,298.4768,,-1.6737191471138058,,,,,不動産開発投資完成額（累計）
re_investment,500000,重庆市,2025-03,592.1452,,-6.498586453704136,,98.38902052018783,293.6684,,不動産開発投資完成額（累計）
re_investment,500000,重庆市,2025-04,780.56,,-5.804745169228898,,31.819020064673296,188.4147999999999,-35.84096892958184,不動産開発投資完成額（累計）
re_investment,500000,重庆市,2025-05,987.12,,-4.564685627206922,,26.463052167674505,206.56000000000006,9.63045365862989,不動産開発投資完成額（累計）
re_investment,500000,重庆市,2025-06,1252.71,,-7.706793298978754,,26.90554339897886,265.59000000000003,28.577652982184333,不動産開発投資完成額（累計）
re_investment,500000,重庆市,2025-07,1404.13,,-8.464681525045826,,12.087394528661877,151.42000000000007,-42.987311269249574,不動産開発投資完成額（累計）
re_investment,500000,重庆市,2025-08,1582.69,,-9.565217192556785,,12.716771239130264,178.55999999999995,17.92365605600308,不動産開発投資完成額（累計）
re_investment,500000,重庆市,2025-09,1776.64,,-12.337267442534605,,12.25445286189968,193.95000000000005,8.618951612903292,不動産開発投資完成額（累計）
re_investment,500000,重庆市,2025-10,1928.03,,-13.225341370606014,,8.521141030259361,151.38999999999987,-21.9437999484404,不動産開発投資完成額（累計）
re_investment,500000,重庆市,2025-11,2070.39,,-13.31623765868305,,7.383702535748915,142.3599999999999,-5.964726864389968,不動産開発投資完成額（累計）
re_investment,500000,重庆市,2025-12,2210.7,,-13.839338486292007,,6.776984046483991,140.30999999999995,-1.4400112391120823,不動産開発投資完成額（累計）
re_investment,500000,重庆市,2026-02,256.74,,-13.98326436091516,,,,,不動産開発投資完成額（累計）
re_investment,500000,重庆市,2026-03,497.56,,-15.973311951190361,,93.79917426189918,240.82,,不動産開発投資完成額（累計）
re_investment,500000,重庆市,2026-04,655.32,,-16.044890847596584,,31.706728836723208,157.76000000000005,-34.490490823021325,不動産開発投資完成額（累計）
re_investment,500000,重庆市,2026-05,814.7,,-17.4669746332766,,24.32094244033449,159.38,1.0268762677484444,不動産開発投資完成額（累計）
re_investment,500000,重庆市,2026-06,942.48,,-24.76471010848481,,15.684300969682097,127.77999999999997,-19.82682896222865,不動産開発投資完成額（累計）
re_investment,510000,四川省,2024-02,700.7051,,,,,,,不動産開発投資完成額（累計）
re_investment,510000,四川省,2024-03,1084.5018,,,,54.772928012083824,383.7967,,不動産開発投資完成額（累計）
re_investment,510000,四川省,2024-04,1519.2809,,,,40.09021469581702,434.77909999999997,13.283699416904838,不動産開発投資完成額（累計）
re_investment,510000,四川省,2024-05,1977.5067,,,,30.160703001005285,458.22579999999994,5.392784519771077,不動産開発投資完成額（累計）
re_investment,510000,四川省,2024-06,2473.3861,,,,25.07599089297652,495.87940000000026,8.217258827416597,不動産開発投資完成額（累計）
re_investment,510000,四川省,2024-07,2901.5251,,,,17.309832864347374,428.13899999999967,-13.660660233113243,不動産開発投資完成額（累計）
re_investment,510000,四川省,2024-08,3325.1339,,,,14.59952216163838,423.6088,-1.0581143039993357,不動産開発投資完成額（累計）
re_investment,510000,四川省,2024-09,3718.4516,,,,11.82862741256827,393.31770000000006,-7.150724914118856,不動産開発投資完成額（累計）
re_investment,510000,四川省,2024-10,4114.3937,,,,10.648036940967565,395.94209999999975,0.6672468592183067,不動産開発投資完成額（累計）
re_investment,510000,四川省,2024-11,4502.7023,,,,9.43780854029599,388.3086000000003,-1.927933402383697,不動産開発投資完成額（累計）
re_investment,510000,四川省,2024-12,4793.5277,,,,6.458908020634624,290.8253999999997,-25.104568891855727,不動産開発投資完成額（累計）
re_investment,510000,四川省,2025-02,659.7092,,-5.85066385273919,,,,,不動産開発投資完成額（累計）
re_investment,510000,四川省,2025-03,1021.7315,,-5.787938756763711,,54.876042353206536,362.0223,,不動産開発投資完成額（累計）
re_investment,510000,四川省,2025-04,1425.96,,-6.142438834056296,,39.56308482218667,404.22850000000005,11.658453084243735,不動産開発投資完成額（累計）
re_investment,510000,四川省,2025-05,1856.87,,-6.100444564865448,,30.21894022272713,430.90999999999985,6.600598423911186,不動産開発投資完成額（累計）
re_investment,510000,四川省,2025-06,2330.81,,-5.764409365767853,,25.523596159128005,473.94000000000005,9.985843911721748,不動産開発投資完成額（累計）
re_investment,510000,四川省,2025-07,2730.99,,-5.877429769606335,,17.169138625627987,400.17999999999984,-15.563151453770562,不動産開発投資完成額（累計）
re_investment,510000,四川省,2025-08,3129.25,,-5.891007877908305,,14.58299005122685,398.2600000000002,-0.4797840971561884,不動産開発投資完成額（累計）
re_investment,510000,四川省,2025-09,3495.34,,-6.000121125685753,,11.698969401613812,366.09000000000015,-8.077637724099851,不動産開発投資完成額（累計）
re_investment,510000,四川省,2025-10,3838.39,,-6.708247195692518,,9.814495871646244,343.0499999999997,-6.293534376792708,不動産開発投資完成額（累計）
re_investment,510000,四川省,2025-11,4182.35,,-7.114667563076504,,8.961048773053303,343.9600000000005,0.2652674537241717,不動産開発投資完成額（累計）
re_investment,510000,四川省,2025-12,4386.29,,-8.495574146781292,,4.87620596076368,203.9399999999996,-40.70822188626605,不動産開発投資完成額（累計）
re_investment,510000,四川省,2026-02,604.99,,-8.294442460405282,,,,,不動産開発投資完成額（累計）
re_investment,510000,四川省,2026-03,947.2,,-7.294626817319417,,56.56457131522836,342.21000000000004,,不動産開発投資完成額（累計）
re_investment,510000,四川省,2026-04,1313.11,,-7.913966731184619,,38.63070101351349,365.90999999999985,6.92557201718238,不動産開発投資完成額（累計）
re_investment,510000,四川省,2026-05,1713.79,,-7.705439799232039,,30.51381833966691,400.68000000000006,9.502336640157472,不動産開発投資完成額（累計）
re_investment,510000,四川省,2026-06,2154.84,,-7.549735928711465,,25.73535847449222,441.0500000000002,10.075371867824723,不動産開発投資完成額（累計）
re_investment,520000,贵州省,2024-02,178.8819,,,,,,,不動産開発投資完成額（累計）
re_investment,520000,贵州省,2024-03,277.6065,,,,55.18982077001642,98.72459999999998,,不動産開発投資完成額（累計）
re_investment,520000,贵州省,2024-04,379.4896,,,,36.70054555639008,101.88310000000001,3.1993039222240727,不動産開発投資完成額（累計）
re_investment,520000,贵州省,2024-05,524.9617,,,,38.33361968285822,145.47209999999995,42.783346796475506,不動産開発投資完成額（累計）
re_investment,520000,贵州省,2024-06,667.4953,,,,27.151237890307065,142.5336000000001,-2.0199749642714093,不動産開発投資完成額（累計）
re_investment,520000,贵州省,2024-07,734.9329,,,,10.103082373763517,67.43759999999997,-52.686524440553015,不動産開発投資完成額（累計）
re_investment,520000,贵州省,2024-08,789.0868,,,,7.368550244518923,54.15390000000002,-19.697765045019334,不動産開発投資完成額（累計）
re_investment,520000,贵州省,2024-09,893.0433,,,,13.174279432883672,103.9565,91.96493696668193,不動産開発投資完成額（累計）
re_investment,520000,贵州省,2024-10,996.0456,,,,11.533852837818714,103.00229999999999,-0.9178839226022584,不動産開発投資完成額（累計）
re_investment,520000,贵州省,2024-11,1097.0289,,,,10.13842137347929,100.98329999999999,-1.9601504044084561,不動産開発投資完成額（累計）
re_investment,520000,贵州省,2024-12,1191.318,,,,8.594951327171053,94.28909999999996,-6.629016877048011,不動産開発投資完成額（累計）
re_investment,520000,贵州省,2025-02,186.6663,,4.35169796385213,,,,,不動産開発投資完成額（累計）
re_investment,520000,贵州省,2025-03,289.9797,,4.457100248012913,,55.34657300219694,103.31339999999997,,不動産開発投資完成額（累計）
re_investment,520000,贵州省,2025-04,398.16,,4.919871321901836,,37.306163155558835,108.18030000000005,4.710811956629124,不動産開発投資完成額（累計）
re_investment,520000,贵州省,2025-05,530.59,,1.0721353576842008,,33.26049829214386,132.43,22.416003653160477,不動産開発投資完成額（累計）
re_investment,520000,贵州省,2025-06,673.21,,0.8561408597184128,,26.879511487212348,142.62,7.694631125877827,不動産開発投資完成額（累計）
re_investment,520000,贵州省,2025-07,749.87,,2.032444050334381,,11.387234295390725,76.65999999999997,-46.2487729631188,不動産開発投資完成額（累計）
re_investment,520000,贵州省,2025-08,803.12,,1.7784101825046417,,7.101230880019194,53.25,-30.537438038090237,不動産開発投資完成額（累計）
re_investment,520000,贵州省,2025-09,900.08,,0.7879461163865065,,12.072915629046733,96.96000000000004,82.08450704225359,不動産開発投資完成額（累計）
re_investment,520000,贵州省,2025-10,1003.65,,0.7634590223580151,,11.506754955115085,103.56999999999994,6.817244224422336,不動産開発投資完成額（累計）
re_investment,520000,贵州省,2025-11,1099.28,,0.20519969893226797,,9.528221989737462,95.63,-7.66631263879497,不動産開発投資完成額（累計）
re_investment,520000,贵州省,2025-12,1192.41,,0.09166318312996413,,8.47190888581617,93.13000000000011,-2.614242392554522,不動産開発投資完成額（累計）
re_investment,520000,贵州省,2026-02,190.56,,2.0859148116183723,,,,,不動産開発投資完成額（累計）
re_investment,520000,贵州省,2026-03,301.03,,3.81071502591388,,57.971242653232565,110.46999999999997,,不動産開発投資完成額（累計）
re_investment,520000,贵州省,2026-04,385.18,,-3.2599959815149737,,27.954024515829,84.15000000000003,-23.82547297908929,不動産開発投資完成額（累計）
re_investment,520000,贵州省,2026-05,465.16,,-12.33155543828568,,20.764317981203597,79.98000000000002,-4.955436720142615,不動産開発投資完成額（累計）
re_investment,520000,贵州省,2026-06,552.7,,-17.900803612542894,,18.819330982887617,87.54000000000002,9.452363090772685,不動産開発投資完成額（累計）
re_investment,530000,云南省,2024-02,144.692,,,,,,,不動産開発投資完成額（累計）
re_investment,530000,云南省,2024-03,311.6138,,,,115.36353081027286,166.92180000000002,,不動産開発投資完成額（累計）
re_investment,530000,云南省,2024-04,434.2226,,,,39.346396083870474,122.60879999999997,-26.54716160501507,不動産開発投資完成額（累計）
re_investment,530000,云南省,2024-05,548.3324,,,,26.27910200896959,114.1098,-6.931802611231797,不動産開発投資完成額（累計）
re_investment,530000,云南省,2024-06,690.9167,,,,26.00326006633933,142.58429999999998,24.953597324681986,不動産開発投資完成額（累計）
re_investment,530000,云南省,2024-07,776.3211,,,,12.361027023952387,85.40440000000001,-40.10252180639803,不動産開発投資完成額（累計）
re_investment,530000,云南省,2024-08,859.9822,,,,10.776610348475657,83.66110000000003,-2.0412297258688983,不動産開発投資完成額（累計）
re_investment,530000,云南省,2024-09,973.8747,,,,13.243588064962264,113.89249999999993,36.13555164825692,不動産開発投資完成額（累計）
re_investment,530000,云南省,2024-10,1054.999,,,,8.33005519087826,81.12430000000006,-28.771165792304043,不動産開発投資完成額（累計）
re_investment,530000,云南省,2024-11,1158.7607,,,,9.835241549992002,103.76170000000002,27.90458592554874,不動産開発投資完成額（累計）
re_investment,530000,云南省,2024-12,1228.585,,,,6.025773915183685,69.8243,-32.70705857749056,不動産開発投資完成額（累計）
re_investment,530000,云南省,2025-02,143.3505,,-0.9271417908384705,,,,,不動産開発投資完成額（累計）
re_investment,530000,云南省,2025-03,302.943,,-2.782546857680901,,111.3302709094143,159.59249999999997,,不動産開発投資完成額（累計）
re_investment,530000,云南省,2025-04,421.41,,-2.9506985587576473,,39.10537625890021,118.46700000000004,-25.769068095305194,不動産開発投資完成額（累計）
re_investment,530000,云南省,2025-05,529.33,,-3.465489181379755,,25.609264137063658,107.92000000000002,-8.90290122987838,不動産開発投資完成額（累計）
re_investment,530000,云南省,2025-06,664.7,,-3.7944805792072933,,25.57383862618783,135.37,25.435507783543354,不動産開発投資完成額（累計）
re_investment,530000,云南省,2025-07,748.31,,-3.608184809095105,,12.578606890326437,83.6099999999999,-38.235945925980715,不動産開発投資完成額（累計）
re_investment,530000,云南省,2025-08,836.03,,-2.785197181988197,,11.722414507356582,87.72000000000003,4.915679942590767,不動産開発投資完成額（累計）
re_investment,530000,云南省,2025-09,961.61,,-1.2593714571289216,,15.020992069662586,125.58000000000004,43.16005471956223,不動産開発投資完成額（累計）
re_investment,530000,云南省,2025-10,1039.83,,-1.4378212680770441,,8.134274809954123,78.21999999999991,-37.71301162605519,不動産開発投資完成額（累計）
re_investment,530000,云南省,2025-11,1098.11,,-5.234100535166586,,5.604762316917178,58.27999999999997,-25.492201482996624,不動産開発投資完成額（累計）
re_investment,530000,云南省,2025-12,1192.77,,-2.91514221645226,,8.620265729298527,94.66000000000008,62.42278654770097,不動産開発投資完成額（累計）
re_investment,530000,云南省,2026-02,146.75,,2.3714601623293863,,,,,不動産開発投資完成額（累計）
re_investment,530000,云南省,2026-03,296.1,,-2.2588407720264048,,101.77172061328794,149.35000000000002,,不動産開発投資完成額（累計）
re_investment,530000,云南省,2026-04,384.64,,-8.725469257967312,,29.902060114826057,88.53999999999996,-40.71643789755611,不動産開発投資完成額（累計）
re_investment,530000,云南省,2026-05,473.69,,-10.511401205297267,,23.15151830282862,89.05000000000001,0.5760108425570953,不動産開発投資完成額（累計）
re_investment,530000,云南省,2026-06,581.25,,-12.554535880848505,,22.70683358314509,107.56,20.786075238629962,不動産開発投資完成額（累計）
re_investment,540000,西藏自治区,2024-02,1.7759,,,,,,,不動産開発投資完成額（累計）
re_investment,540000,西藏自治区,2024-03,6.2627,,,,252.64936088743735,4.4868,,不動産開発投資完成額（累計）
re_investment,540000,西藏自治区,2024-04,10.2646,,,,63.90055407412139,4.0019,-10.807256842292945,不動産開発投資完成額（累計）
re_investment,540000,西藏自治区,2024-05,15.3427,,,,49.47197163065293,5.078100000000001,26.892226192558553,不動産開発投資完成額（累計）
re_investment,540000,西藏自治区,2024-06,22.5194,,,,46.77599118799167,7.1767,41.32648037651876,不動産開発投資完成額（累計）
re_investment,540000,西藏自治区,2024-07,26.6398,,,,18.297112711706355,4.1204,-42.586425515905646,不動産開発投資完成額（累計）
re_investment,540000,西藏自治区,2024-08,31.5986,,,,18.61425386076472,4.9588,20.34753907387632,不動産開発投資完成額（累計）
re_investment,540000,西藏自治区,2024-09,35.7882,,,,13.258815263967394,4.189600000000002,-15.511817375171367,不動産開発投資完成額（累計）
re_investment,540000,西藏自治区,2024-10,39.2769,,,,9.748185156001131,3.4886999999999944,-16.729520717968484,不動産開発投資完成額（累計）
re_investment,540000,西藏自治区,2024-11,42.9163,,,,9.266006227579071,3.639400000000002,4.319660618568744,不動産開発投資完成額（累計）
re_investment,540000,西藏自治区,2024-12,45.2498,,,,5.437328008239306,2.333500000000001,-35.88228828927846,不動産開発投資完成額（累計）
re_investment,540000,西藏自治区,2025-02,2.4306,,36.86581451658315,,,,,不動産開発投資完成額（累計）
re_investment,540000,西藏自治区,2025-03,6.9101,,10.337394414549639,,184.29605858635725,4.4795,,不動産開発投資完成額（累計）
re_investment,540000,西藏自治区,2025-04,10.32,,0.5397190343510827,,49.346608587430005,3.4099000000000004,-23.877664917959585,不動産開発投資完成額（累計）
re_investment,540000,西藏自治区,2025-05,15.25,,-0.6041961323626222,,47.77131782945736,4.93,44.57901991260738,不動産開発投資完成額（累計）
re_investment,540000,西藏自治区,2025-06,20.19,,-10.343970088012998,,32.39344262295083,4.940000000000001,0.20283975659232123,不動産開発投資完成額（累計）
re_investment,540000,西藏自治区,2025-07,23.04,,-13.512864210692277,,14.115898959881124,2.849999999999998,-42.30769230769237,不動産開発投資完成額（累計）
re_investment,540000,西藏自治区,2025-08,26.59,,-15.85070224630205,,15.407986111111116,3.5500000000000007,24.561403508772052,不動産開発投資完成額（累計）
re_investment,540000,西藏自治区,2025-09,31.77,,-11.22772310426342,,19.481007897705904,5.18,45.91549295774644,不動産開発投資完成額（累計）
re_investment,540000,西藏自治区,2025-10,34.79,,-11.423763077024917,,9.50582310355681,3.0199999999999996,-41.698841698841704,不動産開発投資完成額（累計）
re_investment,540000,西藏自治区,2025-11,38.8,,-9.591460587236089,,11.526300661109513,4.009999999999998,32.78145695364234,不動産開発投資完成額（累計）
re_investment,540000,西藏自治区,2025-12,40.32,,-10.894633788436636,,3.9175257731958846,1.5200000000000031,-62.094763092269226,不動産開発投資完成額（累計）
re_investment,540000,西藏自治区,2026-02,3.41,,40.294577470583405,,,,,不動産開発投資完成額（累計）
re_investment,540000,西藏自治区,2026-03,6.86,,-0.7250256870378058,,101.17302052785924,3.45,,不動産開発投資完成額（累計）
re_investment,540000,西藏自治区,2026-04,10.59,,2.6162790697674465,,54.37317784256559,3.7299999999999995,8.11594202898549,不動産開発投資完成額（累計）
re_investment,540000,西藏自治区,2026-05,15.95,,4.590163934426217,,50.6137865911237,5.359999999999999,43.69973190348526,不動産開発投資完成額（累計）
re_investment,540000,西藏自治区,2026-06,23.72,,17.483902922238713,,48.71473354231974,7.77,44.96268656716418,不動産開発投資完成額（累計）
re_investment,610000,陕西省,2024-02,228.6802,,,,,,,不動産開発投資完成額（累計）
re_investment,610000,陕西省,2024-03,584.117,,,,155.42963492248126,355.43679999999995,,不動産開発投資完成額（累計）
re_investment,610000,陕西省,2024-04,865.1068,,,,48.105054295629145,280.98980000000006,-20.945214451626814,不動産開発投資完成額（累計）
re_investment,610000,陕西省,2024-05,1227.0146,,,,41.833886868072234,361.90779999999995,28.79748659915764,不動産開発投資完成額（累計）
re_investment,610000,陕西省,2024-06,1606.9301,,,,30.96259001319137,379.91550000000007,4.975770071824948,不動産開発投資完成額（累計）
re_investment,610000,陕西省,2024-07,1872.6373,,,,16.535081395264186,265.70720000000006,-30.061500517878315,不動産開発投資完成額（累計）
re_investment,610000,陕西省,2024-08,2151.1304,,,,14.871705268286606,278.4930999999999,4.8120261701601885,不動産開発投資完成額（累計）
re_investment,610000,陕西省,2024-09,2449.9681,,,,13.892123880542062,298.83770000000004,7.305243828303154,不動産開発投資完成額（累計）
re_investment,610000,陕西省,2024-10,2779.1153,,,,13.434754517824121,329.1471999999999,10.142461945062431,不動産開発投資完成額（累計）
re_investment,610000,陕西省,2024-11,3080.6349,,,,10.849481487867752,301.5196000000001,-8.393691333239294,不動産開発投資完成額（累計）
re_investment,610000,陕西省,2024-12,3294.5246,,,,6.943039566292009,213.88970000000018,-29.062754129416422,不動産開発投資完成額（累計）
re_investment,610000,陕西省,2025-02,233.2465,,1.99680601993526,,,,,不動産開発投資完成額（累計）
re_investment,610000,陕西省,2025-03,598.4811,,2.4591134995215036,,156.5873871633658,365.2346,,不動産開発投資完成額（累計）
re_investment,610000,陕西省,2025-04,897.94,,3.7952770686810133,,50.036484025978446,299.4589000000001,-18.00916452055745,不動産開発投資完成額（累計）
re_investment,610000,陕西省,2025-05,1258.6,,2.5741665991586338,,40.16526716707127,360.65999999999985,20.437228614677917,不動産開発投資完成額（累計）
re_investment,610000,陕西省,2025-06,1627.77,,1.2968765722914721,,29.33179723502306,369.1700000000001,2.359563023346145,不動産開発投資完成額（累計）
re_investment,610000,陕西省,2025-07,1907.17,,1.844067722030318,,17.16458713454605,279.4000000000001,-24.3167104585963,不動産開発投資完成額（累計）
re_investment,610000,陕西省,2025-08,2177.3,,1.2165510747279784,,14.163918266331788,270.1300000000001,-3.317823908375084,不動産開発投資完成額（累計）
re_investment,610000,陕西省,2025-09,2431.84,,-0.7399320831973255,,11.69062600468469,254.53999999999996,-5.771295302261925,不動産開発投資完成額（累計）
re_investment,610000,陕西省,2025-10,2661.4,,-4.235711271137255,,9.43976577406409,229.55999999999995,-9.813781723894088,不動産開発投資完成額（累計）
re_investment,610000,陕西省,2025-11,2887.0,,-6.285551721822014,,8.476741564590062,225.5999999999999,-1.7250392054365071,不動産開発投資完成額（累計）
re_investment,610000,陕西省,2025-12,3062.61,,-7.03939500102686,,6.082784897817817,175.61000000000013,-22.158687943262322,不動産開発投資完成額（累計）
re_investment,610000,陕西省,2026-02,234.42,,0.503115802380738,,,,,不動産開発投資完成額（累計）
re_investment,610000,陕西省,2026-03,590.09,,-1.4020659967374005,,151.7234024400649,355.6700000000001,,不動産開発投資完成額（累計）
re_investment,610000,陕西省,2026-04,802.1,,-10.673318929995324,,35.92841769899506,212.01,-40.39137402648524,不動産開発投資完成額（累計）
re_investment,610000,陕西省,2026-05,1039.95,,-17.37247735579214,,29.653409799276908,237.85000000000002,12.188104334701212,不動産開発投資完成額（累計）
re_investment,610000,陕西省,2026-06,1339.73,,-17.695374653667283,,28.826385883936734,299.78,26.037418541097313,不動産開発投資完成額（累計）
re_investment,620000,甘肃省,2024-02,35.5808,,,,,,,不動産開発投資完成額（累計）
re_investment,620000,甘肃省,2024-03,128.9321,,,,262.36425263063217,93.35129999999998,,不動産開発投資完成額（累計）
re_investment,620000,甘肃省,2024-04,229.0439,,,,77.64691647774296,100.11180000000002,7.24199877237921,不動産開発投資完成額（累計）
re_investment,620000,甘肃省,2024-05,365.6253,,,,59.631101286696556,136.58139999999997,36.428872520522006,不動産開発投資完成額（累計）
re_investment,620000,甘肃省,2024-06,549.33,,,,50.24397928699138,183.70470000000006,34.50198928990338,不動産開発投資完成額（累計）
re_investment,620000,甘肃省,2024-07,667.9973,,,,21.602188120073528,118.66729999999995,-35.40323138166856,不動産開発投資完成額（累計）
re_investment,620000,甘肃省,2024-08,779.7958,,,,16.736370042214244,111.79849999999999,-5.788283714216103,不動産開発投資完成額（累計）
re_investment,620000,甘肃省,2024-09,920.1757,,,,18.002135943794517,140.37990000000002,25.56510149957292,不動産開発投資完成額（累計）
re_investment,620000,甘肃省,2024-10,1021.5772,,,,11.019797632126128,101.40149999999994,-27.766368262123052,不動産開発投資完成額（累計）
re_investment,620000,甘肃省,2024-11,1108.2462,,,,8.48384243501128,86.6690000000001,-14.528877777941995,不動産開発投資完成額（累計）
re_investment,620000,甘肃省,2024-12,1166.7494,,,,5.278899219325073,58.50319999999988,-32.49812505047962,不動産開発投資完成額（累計）
re_investment,620000,甘肃省,2025-02,36.7026,,3.1528239949635495,,,,,不動産開発投資完成額（累計）
re_investment,620000,甘肃省,2025-03,125.8531,,-2.3880786863783254,,242.89968558085806,89.1505,,不動産開発投資完成額（累計）
re_investment,620000,甘肃省,2025-04,213.49,,-6.79079425385265,,69.63427996608746,87.63690000000001,-1.6978031530950233,不動産開発投資完成額（累計）
re_investment,620000,甘肃省,2025-05,320.06,,-12.46229404803223,,49.91802894749169,106.57,21.604027527217397,不動産開発投資完成額（累計）
re_investment,620000,甘肃省,2025-06,496.42,,-9.63173320226458,,55.10216834343562,176.36,65.48747302242658,不動産開発投資完成額（累計）
re_investment,620000,甘肃省,2025-07,575.2,,-13.89186752700946,,15.869626525925629,78.78000000000003,-55.33000680426399,不動産開発投資完成額（累計）
re_investment,620000,甘肃省,2025-08,659.76,,-15.393234998187989,,14.700973574408893,84.55999999999995,7.336887534907222,不動産開発投資完成額（累計）
re_investment,620000,甘肃省,2025-09,768.47,,-16.48660141753363,,16.477203831696375,108.71000000000004,28.55960264900674,不動産開発投資完成額（累計）
re_investment,620000,甘肃省,2025-10,835.29,,-18.2352542715323,,8.69519955235727,66.81999999999994,-38.5337135498115,不動産開発投資完成額（累計）
re_investment,620000,甘肃省,2025-11,906.28,,-18.2239469893964,,8.498844712614773,70.99000000000001,6.240646513020165,不動産開発投資完成額（累計）
re_investment,620000,甘肃省,2025-12,950.82,,-18.50692188056835,,4.914595930617471,44.54000000000008,-37.25876884068169,不動産開発投資完成額（累計）
re_investment,620000,甘肃省,2026-02,30.77,,-16.163977483883972,,,,,不動産開発投資完成額（累計）
re_investment,620000,甘肃省,2026-03,110.51,,-12.191276972915244,,259.1485212869678,79.74000000000001,,不動産開発投資完成額（累計）
re_investment,620000,甘肃省,2026-04,187.64,,-12.108295470513852,,69.79458872500224,77.12999999999998,-3.273137697516959,不動産開発投資完成額（累計）
re_investment,620000,甘肃省,2026-05,264.42,,-17.3842404549147,,40.918780643786,76.78000000000003,-0.4537793335925744,不動産開発投資完成額（累計）
re_investment,620000,甘肃省,2026-06,409.39,,-17.531525724185173,,54.82565615308977,144.96999999999997,88.81219067465476,不動産開発投資完成額（累計）
re_investment,630000,青海省,2024-02,0.0308,,,,,,,不動産開発投資完成額（累計）
re_investment,630000,青海省,2024-03,15.6615,,,,50749.02597402597,15.630700000000001,,不動産開発投資完成額（累計）
re_investment,630000,青海省,2024-04,31.1416,,,,98.84174568208664,15.4801,-0.9634885193881337,不動産開発投資完成額（累計）
re_investment,630000,青海省,2024-05,49.6728,,,,59.50625529837903,18.531200000000002,19.709820995988416,不動産開発投資完成額（累計）
re_investment,630000,青海省,2024-06,70.4135,,,,41.754642379732964,20.740699999999997,11.923135037126542,不動産開発投資完成額（累計）
re_investment,630000,青海省,2024-07,91.2014,,,,29.522605750317776,20.787900000000008,0.22757187558766212,不動産開発投資完成額（累計）
re_investment,630000,青海省,2024-08,107.2691,,,,17.61782165624648,16.067699999999988,-22.706478287850228,不動産開発投資完成額（累計）
re_investment,630000,青海省,2024-09,123.7412,,,,15.355866694136534,16.47210000000001,2.51685057600044,不動産開発投資完成額（累計）
re_investment,630000,青海省,2024-10,137.1595,,,,10.843841824711586,13.418300000000002,-18.53922693524206,不動産開発投資完成額（累計）
re_investment,630000,青海省,2024-11,141.5834,,,,3.225369004698919,4.423900000000003,-67.03084593428376,不動産開発投資完成額（累計）
re_investment,630000,青海省,2024-12,146.0985,,,,3.1890037956427086,4.51509999999999,2.061529419742447,不動産開発投資完成額（累計）
re_investment,630000,青海省,2025-02,0.0182,,-40.90909090909091,,,,,不動産開発投資完成額（累計）
re_investment,630000,青海省,2025-03,11.8173,,-24.545541614787858,,64830.21978021977,11.7991,,不動産開発投資完成額（累計）
re_investment,630000,青海省,2025-04,20.95,,-32.72664217638144,,77.2824587680773,9.1327,-22.598333771219835,不動産開発投資完成額（累計）
re_investment,630000,青海省,2025-05,34.5,,-30.54548968449534,,64.67780429594272,13.55,48.36795252225521,不動産開発投資完成額（累計）
re_investment,630000,青海省,2025-06,50.71,,-27.98256016246884,,46.98550724637683,16.21,19.630996309963102,不動産開発投資完成額（累計）
re_investment,630000,青海省,2025-07,64.0,,-29.825638641512086,,26.207848550581737,13.29,-18.013571869216538,不動産開発投資完成額（累計）
re_investment,630000,青海省,2025-08,77.39,,-27.854340159468105,,20.921875,13.39,0.7524454477050524,不動産開発投資完成額（累計）
re_investment,630000,青海省,2025-09,93.42,,-24.503722284897833,,20.71327044837834,16.03,19.716206123973112,不動産開発投資完成額（累計）
re_investment,630000,青海省,2025-10,103.47,,-24.562279681684462,,10.757867694283885,10.049999999999997,-37.30505302557706,不動産開発投資完成額（累計）
re_investment,630000,青海省,2025-11,112.34,,-20.654540009633905,,8.57253310138204,8.870000000000005,-11.741293532338236,不動産開発投資完成額（累計）
re_investment,630000,青海省,2025-12,116.66,,-20.149761975653412,,3.8454691116254214,4.319999999999993,-51.29650507328083,不動産開発投資完成額（累計）
re_investment,630000,青海省,2026-03,7.56,,-36.025995785839406,,,,,不動産開発投資完成額（累計）
re_investment,630000,青海省,2026-04,14.72,,-29.73747016706444,,94.70899470899472,7.160000000000001,,不動産開発投資完成額（累計）
re_investment,630000,青海省,2026-05,24.98,,-27.594202898550723,,69.70108695652173,10.26,43.29608938547484,不動産開発投資完成額（累計）
re_investment,630000,青海省,2026-06,36.16,,-28.692565568921324,,44.75580464371496,11.179999999999996,8.966861598440513,不動産開発投資完成額（累計）
re_investment,640000,宁夏回族自治区,2024-02,10.6269,,,,,,,不動産開発投資完成額（累計）
re_investment,640000,宁夏回族自治区,2024-03,53.4006,,,,402.5040228100387,42.7737,,不動産開発投資完成額（累計）
re_investment,640000,宁夏回族自治区,2024-04,83.3157,,,,56.02015707688679,29.91510000000001,-30.06193057883697,不動産開発投資完成額（累計）
re_investment,640000,宁夏回族自治区,2024-05,120.7897,,,,44.97831741196436,37.47399999999999,25.267841324280973,不動産開発投資完成額（累計）
re_investment,640000,宁夏回族自治区,2024-06,184.1506,,,,52.45554877609597,63.3609,69.07962854245615,不動産開発投資完成額（累計）
re_investment,640000,宁夏回族自治区,2024-07,219.3147,,,,19.09529482934076,35.16409999999999,-44.50189312336158,不動産開発投資完成額（累計）
re_investment,640000,宁夏回族自治区,2024-08,258.8785,,,,18.03973924228517,39.563799999999986,12.511908452086073,不動産開発投資完成額（累計）
re_investment,640000,宁夏回族自治区,2024-09,328.002,,,,26.701135861031354,69.12350000000004,74.71400623802582,不動産開発投資完成額（累計）
re_investment,640000,宁夏回族自治区,2024-10,361.811,,,,10.307559100249385,33.80899999999997,-51.08899288953837,不動産開発投資完成額（累計）
re_investment,640000,宁夏回族自治区,2024-11,396.9477,,,,9.711341004004858,35.13670000000002,3.927060841787844,不動産開発投資完成額（累計）
re_investment,640000,宁夏回族自治区,2024-12,422.5186,,,,6.441881386389192,25.570899999999995,-27.22452592303779,不動産開発投資完成額（累計）
re_investment,640000,宁夏回族自治区,2025-02,9.9449,,-6.417675897957054,,,,,不動産開発投資完成額（累計）
re_investment,640000,宁夏回族自治区,2025-03,45.9926,,-13.872503305206296,,362.47423302396203,36.047700000000006,,不動産開発投資完成額（累計）
re_investment,640000,宁夏回族自治区,2025-04,68.9,,-17.302501209255883,,49.80670803564051,22.907400000000003,-36.4525337261462,不動産開発投資完成額（累計）
re_investment,640000,宁夏回族自治区,2025-05,93.22,,-22.824545470350532,,35.2975326560232,24.319999999999993,6.16656626243044,不動産開発投資完成額（累計）
re_investment,640000,宁夏回族自治区,2025-06,141.35,,-23.242172439296972,,51.63055138382322,48.129999999999995,97.90296052631582,不動産開発投資完成額（累計）
re_investment,640000,宁夏回族自治区,2025-07,166.46,,-24.099934933682043,,17.764414573753108,25.110000000000014,-47.82879700810302,不動産開発投資完成額（累計）
re_investment,640000,宁夏回族自治区,2025-08,190.89,,-26.26270625022935,,14.676198486122782,24.42999999999998,-2.708084428514679,不動産開発投資完成額（累計）
re_investment,640000,宁夏回族自治区,2025-09,244.49,,-25.460820360851454,,28.078998376028096,53.60000000000002,119.4023741301681,不動産開発投資完成額（累計）
re_investment,640000,宁夏回族自治区,2025-10,267.29,,-26.124413022268524,,9.325534786698842,22.80000000000001,-57.46268656716418,不動産開発投資完成額（累計）
re_investment,640000,宁夏回族自治区,2025-11,291.3,,-26.615017545132513,,8.982752815294237,24.00999999999999,5.30701754385956,不動産開発投資完成額（累計）
re_investment,640000,宁夏回族自治区,2025-12,309.04,,-26.85765786405616,,6.089941640920027,17.74000000000001,-26.114119117034505,不動産開発投資完成額（累計）
re_investment,640000,宁夏回族自治区,2026-02,8.92,,-10.305784874659373,,,,,不動産開発投資完成額（累計）
re_investment,640000,宁夏回族自治区,2026-03,32.98,,-28.29281232198224,,269.73094170403584,24.059999999999995,,不動産開発投資完成額（累計）
re_investment,640000,宁夏回族自治区,2026-04,47.73,,-30.7256894049347,,44.72407519708914,14.75,-38.69492934330838,不動産開発投資完成額（累計）
re_investment,640000,宁夏回族自治区,2026-05,66.16,,-29.028105556747484,,38.613031636287445,18.43,24.949152542372886,不動産開発投資完成額（累計）
re_investment,640000,宁夏回族自治区,2026-06,102.39,,-27.562787407145382,,54.76118500604596,36.230000000000004,96.58166033640805,不動産開発投資完成額（累計）
re_investment,650000,新疆维吾尔自治区,2024-02,13.6631,,,,,,,不動産開発投資完成額（累計）
re_investment,650000,新疆维吾尔自治区,2024-03,59.925,,,,338.59007106732736,46.2619,,不動産開発投資完成額（累計）
re_investment,650000,新疆维吾尔自治区,2024-04,148.179,,,,147.27409261576972,88.254,90.77037475762995,不動産開発投資完成額（累計）
re_investment,650000,新疆维吾尔自治区,2024-05,278.0914,,,,87.67261217851383,129.91240000000002,47.20284632991141,不動産開発投資完成額（累計）
re_investment,650000,新疆维吾尔自治区,2024-06,464.6758,,,,67.09463147727688,186.58439999999996,43.62324150735412,不動産開発投資完成額（累計）
re_investment,650000,新疆维吾尔自治区,2024-07,590.2262,,,,27.018923731341292,125.55039999999997,-32.71120200831367,不動産開発投資完成額（累計）
re_investment,650000,新疆维吾尔自治区,2024-08,723.5991,,,,22.596912844600947,133.37290000000007,6.230565573666125,不動産開発投資完成額（累計）
re_investment,650000,新疆维吾尔自治区,2024-09,887.9945,,,,22.71912720731686,164.3954,23.259972603129953,不動産開発投資完成額（累計）
re_investment,650000,新疆维吾尔自治区,2024-10,1006.4224,,,,13.336557827779338,118.42790000000002,-27.96154880246039,不動産開発投資完成額（累計）
re_investment,650000,新疆维吾尔自治区,2024-11,1104.1394,,,,9.709342717332214,97.71699999999998,-17.488193238248783,不動産開発投資完成額（累計）
re_investment,650000,新疆维吾尔自治区,2024-12,1154.8645,,,,4.5940847686442465,50.725099999999884,-48.089789903496936,不動産開発投資完成額（累計）
re_investment,650000,新疆维吾尔自治区,2025-02,13.4588,,-1.4952682773309078,,,,,不動産開発投資完成額（累計）
re_investment,650000,新疆维吾尔自治区,2025-03,61.4421,,2.531664580725912,,356.51989776205903,47.9833,,不動産開発投資完成額（累計）
re_investment,650000,新疆维吾尔自治区,2025-04,152.71,,3.057788215604096,,148.5429371717438,91.2679,90.20763473958648,不動産開発投資完成額（累計）
re_investment,650000,新疆维吾尔自治区,2025-05,285.91,,2.8115216795629117,,87.22415035033724,133.20000000000002,45.94397373008474,不動産開発投資完成額（累計）
re_investment,650000,新疆维吾尔自治区,2025-06,468.4,,0.8014620085659674,,63.827777972089095,182.48999999999995,37.00450450450445,不動産開発投資完成額（累計）
re_investment,650000,新疆维吾尔自治区,2025-07,588.79,,-0.24333043839802615,,25.70239111870196,120.38999999999999,-34.02926187736314,不動産開発投資完成額（累計）
re_investment,650000,新疆维吾尔自治区,2025-08,718.1,,-0.7599650137762759,,21.961989843577513,129.31000000000006,7.409253260237625,不動産開発投資完成額（累計）
re_investment,650000,新疆维吾尔自治区,2025-09,863.96,,-2.706604601717688,,20.311934270992893,145.86,12.798700796535423,不動産開発投資完成額（累計）
re_investment,650000,新疆维吾尔自治区,2025-10,978.18,,-2.8062173496933407,,13.220519468493897,114.21999999999991,-21.692033456739402,不動産開発投資完成額（累計）
re_investment,650000,新疆维吾尔自治区,2025-11,1069.77,,-3.1127772453369618,,9.363307366742312,91.59000000000003,-19.81264226930476,不動産開発投資完成額（累計）
re_investment,650000,新疆维吾尔自治区,2025-12,1095.95,,-5.10142098921561,,2.4472550174336583,26.180000000000064,-71.41609345998465,不動産開発投資完成額（累計）
re_investment,650000,新疆维吾尔自治区,2026-02,12.03,,-10.616102475703638,,,,,不動産開発投資完成額（累計）
re_investment,650000,新疆维吾尔自治区,2026-03,53.0,,-13.739927508988137,,340.5652535328346,40.97,,不動産開発投資完成額（累計）
re_investment,650000,新疆维吾尔自治区,2026-04,126.94,,-16.87512278174318,,139.50943396226415,73.94,80.47351720771296,不動産開発投資完成額（累計）
re_investment,650000,新疆维吾尔自治区,2026-05,225.96,,-20.96813682627401,,78.00535686150938,99.02000000000001,33.91939410332705,不動産開発投資完成額（累計）
re_investment,650000,新疆维吾尔自治区,2026-06,356.47,,-23.89624252775404,,57.75801026730396,130.51000000000002,31.801656231064435,不動産開発投資完成額（累計）
re_sold_area,000000,全国,2024-02,11368.8587,,,,,,,商品住宅販売面積（累計）
re_sold_area,000000,全国,2024-03,22667.5257,,,,99.38259677728247,11298.666999999998,,商品住宅販売面積（累計）
re_sold_area,000000,全国,2024-04,29251.8429,,,,29.047357383165995,6584.317200000001,-41.724831787678994,商品住宅販売面積（累計）
re_sold_area,000000,全国,2024-05,36642.0616,,,,25.264113188574534,7390.218700000001,12.239712570348216,商品住宅販売面積（累計）
re_sold_area,000000,全国,2024-06,47916.2364,,,,30.768396503105055,11274.1748,52.55536077707686,商品住宅販売面積（累計）
re_sold_area,000000,全国,2024-07,54148.9431,,,,13.007504696257822,6232.706699999995,-44.71695879684254,商品住宅販売面積（累計）
re_sold_area,000000,全国,2024-08,60601.8928,,,,11.917037213603532,6452.949700000005,3.5336653977317667,商品住宅販売面積（累計）
re_sold_area,000000,全国,2024-09,70284.0334,,,,15.976630683720149,9682.140599999999,50.04209005379341,商品住宅販売面積（累計）
re_sold_area,000000,全国,2024-10,77930.1583,,,,10.878893156976943,7646.124899999995,-21.028569859851075,商品住宅販売面積（累計）
re_sold_area,000000,全国,2024-11,86117.9532,,,,10.506580608344551,8187.794900000008,7.084242110667227,商品住宅販売面積（累計）
re_sold_area,000000,全国,2024-12,97385.0119,,,,13.083286679878947,11267.058699999994,37.60797427888654,商品住宅販売面積（累計）
re_sold_area,000000,全国,2025-02,10745.9154,,-5.479382904108054,,,,,商品住宅販売面積（累計）
re_sold_area,000000,全国,2025-03,21869.3491,,-3.521233903354515,,103.5131329993534,11123.4337,,商品住宅販売面積（累計）
re_sold_area,000000,全国,2025-04,28261.74,,-3.384753922632333,,29.229909270596455,6392.390900000002,-42.532215569370436,商品住宅販売面積（累計）
re_sold_area,000000,全国,2025-05,35315.19,,-3.6211707039977226,,24.957592844601926,7053.450000000001,10.341343486988542,商品住宅販売面積（累計）
re_sold_area,000000,全国,2025-06,45850.55,,-4.311036415205594,,29.83237524702542,10535.36,49.364637163373935,商品住宅販売面積（累計）
re_sold_area,000000,全国,2025-07,51559.77,,-4.781576429328316,,12.451802650131771,5709.219999999994,-45.80897093217514,商品住宅販売面積（累計）
re_sold_area,000000,全国,2025-08,57303.92,,-5.442029361828782,,11.14075954954803,5744.1500000000015,0.6118173761040513,商品住宅販売面積（累計）
re_sold_area,000000,全国,2025-09,65834.79,,-6.330375740786676,,14.8870618275329,8530.869999999995,48.51405342827037,商品住宅販売面積（累計）
re_sold_area,000000,全国,2025-10,71982.0,,-7.63267832345722,,9.337327574068377,6147.210000000006,-27.941581573743246,商品住宅販売面積（累計）
re_sold_area,000000,全国,2025-11,78701.74,,-8.611692364281598,,9.335306048734404,6719.740000000005,9.313656113911817,商品住宅販売面積（累計）
re_sold_area,000000,全国,2025-12,88101.37,,-9.532926801439356,,11.943357287907475,9399.62999999999,39.88085848559591,商品住宅販売面積（累計）
re_sold_area,000000,全国,2026-02,9293.43,,-13.516627908684253,,,,,商品住宅販売面積（累計）
re_sold_area,000000,全国,2026-03,19524.95,,-10.720022298240227,,110.0941202548467,10231.52,,商品住宅販売面積（累計）
re_sold_area,000000,全国,2026-04,25257.98,,-10.628361877223414,,29.362584795351587,5733.029999999999,-43.9669765587127,商品住宅販売面積（累計）
re_sold_area,000000,全国,2026-05,31319.91,,-11.31320545068567,,24.00005859534293,6061.93,5.736931430674552,商品住宅販売面積（累計）
re_sold_area,000000,全国,2026-06,40139.62,,-12.45553215828381,,28.160074534058378,8819.710000000003,45.49343195978843,商品住宅販売面積（累計）
re_sold_area,110000,北京市,2024-02,115.1746,,,,,,,商品住宅販売面積（累計）
re_sold_area,110000,北京市,2024-03,232.8064,,,,102.13345650863994,117.6318,,商品住宅販売面積（累計）
re_sold_area,110000,北京市,2024-04,303.4645,,,,30.350583145480535,70.65809999999999,-39.932824287310076,商品住宅販売面積（累計）
re_sold_area,110000,北京市,2024-05,373.8299,,,,23.187357994098168,70.36540000000002,-0.4142483310476286,商品住宅販売面積（累計）
re_sold_area,110000,北京市,2024-06,509.8592,,,,36.38802032689199,136.02929999999998,93.31844912414331,商品住宅販売面積（累計）
re_sold_area,110000,北京市,2024-07,586.5276,,,,15.037171046437914,76.66840000000002,-43.63831909742972,商品住宅販売面積（累計）
re_sold_area,110000,北京市,2024-08,658.0528,,,,12.194686149466794,71.52520000000004,-6.70837007163313,商品住宅販売面積（累計）
re_sold_area,110000,北京市,2024-09,766.7825,,,,16.522944663406935,108.72969999999998,52.01593284604576,商品住宅販売面積（累計）
re_sold_area,110000,北京市,2024-10,847.2635,,,,10.495935940113398,80.481,-25.98066581623971,商品住宅販売面積（累計）
re_sold_area,110000,北京市,2024-11,937.9589,,,,10.704509281941199,90.69539999999995,12.691691206620149,商品住宅販売面積（累計）
re_sold_area,110000,北京市,2024-12,1118.6514,,,,19.264436853256584,180.6925,99.23006017945795,商品住宅販売面積（累計）
re_sold_area,110000,北京市,2025-02,94.6466,,-17.823374250919898,,,,,商品住宅販売面積（累計）
re_sold_area,110000,北京市,2025-03,247.2827,,6.218170978117454,,161.2695014929221,152.6361,,商品住宅販売面積（累計）
re_sold_area,110000,北京市,2025-04,321.17,,5.834455101008529,,29.879688308159036,73.88730000000001,-51.592513173489095,商品住宅販売面積（累計）
re_sold_area,110000,北京市,2025-05,393.27,,5.200252842268638,,22.44917022137807,72.09999999999997,-2.418954272249829,商品住宅販売面積（累計）
re_sold_area,110000,北京市,2025-06,537.61,,5.44283598295372,,36.7025198972716,144.34000000000003,100.1941747572817,商品住宅販売面積（累計）
re_sold_area,110000,北京市,2025-07,600.98,,2.4640613672741063,,11.787355145923616,63.370000000000005,-56.09671608701677,商品住宅販売面積（累計）
re_sold_area,110000,北京市,2025-08,658.57,,0.07859551695548195,,9.582681620020628,57.59000000000003,-9.121035190153027,商品住宅販売面積（累計）
re_sold_area,110000,北京市,2025-09,739.64,,-3.5397912706667145,,12.31000501085684,81.06999999999994,40.7709671818022,商品住宅販売面積（累計）
re_sold_area,110000,北京市,2025-10,815.94,,-3.697019876343066,,10.315829322373048,76.30000000000007,-5.883804119896229,商品住宅販売面積（累計）
re_sold_area,110000,北京市,2025-11,894.81,,-4.600297518366747,,9.666151922935494,78.86999999999989,3.3682830930535035,商品住宅販売面積（累計）
re_sold_area,110000,北京市,2025-12,1041.05,,-6.93704937927937,,16.34313429666634,146.24,85.41904399645013,商品住宅販売面積（累計）
re_sold_area,110000,北京市,2026-02,93.4,,-1.3171101761711435,,,,,商品住宅販売面積（累計）
re_sold_area,110000,北京市,2026-03,242.96,,-1.7480802336758638,,160.1284796573876,149.56,,商品住宅販売面積（累計）
re_sold_area,110000,北京市,2026-04,319.1,,-0.6445184793100189,,31.33849193282845,76.14000000000001,-49.090665953463485,商品住宅販売面積（累計）
re_sold_area,110000,北京市,2026-05,395.45,,0.5543265441045664,,23.92666875587588,76.34999999999997,0.2758077226161726,商品住宅販売面積（累計）
re_sold_area,110000,北京市,2026-06,548.48,,2.0219117947954945,,38.69768618030094,153.03000000000003,100.43222003929286,商品住宅販売面積（累計）
re_sold_area,120000,天津市,2024-02,107.9228,,,,,,,商品住宅販売面積（累計）
re_sold_area,120000,天津市,2024-03,324.9844,,,,201.12673133017304,217.0616,,商品住宅販売面積（累計）
re_sold_area,120000,天津市,2024-04,392.6835,,,,20.831492219318836,67.69909999999999,-68.81111168442507,商品住宅販売面積（累計）
re_sold_area,120000,天津市,2024-05,490.6419,,,,24.945891538605537,97.95840000000004,44.69675372346169,商品住宅販売面積（累計）
re_sold_area,120000,天津市,2024-06,656.1718,,,,33.73741622963713,165.52989999999994,68.97979142166457,商品住宅販売面積（累計）
re_sold_area,120000,天津市,2024-07,730.1737,,,,11.277823886975957,74.00190000000009,-55.293937832379456,商品住宅販売面積（累計）
re_sold_area,120000,天津市,2024-08,802.8379,,,,9.951632056865357,72.66419999999994,-1.8076562899062787,商品住宅販売面積（累計）
re_sold_area,120000,天津市,2024-09,900.6389,,,,12.181911192782513,97.80100000000004,34.59310086672684,商品住宅販売面積（累計）
re_sold_area,120000,天津市,2024-10,998.8298,,,,10.902360535393264,98.19089999999994,0.3986666802996863,商品住宅販売面積（累計）
re_sold_area,120000,天津市,2024-11,1072.2753,,,,7.353154661584993,73.44550000000004,-25.20131702632313,商品住宅販売面積（累計）
re_sold_area,120000,天津市,2024-12,1183.8126,,,,10.401927564684188,111.53729999999996,51.86403523701235,商品住宅販売面積（累計）
re_sold_area,120000,天津市,2025-02,104.5173,,-3.1554963362699917,,,,,商品住宅販売面積（累計）
re_sold_area,120000,天津市,2025-03,331.6979,,2.065791465682665,,217.36171906469073,227.1806,,商品住宅販売面積（累計）
re_sold_area,120000,天津市,2025-04,396.42,,0.951529667021922,,19.51236350908463,64.72210000000001,-71.51072758853529,商品住宅販売面積（累計）
re_sold_area,120000,天津市,2025-05,469.49,,-4.3110667882217175,,18.43247061197719,73.07,12.898067275320146,商品住宅販売面積（累計）
re_sold_area,120000,天津市,2025-06,586.84,,-10.566104791458564,,24.995207565656365,117.35000000000002,60.59942520870403,商品住宅販売面積（累計）
re_sold_area,120000,天津市,2025-07,644.67,,-11.710049266359512,,9.854474814259406,57.82999999999993,-50.72006817213472,商品住宅販売面積（累計）
re_sold_area,120000,天津市,2025-08,693.62,,-13.603979084694428,,7.5930320939395335,48.950000000000045,-15.355351893480707,商品住宅販売面積（累計）
re_sold_area,120000,天津市,2025-09,778.02,,-13.614657328258872,,12.168045904097347,84.39999999999998,72.42083758937672,商品住宅販売面積（累計）
re_sold_area,120000,天津市,2025-10,839.61,,-15.94063372959036,,7.916248939615955,61.59000000000003,-27.026066350710842,商品住宅販売面積（累計）
re_sold_area,120000,天津市,2025-11,914.35,,-14.7280553790617,,8.901752003906571,74.74000000000001,21.35086864750766,商品住宅販売面積（累計）
re_sold_area,120000,天津市,2025-12,1024.44,,-13.462654477575242,,12.040247170120843,110.09000000000003,47.29729729729733,商品住宅販売面積（累計）
re_sold_area,120000,天津市,2026-02,89.99,,-13.89942143549442,,,,,商品住宅販売面積（累計）
re_sold_area,120000,天津市,2026-03,302.12,,-8.917120066180706,,235.7261917990888,212.13,,商品住宅販売面積（累計）
re_sold_area,120000,天津市,2026-04,378.19,,-4.598657989001564,,25.178736925724877,76.07,-64.13991420355443,商品住宅販売面積（累計）
re_sold_area,120000,天津市,2026-05,452.72,,-3.571961064133422,,19.707025569158375,74.53000000000003,-2.0244511634020856,商品住宅販売面積（累計）
re_sold_area,120000,天津市,2026-06,544.69,,-7.182536977711129,,20.314984979678385,91.97000000000003,23.399973165168376,商品住宅販売面積（累計）
re_sold_area,130000,河北省,2024-02,314.6365,,,,,,,商品住宅販売面積（累計）
re_sold_area,130000,河北省,2024-03,792.2739,,,,151.806100055143,477.6374,,商品住宅販売面積（累計）
re_sold_area,130000,河北省,2024-04,1051.8469,,,,32.763038136179915,259.573,-45.65480006381411,商品住宅販売面積（累計）
re_sold_area,130000,河北省,2024-05,1339.1385,,,,27.31306238579019,287.2916,10.678537444187208,商品住宅販売面積（累計）
re_sold_area,130000,河北省,2024-06,1855.4307,,,,38.55405546177635,516.2921999999999,79.71016207922537,商品住宅販売面積（累計）
re_sold_area,130000,河北省,2024-07,2117.6538,,,,14.13273478766952,262.22310000000016,-49.21033089401695,商品住宅販売面積（累計）
re_sold_area,130000,河北省,2024-08,2384.9758,,,,12.623498704084678,267.3220000000001,1.9444892536164549,商品住宅販売面積（累計）
re_sold_area,130000,河北省,2024-09,2786.1013,,,,16.818849901957055,401.12549999999965,50.05330649927782,商品住宅販売面積（累計）
re_sold_area,130000,河北省,2024-10,3092.7071,,,,11.00483316956209,306.6058000000003,-23.56362285618826,商品住宅販売面積（累計）
re_sold_area,130000,河北省,2024-11,3444.8767,,,,11.387098377340665,352.1695999999997,14.860710397520016,商品住宅販売面積（累計）
re_sold_area,130000,河北省,2024-12,4103.1324,,,,19.108251392568,658.2557000000006,86.91440147020104,商品住宅販売面積（累計）
re_sold_area,130000,河北省,2025-02,315.0059,,0.11740532328574638,,,,,商品住宅販売面積（累計）
re_sold_area,130000,河北省,2025-03,800.9919,,1.1003770287018044,,154.27838018272038,485.986,,商品住宅販売面積（累計）
re_sold_area,130000,河北省,2025-04,1073.02,,2.012945039815195,,33.96140460346728,272.0281,-44.02552748433083,商品住宅販売面積（累計）
re_sold_area,130000,河北省,2025-05,1366.58,,2.049190580361926,,27.358297142644126,293.55999999999995,7.915321983280377,商品住宅販売面積（累計）
re_sold_area,130000,河北省,2025-06,1890.54,,1.8922452883850749,,38.340967963822095,523.96,78.4848071944407,商品住宅販売面積（累計）
re_sold_area,130000,河北省,2025-07,2152.35,,1.638426451009134,,13.848424259735314,261.80999999999995,-50.03244522482634,商品住宅販売面積（累計）
re_sold_area,130000,河北省,2025-08,2411.69,,1.1201036085984661,,12.049155574139903,259.34000000000015,-0.9434322600358258,商品住宅販売面積（累計）
re_sold_area,130000,河北省,2025-09,2815.01,,1.0376040526595576,,16.723542412167404,403.32000000000016,55.51785301149068,商品住宅販売面積（累計）
re_sold_area,130000,河北省,2025-10,3087.98,,-0.15284667597523782,,9.696946014401364,272.9699999999998,-32.319250223147954,商品住宅販売面積（累計）
re_sold_area,130000,河北省,2025-11,3402.95,,-1.2170740392537072,,10.199871760827461,314.9699999999998,15.386306187493147,商品住宅販売面積（累計）
re_sold_area,130000,河北省,2025-12,4045.55,,-1.4033766007648274,,18.883615686389767,642.6000000000004,104.01943042194519,商品住宅販売面積（累計）
re_sold_area,130000,河北省,2026-02,317.99,,0.9473155899619723,,,,,商品住宅販売面積（累計）
re_sold_area,130000,河北省,2026-03,805.43,,0.5540755156200561,,153.28783924022767,487.43999999999994,,商品住宅販売面積（累計）
re_sold_area,130000,河北省,2026-04,1029.44,,-4.061434083241688,,27.81247284059447,224.0100000000001,-54.04357459379614,商品住宅販売面積（累計）
re_sold_area,130000,河北省,2026-05,1307.91,,-4.29319908091732,,27.05062946844887,278.47,24.31141466898794,商品住宅販売面積（累計）
re_sold_area,130000,河北省,2026-06,1751.93,,-7.3317676431072565,,33.94881910834844,444.02,59.44985097137929,商品住宅販売面積（累計）
re_sold_area,140000,山西省,2024-02,137.1045,,,,,,,商品住宅販売面積（累計）
re_sold_area,140000,山西省,2024-03,397.7176,,,,190.0835494093921,260.61310000000003,,商品住宅販売面積（累計）
re_sold_area,140000,山西省,2024-04,551.8983,,,,38.766375941120025,154.18069999999994,-40.83923640062609,商品住宅販売面積（累計）
re_sold_area,140000,山西省,2024-05,708.5042,,,,28.375862002111617,156.60590000000002,1.5729595208739289,商品住宅販売面積（累計）
re_sold_area,140000,山西省,2024-06,940.3249,,,,32.71973546522378,231.8207,48.0280755705883,商品住宅販売面積（累計）
re_sold_area,140000,山西省,2024-07,1075.2485,,,,14.348615037206812,134.92359999999996,-41.79829497538401,商品住宅販売面積（累計）
re_sold_area,140000,山西省,2024-08,1214.0098,,,,12.905044740820394,138.76130000000012,2.8443504323929725,商品住宅販売面積（累計）
re_sold_area,140000,山西省,2024-09,1393.1014,,,,14.752072017870033,179.09159999999997,29.064515826819015,商品住宅販売面積（累計）
re_sold_area,140000,山西省,2024-10,1544.8704,,,,10.894325423834905,151.769,-15.25621525521017,商品住宅販売面積（累計）
re_sold_area,140000,山西省,2024-11,1716.2351,,,,11.092496820445263,171.36470000000008,12.911530022600193,商品住宅販売面積（累計）
re_sold_area,140000,山西省,2024-12,1948.6956,,,,13.544793484295937,232.4604999999999,35.6525001940305,商品住宅販売面積（累計）
re_sold_area,140000,山西省,2025-02,136.9625,,-0.10357063407838707,,,,,商品住宅販売面積（累計）
re_sold_area,140000,山西省,2025-03,413.8936,,4.067207485914626,,202.19483435246875,276.9311,,商品住宅販売面積（累計）
re_sold_area,140000,山西省,2025-04,550.52,,-0.249738040504921,,33.01002963080366,136.6264,-50.664118259018224,商品住宅販売面積（累計）
re_sold_area,140000,山西省,2025-05,688.35,,-2.844612636029531,,25.036329288672544,137.83000000000004,0.8809424825656276,商品住宅販売面積（累計）
re_sold_area,140000,山西省,2025-06,902.17,,-4.057629442759625,,31.062686133507643,213.81999999999994,55.13313502140309,商品住宅販売面積（累計）
re_sold_area,140000,山西省,2025-07,1029.57,,-4.248180769375631,,14.121507033042558,127.39999999999998,-40.41717332335608,商品住宅販売面積（累計）
re_sold_area,140000,山西省,2025-08,1161.48,,-4.326966718061087,,12.812144876016207,131.91000000000008,3.540031397174337,商品住宅販売面積（累計）
re_sold_area,140000,山西省,2025-09,1363.99,,-2.0896827754246727,,17.43551331060371,202.51,53.5213403077855,商品住宅販売面積（累計）
re_sold_area,140000,山西省,2025-10,1498.51,,-3.0009248672251077,,9.862242391806397,134.51999999999998,-33.573650683916846,商品住宅販売面積（累計）
re_sold_area,140000,山西省,2025-11,1649.55,,-3.885545750695818,,10.079345483179946,151.03999999999996,12.280701754385959,商品住宅販売面積（累計）
re_sold_area,140000,山西省,2025-12,1833.74,,-5.899105021841278,,11.16607559637477,184.19000000000005,21.947828389830583,商品住宅販売面積（累計）
re_sold_area,140000,山西省,2026-02,139.37,,1.7577804143469988,,,,,商品住宅販売面積（累計）
re_sold_area,140000,山西省,2026-03,410.84,,-0.7377741525841475,,194.7836693693047,271.46999999999997,,商品住宅販売面積（累計）
re_sold_area,140000,山西省,2026-04,533.45,,-3.100704788200237,,29.84373478726514,122.61000000000007,-54.83478837440599,商品住宅販売面積（累計）
re_sold_area,140000,山西省,2026-05,652.16,,-5.257499818406341,,22.25325710000936,118.70999999999992,-3.1808172253487865,商品住宅販売面積（累計）
re_sold_area,140000,山西省,2026-06,831.87,,-7.792322954653774,,27.556121197252214,179.71000000000004,51.38572993008184,商品住宅販売面積（累計）
re_sold_area,150000,内蒙古自治区,2024-02,116.6657,,,,,,,商品住宅販売面積（累計）
re_sold_area,150000,内蒙古自治区,2024-03,282.6015,,,,142.23186420687486,165.93579999999997,,商品住宅販売面積（累計）
re_sold_area,150000,内蒙古自治区,2024-04,375.3456,,,,32.817978673149305,92.7441,-44.10844435016433,商品住宅販売面積（累計）
re_sold_area,150000,内蒙古自治区,2024-05,472.3385,,,,25.840958306158377,96.99290000000002,4.581207861200887,商品住宅販売面積（累計）
re_sold_area,150000,内蒙古自治区,2024-06,616.4086,,,,30.50145181898152,144.07009999999997,48.536748566132104,商品住宅販売面積（累計）
re_sold_area,150000,内蒙古自治区,2024-07,706.5924,,,,14.630522676030155,90.18380000000002,-37.402833759399044,商品住宅販売面積（累計）
re_sold_area,150000,内蒙古自治区,2024-08,839.0423,,,,18.744880358181028,132.44989999999996,46.866621277879105,商品住宅販売面積（累計）
re_sold_area,150000,内蒙古自治区,2024-09,966.8086,,,,15.227635126381589,127.7663,-3.5361295101015267,商品住宅販売面積（累計）
re_sold_area,150000,内蒙古自治区,2024-10,1082.3815,,,,11.954062055302362,115.5729,-9.543518126454309,商品住宅販売面積（累計）
re_sold_area,150000,内蒙古自治区,2024-11,1218.1761,,,,12.545909182668025,135.79459999999995,17.49692185624825,商品住宅販売面積（累計）
re_sold_area,150000,内蒙古自治区,2024-12,1408.8188,,,,15.64984734144761,190.6427000000001,40.39048680875395,商品住宅販売面積（累計）
re_sold_area,150000,内蒙古自治区,2025-02,112.6229,,-3.4652858552256527,,,,,商品住宅販売面積（累計）
re_sold_area,150000,内蒙古自治区,2025-03,291.0039,,2.973232626153788,,158.387858952309,178.38099999999997,,商品住宅販売面積（累計）
re_sold_area,150000,内蒙古自治区,2025-04,386.23,,2.8998341794868487,,32.72330714468088,95.22610000000003,-46.61645578845278,商品住宅販売面積（累計）
re_sold_area,150000,内蒙古自治区,2025-05,481.59,,1.958658885523823,,24.68995158325349,95.35999999999996,0.14061271017076216,商品住宅販売面積（累計）
re_sold_area,150000,内蒙古自治区,2025-06,631.92,,2.51641524793782,,31.21534915592101,150.32999999999998,57.64471476510074,商品住宅販売面積（累計）
re_sold_area,150000,内蒙古自治区,2025-07,716.37,,1.383768067700708,,13.36403342195216,84.45000000000005,-43.8235881061664,商品住宅販売面積（累計）
re_sold_area,150000,内蒙古自治区,2025-08,827.57,,-1.3673088949150647,,15.522704747546667,111.20000000000005,31.675547661338044,商品住宅販売面積（累計）
re_sold_area,150000,内蒙古自治区,2025-09,956.99,,-1.0155681279624518,,15.638556255059989,129.41999999999996,16.38489208633085,商品住宅販売面積（累計）
re_sold_area,150000,内蒙古自治区,2025-10,1064.57,,-1.645584297218683,,11.241496776350846,107.57999999999993,-16.875289754288392,商品住宅販売面積（累計）
re_sold_area,150000,内蒙古自治区,2025-11,1179.03,,-3.21350090516469,,10.7517589261392,114.46000000000004,6.395240751069076,商品住宅販売面積（累計）
re_sold_area,150000,内蒙古自治区,2025-12,1348.92,,-4.251703625760806,,14.409302562275773,169.8900000000001,48.42739821771802,商品住宅販売面積（累計）
re_sold_area,150000,内蒙古自治区,2026-02,112.11,,-0.45541359705708606,,,,,商品住宅販売面積（累計）
re_sold_area,150000,内蒙古自治区,2026-03,258.78,,-11.073356748827079,,130.82686647043082,146.66999999999996,,商品住宅販売面積（累計）
re_sold_area,150000,内蒙古自治区,2026-04,352.32,,-8.779742640395627,,36.14653373521912,93.54000000000002,-36.224176723256264,商品住宅販売面積（累計）
re_sold_area,150000,内蒙古自治区,2026-05,449.26,,-6.713179260366697,,27.51475930971843,96.94,3.6348086380157962,商品住宅販売面積（累計）
re_sold_area,150000,内蒙古自治区,2026-06,593.93,,-6.011836941384985,,32.20184303076168,144.66999999999996,49.236641221374015,商品住宅販売面積（累計）
re_sold_area,210000,辽宁省,2024-02,168.0364,,,,,,,商品住宅販売面積（累計）
re_sold_area,210000,辽宁省,2024-03,412.4931,,,,145.47842015182425,244.45670000000004,,商品住宅販売面積（累計）
re_sold_area,210000,辽宁省,2024-04,547.6097,,,,32.75608731394535,135.11659999999995,-44.7277984199247,商品住宅販売面積（累計）
re_sold_area,210000,辽宁省,2024-05,698.9067,,,,27.62861943460826,151.29700000000003,11.975138509998096,商品住宅販売面積（累計）
re_sold_area,210000,辽宁省,2024-06,958.5522,,,,37.15023764974639,259.64549999999997,71.61311856811432,商品住宅販売面積（累計）
re_sold_area,210000,辽宁省,2024-07,1080.0179,,,,12.671787723193372,121.46570000000008,-53.218638489787004,商品住宅販売面積（累計）
re_sold_area,210000,辽宁省,2024-08,1218.774,,,,12.847574100392212,138.75609999999983,14.234800441605945,商品住宅販売面積（累計）
re_sold_area,210000,辽宁省,2024-09,1448.2468,,,,18.82816666584617,229.4728,65.37853110602005,商品住宅販売面積（累計）
re_sold_area,210000,辽宁省,2024-10,1597.3166,,,,10.293121310539078,149.0698000000002,-35.038139596501104,商品住宅販売面積（累計）
re_sold_area,210000,辽宁省,2024-11,1745.1445,,,,9.254765147998834,147.8279,-0.8330996620376618,商品住宅販売面積（累計）
re_sold_area,210000,辽宁省,2024-12,1921.3696,,,,10.098023401500566,176.22509999999988,19.209634987711976,商品住宅販売面積（累計）
re_sold_area,210000,辽宁省,2025-02,162.8796,,-3.0688588900976033,,,,,商品住宅販売面積（累計）
re_sold_area,210000,辽宁省,2025-03,406.7669,,-1.388192917651232,,149.73471202041262,243.8873,,商品住宅販売面積（累計）
re_sold_area,210000,辽宁省,2025-04,532.35,,-2.786601479119155,,30.873480610147965,125.5831,-48.507732874979546,商品住宅販売面積（累計）
re_sold_area,210000,辽宁省,2025-05,664.42,,-4.934378222443714,,24.808866347327864,132.06999999999994,5.165424328591928,商品住宅販売面積（累計）
re_sold_area,210000,辽宁省,2025-06,888.28,,-7.331077013854859,,33.69254387285152,223.86,69.5010221852049,商品住宅販売面積（累計）
re_sold_area,210000,辽宁省,2025-07,987.66,,-8.551515673953192,,11.187913720898823,99.38,-55.606182435450734,商品住宅販売面積（累計）
re_sold_area,210000,辽宁省,2025-08,1102.65,,-9.527935449886504,,11.642670554644319,114.99000000000012,15.707385791909978,商品住宅販売面積（累計）
re_sold_area,210000,辽宁省,2025-09,1311.98,,-9.409086904248632,,18.984265179340664,209.32999999999993,82.04191668840744,商品住宅販売面積（累計）
re_sold_area,210000,辽宁省,2025-10,1408.18,,-11.840896162977332,,7.332428848000738,96.20000000000005,-54.04385420149998,商品住宅販売面積（累計）
re_sold_area,210000,辽宁省,2025-11,1496.82,,-14.22945205970051,,6.294649831697652,88.63999999999987,-7.858627858628031,商品住宅販売面積（累計）
re_sold_area,210000,辽宁省,2025-12,1602.52,,-16.594912295895593,,7.061637337822857,105.70000000000005,19.24638989169698,商品住宅販売面積（累計）
re_sold_area,210000,辽宁省,2026-02,116.88,,-28.24147407041766,,,,,商品住宅販売面積（累計）
re_sold_area,210000,辽宁省,2026-03,293.66,,-27.80631855738508,,151.24914442162907,176.78000000000003,,商品住宅販売面積（累計）
re_sold_area,210000,辽宁省,2026-04,397.77,,-25.280360664976055,,35.45256418987943,104.10999999999996,-41.10759135648833,商品住宅販売面積（累計）
re_sold_area,210000,辽宁省,2026-05,496.77,,-25.232533638361275,,24.8887548080549,99.0,-4.908270098933776,商品住宅販売面積（累計）
re_sold_area,210000,辽宁省,2026-06,628.97,,-29.192371774665638,,26.611912957706796,132.20000000000005,33.53535353535357,商品住宅販売面積（累計）
re_sold_area,220000,吉林省,2024-02,80.5342,,,,,,,商品住宅販売面積（累計）
re_sold_area,220000,吉林省,2024-03,172.6332,,,,114.36011036305072,92.09899999999999,,商品住宅販売面積（累計）
re_sold_area,220000,吉林省,2024-04,235.4702,,,,36.39913991051549,62.83700000000002,-31.772331947143805,商品住宅販売面積（累計）
re_sold_area,220000,吉林省,2024-05,331.7012,,,,40.86759173772305,96.23099999999997,53.143848369591076,商品住宅販売面積（累計）
re_sold_area,220000,吉林省,2024-06,422.853,,,,27.480093529960104,91.15180000000004,-5.2781328262201725,商品住宅販売面積（累計）
re_sold_area,220000,吉林省,2024-07,488.4839,,,,15.520973009532856,65.6309,-27.99824029805229,商品住宅販売面積（累計）
re_sold_area,220000,吉林省,2024-08,546.8778,,,,11.954109439430848,58.393899999999974,-11.026818160348284,商品住宅販売面積（累計）
re_sold_area,220000,吉林省,2024-09,656.6081,,,,20.06486641074112,109.73030000000006,87.91397731612396,商品住宅販売面積（累計）
re_sold_area,220000,吉林省,2024-10,727.281,,,,10.763330516330804,70.67289999999991,-35.59399728242803,商品住宅販売面積（累計）
re_sold_area,220000,吉林省,2024-11,805.1758,,,,10.710413169050215,77.89480000000003,10.218768438821858,商品住宅販売面積（累計）
re_sold_area,220000,吉林省,2024-12,912.2942,,,,13.303728204449271,107.11840000000007,37.51675336479459,商品住宅販売面積（累計）
re_sold_area,220000,吉林省,2025-02,67.3071,,-16.424202388550448,,,,,商品住宅販売面積（累計）
re_sold_area,220000,吉林省,2025-03,163.9505,,-5.029565576030559,,143.58574355454326,96.6434,,商品住宅販売面積（累計）
re_sold_area,220000,吉林省,2025-04,225.43,,-4.263894114839162,,37.498818240871486,61.4795,-36.3852058185039,商品住宅販売面積（累計）
re_sold_area,220000,吉林省,2025-05,294.82,,-11.118802102615245,,30.7811737568203,69.38999999999999,12.866890589546088,商品住宅販売面積（累計）
re_sold_area,220000,吉林省,2025-06,396.23,,-6.2960414139192515,,34.3972593446849,101.41000000000003,46.14497766248746,商品住宅販売面積（累計）
re_sold_area,220000,吉林省,2025-07,454.66,,-6.924260963360307,,14.7464856270348,58.43000000000001,-42.38240804654374,商品住宅販売面積（累計）
re_sold_area,220000,吉林省,2025-08,513.32,,-6.136252010961119,,12.90194870892536,58.660000000000025,0.3936334074961856,商品住宅販売面積（累計）
re_sold_area,220000,吉林省,2025-09,637.61,,-2.8933697284575066,,24.21296657056027,124.28999999999996,111.88203204909635,商品住宅販売面積（累計）
re_sold_area,220000,吉林省,2025-10,700.95,,-3.6204713171387515,,9.933972177349792,63.34000000000003,-49.0385389009574,商品住宅販売面積（累計）
re_sold_area,220000,吉林省,2025-11,772.35,,-4.076848807428135,,10.186175904130113,71.39999999999998,12.724976318282199,商品住宅販売面積（累計）
re_sold_area,220000,吉林省,2025-12,868.4,,-4.811408425045349,,12.436071729138343,96.04999999999995,34.52380952380951,商品住宅販売面積（累計）
re_sold_area,220000,吉林省,2026-02,62.04,,-7.8254745784620106,,,,,商品住宅販売面積（累計）
re_sold_area,220000,吉林省,2026-03,156.81,,-4.35527796499553,,152.75628626692458,94.77000000000001,,商品住宅販売面積（累計）
re_sold_area,220000,吉林省,2026-04,212.06,,-5.93088763696048,,35.233722339136534,55.25,-41.700960219478745,商品住宅販売面積（累計）
re_sold_area,220000,吉林省,2026-05,257.93,,-12.512719625534219,,21.630670564934462,45.870000000000005,-16.977375565610853,商品住宅販売面積（累計）
re_sold_area,220000,吉林省,2026-06,348.38,,-12.076319309491968,,35.067654014655126,90.44999999999999,97.18770438194895,商品住宅販売面積（累計）
re_sold_area,230000,黑龙江省,2024-02,57.3569,,,,,,,商品住宅販売面積（累計）
re_sold_area,230000,黑龙江省,2024-03,149.1268,,,,159.99801244488458,91.7699,,商品住宅販売面積（累計）
re_sold_area,230000,黑龙江省,2024-04,210.5298,,,,41.17502688986821,61.40299999999999,-33.09026162173001,商品住宅販売面積（累計）
re_sold_area,230000,黑龙江省,2024-05,272.9205,,,,29.635092039226762,62.39070000000001,1.608553328013329,商品住宅販売面積（累計）
re_sold_area,230000,黑龙江省,2024-06,330.3128,,,,21.028944326278154,57.39229999999998,-8.01145042450242,商品住宅販売面積（累計）
re_sold_area,230000,黑龙江省,2024-07,385.435,,,,16.68787888328882,55.12220000000002,-3.9554086523801213,商品住宅販売面積（累計）
re_sold_area,230000,黑龙江省,2024-08,450.2768,,,,16.823018148325918,64.84179999999998,17.632823073099324,商品住宅販売面積（累計）
re_sold_area,230000,黑龙江省,2024-09,520.7115,,,,15.642533659295799,70.43470000000002,8.625454567886838,商品住宅販売面積（累計）
re_sold_area,230000,黑龙江省,2024-10,583.4005,,,,12.039104187251471,62.688999999999965,-10.996994379191015,商品住宅販売面積（累計）
re_sold_area,230000,黑龙江省,2024-11,654.564,,,,12.198052624226419,71.1635,13.518320598510169,商品住宅販売面積（累計）
re_sold_area,230000,黑龙江省,2024-12,751.3898,,,,14.792411437231511,96.82580000000007,36.06104252882456,商品住宅販売面積（累計）
re_sold_area,230000,黑龙江省,2025-02,66.6384,,16.182011231429883,,,,,商品住宅販売面積（累計）
re_sold_area,230000,黑龙江省,2025-03,150.38,,0.8403586746312586,,125.66568224927366,83.74159999999999,,商品住宅販売面積（累計）
re_sold_area,230000,黑龙江省,2025-04,209.72,,-0.38464863406509897,,39.460034579066374,59.34,-29.13916142036932,商品住宅販売面積（累計）
re_sold_area,230000,黑龙江省,2025-05,266.14,,-2.4844231195531363,,26.90253671562082,56.41999999999999,-4.920795416245394,商品住宅販売面積（累計）
re_sold_area,230000,黑龙江省,2025-06,325.16,,-1.5599758774107353,,22.17629818892315,59.02000000000004,4.608294930875667,商品住宅販売面積（累計）
re_sold_area,230000,黑龙江省,2025-07,393.74,,2.1547083165773806,,21.091155123631445,68.57999999999998,16.197899017282168,商品住宅販売面積（累計）
re_sold_area,230000,黑龙江省,2025-08,454.26,,0.8846114212413436,,15.370549093310304,60.51999999999998,-11.75269757946924,商品住宅販売面積（累計）
re_sold_area,230000,黑龙江省,2025-09,527.71,,1.3440263946542519,,16.169154228855742,73.45000000000005,21.364838070059598,商品住宅販売面積（累計）
re_sold_area,230000,黑龙江省,2025-10,585.23,,0.3135924634963594,,10.899926095772305,57.51999999999998,-21.688223281143703,商品住宅販売面積（累計）
re_sold_area,230000,黑龙江省,2025-11,645.65,,-1.3618225261395334,,10.324146062231932,60.41999999999996,5.041724617524301,商品住宅販売面積（累計）
re_sold_area,230000,黑龙江省,2025-12,723.04,,-3.772981746624726,,11.9863703244792,77.38999999999999,28.086726249586302,商品住宅販売面積（累計）
re_sold_area,230000,黑龙江省,2026-02,62.8,,-5.760042257917364,,,,,商品住宅販売面積（累計）
re_sold_area,230000,黑龙江省,2026-03,132.44,,-11.929777895996807,,110.89171974522291,69.64,,商品住宅販売面積（累計）
re_sold_area,230000,黑龙江省,2026-04,186.21,,-11.210185008582874,,40.599516762307466,53.77000000000001,-22.788627225732327,商品住宅販売面積（累計）
re_sold_area,230000,黑龙江省,2026-05,235.66,,-11.452618922371682,,26.556038880833466,49.44999999999999,-8.034219825181365,商品住宅販売面積（累計）
re_sold_area,230000,黑龙江省,2026-06,291.29,,-10.416410382580887,,23.606042603751188,55.630000000000024,12.497472194135572,商品住宅販売面積（累計）
re_sold_area,310000,上海市,2024-02,200.8162,,,,,,,商品住宅販売面積（累計）
re_sold_area,310000,上海市,2024-03,394.2804,,,,96.33894078266592,193.46419999999998,,商品住宅販売面積（累計）
re_sold_area,310000,上海市,2024-04,505.1535,,,,28.120368144092378,110.87310000000002,-42.6906373375539,商品住宅販売面積（累計）
re_sold_area,310000,上海市,2024-05,611.2659,,,,21.005971452241745,106.11239999999998,-4.293827808548734,商品住宅販売面積（累計）
re_sold_area,310000,上海市,2024-06,783.2343,,,,28.133157763258176,171.96839999999997,62.06249222522533,商品住宅販売面積（累計）
re_sold_area,310000,上海市,2024-07,920.318,,,,17.502259540982834,137.08370000000002,-20.285529201876596,商品住宅販売面積（累計）
re_sold_area,310000,上海市,2024-08,1038.1167,,,,12.799782249179103,117.79870000000005,-14.068047477562951,商品住宅販売面積（累計）
re_sold_area,310000,上海市,2024-09,1205.8823,,,,16.160572313305433,167.76559999999995,42.41719136119488,商品住宅販売面積（累計）
re_sold_area,310000,上海市,2024-10,1327.7361,,,,10.104949711924638,121.85380000000009,-27.366635353135493,商品住宅販売面積（累計）
re_sold_area,310000,上海市,2024-11,1469.8579,,,,10.70406988256174,142.1217999999999,16.633047143379855,商品住宅販売面積（累計）
re_sold_area,310000,上海市,2024-12,1656.8637,,,,12.722712855439976,187.00580000000014,31.581361902255868,商品住宅販売面積（累計）
re_sold_area,310000,上海市,2025-02,201.3922,,0.2868294490185441,,,,,商品住宅販売面積（累計）
re_sold_area,310000,上海市,2025-03,397.2808,,0.7609812711968367,,97.26722286165999,195.8886,,商品住宅販売面積（累計）
re_sold_area,310000,上海市,2025-04,508.66,,0.6941454429198357,,28.035384544131013,111.37920000000003,-43.1415610709352,商品住宅販売面積（累計）
re_sold_area,310000,上海市,2025-05,615.11,,0.6288752570689837,,20.927535092203044,106.44999999999999,-4.425601907717091,商品住宅販売面積（累計）
re_sold_area,310000,上海市,2025-06,795.64,,1.5839066292168358,,29.34922209035782,180.52999999999997,69.59135744480976,商品住宅販売面積（累計）
re_sold_area,310000,上海市,2025-07,920.92,,0.06541217274897981,,15.745814690060822,125.27999999999997,-30.604331690023823,商品住宅販売面積（累計）
re_sold_area,310000,上海市,2025-08,1027.46,,-1.026541620995014,,11.568865916692017,106.54000000000008,-14.958492975734272,商品住宅販売面積（累計）
re_sold_area,310000,上海市,2025-09,1202.42,,-0.28711757358076406,,17.028400132365263,174.96000000000004,64.22001126337517,商品住宅販売面積（累計）
re_sold_area,310000,上海市,2025-10,1304.4,,-1.7575857130042616,,8.48122952046706,101.98000000000002,-41.71239140374943,商品住宅販売面積（累計）
re_sold_area,310000,上海市,2025-11,1428.67,,-2.802168835504437,,9.526985587243164,124.26999999999998,21.857226907236683,商品住宅販売面積（累計）
re_sold_area,310000,上海市,2025-12,1579.85,,-4.648161463130629,,10.581869850980263,151.17999999999984,21.654462058421075,商品住宅販売面積（累計）
re_sold_area,310000,上海市,2026-02,185.7,,-7.791860856577371,,,,,商品住宅販売面積（累計）
re_sold_area,310000,上海市,2026-03,397.32,,0.00986707638526152,,113.95799676898224,211.62,,商品住宅販売面積（累計）
re_sold_area,310000,上海市,2026-04,500.87,,-1.5314748555027013,,26.062116178395243,103.55000000000001,-51.067951989414986,商品住宅販売面積（累計）
re_sold_area,310000,上海市,2026-05,616.88,,0.2877534099591905,,23.161698644358818,116.00999999999999,12.03283437952678,商品住宅販売面積（累計）
re_sold_area,310000,上海市,2026-06,835.81,,5.04876577346538,,35.48988458046944,218.92999999999995,88.71648995776222,商品住宅販売面積（累計）
re_sold_area,320000,江苏省,2024-02,1030.8049,,,,,,,商品住宅販売面積（累計）
re_sold_area,320000,江苏省,2024-03,1995.033,,,,93.54128021704202,964.2280999999998,,商品住宅販売面積（累計）
re_sold_area,320000,江苏省,2024-04,2650.8291,,,,32.871441224280495,655.7961,-31.987451931757626,商品住宅販売面積（累計）
re_sold_area,320000,江苏省,2024-05,3471.6248,,,,30.963735081978694,820.7957000000001,25.160198421430092,商品住宅販売面積（累計）
re_sold_area,320000,江苏省,2024-06,4712.7284,,,,35.74993472796946,1241.1036,51.207371091247154,商品住宅販売面積（累計）
re_sold_area,320000,江苏省,2024-07,5296.1982,,,,12.380721961401386,583.4697999999999,-52.987824706978536,商品住宅販売面積（累計）
re_sold_area,320000,江苏省,2024-08,5978.2659,,,,12.878439858991687,682.0677000000005,16.89854384922762,商品住宅販売面積（累計）
re_sold_area,320000,江苏省,2024-09,7124.3211,,,,19.17036175992104,1146.0551999999998,68.02660498364004,商品住宅販売面積（累計）
re_sold_area,320000,江苏省,2024-10,7990.3337,,,,12.155721055301672,866.0126,-24.435350059927284,商品住宅販売面積（累計）
re_sold_area,320000,江苏省,2024-11,8994.0871,,,,12.562096123720101,1003.7534000000005,15.905172742290418,商品住宅販売面積（累計）
re_sold_area,320000,江苏省,2024-12,10387.5843,,,,15.493481267265018,1393.4971999999998,38.82864058044526,商品住宅販売面積（累計）
re_sold_area,320000,江苏省,2025-02,964.7886,,-6.4043447989042495,,,,,商品住宅販売面積（累計）
re_sold_area,320000,江苏省,2025-03,1849.3698,,-7.301292760570877,,91.68653112194734,884.5812,,商品住宅販売面積（累計）
re_sold_area,320000,江苏省,2025-04,2439.89,,-7.95747639861053,,31.930888024666572,590.5201999999999,-33.24296288458313,商品住宅販売面積（累計）
re_sold_area,320000,江苏省,2025-05,3175.55,,-8.528421619755678,,30.15135928259063,735.6600000000003,24.57829554348867,商品住宅販売面積（累計）
re_sold_area,320000,江苏省,2025-06,4203.5,,-10.8053839894529,,32.370770417722916,1027.9499999999998,39.73166952124614,商品住宅販売面積（累計）
re_sold_area,320000,江苏省,2025-07,4602.42,,-13.099551297003952,,9.490186749137619,398.9200000000001,-61.19266501288971,商品住宅販売面積（累計）
re_sold_area,320000,江苏省,2025-08,5071.52,,-15.167373200981238,,10.192463964609932,469.10000000000036,17.592499749323242,商品住宅販売面積（累計）
re_sold_area,320000,江苏省,2025-09,5903.7,,-17.13315672983915,,16.408887276398374,832.1799999999994,77.39927520784452,商品住宅販売面積（累計）
re_sold_area,320000,江苏省,2025-10,6496.36,,-18.697262919069335,,10.038789233870293,592.6599999999999,-28.78223461270395,商品住宅販売面積（累計）
re_sold_area,320000,江苏省,2025-11,7189.96,,-20.059035229934572,,10.676748209766696,693.6000000000004,17.031687645530404,商品住宅販売面積（累計）
re_sold_area,320000,江苏省,2025-12,8129.21,,-21.741092392386175,,13.063355011710765,939.25,35.416666666666586,商品住宅販売面積（累計）
re_sold_area,320000,江苏省,2026-02,769.65,,-20.226047447078045,,,,,商品住宅販売面積（累計）
re_sold_area,320000,江苏省,2026-03,1509.12,,-18.39814838546623,,96.07873708828687,739.4699999999999,,商品住宅販売面積（累計）
re_sold_area,320000,江苏省,2026-04,2014.78,,-17.423326461438837,,33.50694444444444,505.6600000000001,-31.618591694051123,商品住宅販売面積（累計）
re_sold_area,320000,江苏省,2026-05,2572.16,,-19.00111791658139,,27.66455890965762,557.3799999999999,10.228216588221283,商品住宅販売面積（累計）
re_sold_area,320000,江苏省,2026-06,3330.6,,-20.76602830974188,,29.48650161731774,758.44,36.07233844056124,商品住宅販売面積（累計）
re_sold_area,330000,浙江省,2024-02,643.887,,,,,,,商品住宅販売面積（累計）
re_sold_area,330000,浙江省,2024-03,1403.0694,,,,117.90615434074616,759.1824000000001,,商品住宅販売面積（累計）
re_sold_area,330000,浙江省,2024-04,1719.1698,,,,22.52920632436284,316.1003999999998,-58.363049512212115,商品住宅販売面積（累計）
re_sold_area,330000,浙江省,2024-05,2079.3145,,,,20.948756777835452,360.14470000000006,13.933642602160656,商品住宅販売面積（累計）
re_sold_area,330000,浙江省,2024-06,2768.4276,,,,33.14135980872543,689.1131,91.34339614049574,商品住宅販売面積（累計）
re_sold_area,330000,浙江省,2024-07,3053.397,,,,10.29354713845505,284.96939999999995,-58.646933282794954,商品住宅販売面積（累計）
re_sold_area,330000,浙江省,2024-08,3332.9376,,,,9.155068928147902,279.54060000000027,-1.905046647113584,商品住宅販売面積（累計）
re_sold_area,330000,浙江省,2024-09,3925.5548,,,,17.780626916027465,592.6171999999997,111.99682622130709,商品住宅販売面積（累計）
re_sold_area,330000,浙江省,2024-10,4249.0411,,,,8.240524371230284,323.4863000000005,-45.41395356057829,商品住宅販売面積（累計）
re_sold_area,330000,浙江省,2024-11,4582.1244,,,,7.839022785635086,333.0832999999993,2.966740786240041,商品住宅販売面積（累計）
re_sold_area,330000,浙江省,2024-12,5116.0536,,,,11.65243789540067,533.9292000000005,60.29900028011059,商品住宅販売面積（累計）
re_sold_area,330000,浙江省,2025-02,611.5706,,-5.018955189342222,,,,,商品住宅販売面積（累計）
re_sold_area,330000,浙江省,2025-03,1404.4151,,0.09591115022533625,,129.64071523385851,792.8444999999999,,商品住宅販売面積（累計）
re_sold_area,330000,浙江省,2025-04,1724.35,,0.30131985799193295,,22.780650820402037,319.93489999999997,-59.64720698699429,商品住宅販売面積（累計）
re_sold_area,330000,浙江省,2025-05,2086.82,,0.3609603068703837,,21.02067445704181,362.47000000000025,13.294923435986593,商品住宅販売面積（累計）
re_sold_area,330000,浙江省,2025-06,2771.09,,0.09617011476117376,,32.790082517898036,684.27,88.77976108367575,商品住宅販売面積（累計）
re_sold_area,330000,浙江省,2025-07,3033.58,,-0.6490148513278782,,9.4724458606541,262.4899999999998,-61.63941134347556,商品住宅販売面積（累計）
re_sold_area,330000,浙江省,2025-08,3297.72,,-1.0566534458971044,,8.707204029562421,264.1399999999999,0.6285953750619466,商品住宅販売面積（累計）
re_sold_area,330000,浙江省,2025-09,3799.94,,-3.1999247596798286,,15.229309947478864,502.22000000000025,90.1340198379649,商品住宅販売面積（累計）
re_sold_area,330000,浙江省,2025-10,4038.27,,-4.960439191797894,,6.271941135912673,238.32999999999993,-52.544701525228035,商品住宅販売面積（累計）
re_sold_area,330000,浙江省,2025-11,4285.08,,-6.482678645739082,,6.1117755870707,246.80999999999995,3.5580917215625396,商品住宅販売面積（累計）
re_sold_area,330000,浙江省,2025-12,4741.94,,-7.312542620741902,,10.661644590066,456.8599999999997,85.1059519468416,商品住宅販売面積（累計）
re_sold_area,330000,浙江省,2026-02,580.34,,-5.1066221953769535,,,,,商品住宅販売面積（累計）
re_sold_area,330000,浙江省,2026-03,1341.4,,-4.486928401723955,,131.1403659923493,761.0600000000001,,商品住宅販売面積（累計）
re_sold_area,330000,浙江省,2026-04,1666.75,,-3.340389132136745,,24.25451021321008,325.3499999999999,-57.25041389640766,商品住宅販売面積（累計）
re_sold_area,330000,浙江省,2026-05,1977.34,,-5.246259859499158,,18.63446827658617,310.5899999999999,-4.536652835408017,商品住宅販売面積（累計）
re_sold_area,330000,浙江省,2026-06,2632.31,,-5.008137592066664,,33.12379256981601,654.97,110.87929424643428,商品住宅販売面積（累計）
re_sold_area,340000,安徽省,2024-02,516.986,,,,,,,商品住宅販売面積（累計）
re_sold_area,340000,安徽省,2024-03,960.8107,,,,85.84849493023022,443.8247,,商品住宅販売面積（累計）
re_sold_area,340000,安徽省,2024-04,1269.653,,,,32.14392803910282,308.8423,-30.413449274003902,商品住宅販売面積（累計）
re_sold_area,340000,安徽省,2024-05,1600.4648,,,,26.055292272770593,330.81179999999995,7.113500967969721,商品住宅販売面積（累計）
re_sold_area,340000,安徽省,2024-06,2095.7902,,,,30.948846859987178,495.32539999999995,49.73026959739648,商品住宅販売面積（累計）
re_sold_area,340000,安徽省,2024-07,2303.7244,,,,9.921517907660803,207.93420000000015,-58.02068700696549,商品住宅販売面積（累計）
re_sold_area,340000,安徽省,2024-08,2569.8354,,,,11.551338345854223,266.1109999999999,27.97846626480862,商品住宅販売面積（累計）
re_sold_area,340000,安徽省,2024-09,2930.2903,,,,14.026380833574015,360.4549000000002,35.452837349827824,商品住宅販売面積（累計）
re_sold_area,340000,安徽省,2024-10,3175.5465,,,,8.369689515062717,245.2561999999998,-31.959254819396353,商品住宅販売面積（累計）
re_sold_area,340000,安徽省,2024-11,3484.3787,,,,9.725324444154747,308.8322000000003,25.922280456111004,商品住宅販売面積（累計）
re_sold_area,340000,安徽省,2024-12,3841.1218,,,,10.238356123575198,356.7430999999997,15.513570152334943,商品住宅販売面積（累計）
re_sold_area,340000,安徽省,2025-02,517.4255,,0.0850119732449306,,,,,商品住宅販売面積（累計）
re_sold_area,340000,安徽省,2025-03,938.3459,,-2.3381088491208457,,81.34898647244869,420.9204,,商品住宅販売面積（累計）
re_sold_area,340000,安徽省,2025-04,1202.0,,-5.328463761358416,,28.097751586062223,263.65409999999997,-37.362479936824165,商品住宅販売面積（累計）
re_sold_area,340000,安徽省,2025-05,1505.53,,-5.9317018406153,,25.25207986688851,303.53,15.124323877383294,商品住宅販売面積（累計）
re_sold_area,340000,安徽省,2025-06,1890.31,,-9.804426034628843,,25.55777699547668,384.78,26.7683589760485,商品住宅販売面積（累計）
re_sold_area,340000,安徽省,2025-07,2084.53,,-9.514783973291241,,10.274505239881293,194.22000000000025,-49.524403555278276,商品住宅販売面積（累計）
re_sold_area,340000,安徽省,2025-08,2302.27,,-10.411771897919998,,10.44552009325843,217.73999999999978,12.109978375038356,商品住宅販売面積（累計）
re_sold_area,340000,安徽省,2025-09,2637.45,,-9.993559341202484,,14.558674699318486,335.17999999999984,53.93588683751271,商品住宅販売面積（累計）
re_sold_area,340000,安徽省,2025-10,2836.36,,-10.681200857868077,,7.541754346053975,198.9100000000003,-40.65576705053988,商品住宅販売面積（累計）
re_sold_area,340000,安徽省,2025-11,3043.82,,-12.643823703778235,,7.314304249108017,207.46000000000004,4.298426424010726,商品住宅販売面積（累計）
re_sold_area,340000,安徽省,2025-12,3285.5,,-14.465091942671538,,7.940022734590091,241.67999999999984,16.494745975127636,商品住宅販売面積（累計）
re_sold_area,340000,安徽省,2026-02,383.11,,-25.958423000026098,,,,,商品住宅販売面積（累計）
re_sold_area,340000,安徽省,2026-03,742.62,,-20.858608749715856,,93.83988932682519,359.51,,商品住宅販売面積（累計）
re_sold_area,340000,安徽省,2026-04,948.62,,-21.07986688851914,,27.739624572459665,206.0,-42.69978581958777,商品住宅販売面積（累計）
re_sold_area,340000,安徽省,2026-05,1172.31,,-22.133069417414465,,23.58056966962534,223.68999999999994,8.587378640776677,商品住宅販売面積（累計）
re_sold_area,340000,安徽省,2026-06,1422.85,,-24.7292772085002,,21.3714802398683,250.53999999999996,12.003218740220856,商品住宅販売面積（累計）
re_sold_area,350000,福建省,2024-02,552.9458,,,,,,,商品住宅販売面積（累計）
re_sold_area,350000,福建省,2024-03,1003.771,,,,81.53153527886458,450.8252,,商品住宅販売面積（累計）
re_sold_area,350000,福建省,2024-04,1242.6678,,,,23.799930462226946,238.89679999999998,-47.00899594787514,商品住宅販売面積（累計）
re_sold_area,350000,福建省,2024-05,1512.0677,,,,21.679156730382832,269.3999000000001,12.76831669574483,商品住宅販売面積（累計）
re_sold_area,350000,福建省,2024-06,1863.4465,,,,23.238298126466162,351.37879999999996,30.43018946926106,商品住宅販売面積（累計）
re_sold_area,350000,福建省,2024-07,2034.0607,,,,9.155841071906279,170.61419999999998,-51.44436716159313,商品住宅販売面積（累計）
re_sold_area,350000,福建省,2024-08,2205.4129,,,,8.424143881251922,171.3521999999998,0.43255485182349673,商品住宅販売面積（累計）
re_sold_area,350000,福建省,2024-09,2453.7513,,,,11.260403890808846,248.3384000000001,44.928632372388776,商品住宅販売面積（累計）
re_sold_area,350000,福建省,2024-10,2672.7273,,,,8.924131797709078,218.9760000000001,-11.823544002860597,商品住宅販売面積（累計）
re_sold_area,350000,福建省,2024-11,2912.5329,,,,8.972318275792679,239.80560000000014,9.512275317843066,商品住宅販売面積（累計）
re_sold_area,350000,福建省,2024-12,3229.0108,,,,10.86607124678316,316.47789999999986,31.97268954519814,商品住宅販売面積（累計）
re_sold_area,350000,福建省,2025-02,450.3422,,-18.555815054567727,,,,,商品住宅販売面積（累計）
re_sold_area,350000,福建省,2025-03,833.0749,,-17.00548232614809,,84.98708315587568,382.73269999999997,,商品住宅販売面積（累計）
re_sold_area,350000,福建省,2025-04,1032.85,,-16.884464214812677,,23.980448816787046,199.77509999999995,-47.80297058495394,商品住宅販売面積（累計）
re_sold_area,350000,福建省,2025-05,1255.26,,-16.983875788101287,,21.53362056445758,222.41000000000008,11.330190799554174,商品住宅販売面積（累計）
re_sold_area,350000,福建省,2025-06,1554.5,,-16.57930614053046,,23.83888596784729,299.24,34.54431005800094,商品住宅販売面積（累計）
re_sold_area,350000,福建省,2025-07,1700.09,,-16.41891512873731,,9.365712447732388,145.58999999999992,-51.34674508755517,商品住宅販売面積（累計）
re_sold_area,350000,福建省,2025-08,1854.88,,-15.894207384023185,,9.104812098183057,154.7900000000002,6.319115323854851,商品住宅販売面積（累計）
re_sold_area,350000,福建省,2025-09,2053.24,,-16.322408061485294,,10.693953247649436,198.35999999999967,28.147813166224832,商品住宅販売面積（累計）
re_sold_area,350000,福建省,2025-10,2209.17,,-17.343980435265504,,7.594338703707337,155.9300000000003,-21.390401290582506,商品住宅販売面積（累計）
re_sold_area,350000,福建省,2025-11,2372.35,,-18.54684285283096,,7.386484516809477,163.17999999999984,4.649522221509361,商品住宅販売面積（累計）
re_sold_area,350000,福建省,2025-12,2568.81,,-20.445914891334528,,8.281240120555577,196.46000000000004,20.394656207868756,商品住宅販売面積（累計）
re_sold_area,350000,福建省,2026-02,371.67,,-17.46942658271865,,,,,商品住宅販売面積（累計）
re_sold_area,350000,福建省,2026-03,698.99,,-16.095179437047015,,88.06737159307987,327.32,,商品住宅販売面積（累計）
re_sold_area,350000,福建省,2026-04,855.41,,-17.179648545287307,,22.378002546531416,156.41999999999996,-52.21190272516194,商品住宅販売面積（累計）
re_sold_area,350000,福建省,2026-05,1029.88,,-17.954846007998338,,20.396067382892436,174.47000000000014,11.539445083749001,商品住宅販売面積（累計）
re_sold_area,350000,福建省,2026-06,1251.17,,-19.51302669668703,,21.486969355653084,221.28999999999996,26.835559121911956,商品住宅販売面積（累計）
re_sold_area,360000,江西省,2024-02,337.1629,,,,,,,商品住宅販売面積（累計）
re_sold_area,360000,江西省,2024-03,624.0784,,,,85.09699614044133,286.9155,,商品住宅販売面積（累計）
re_sold_area,360000,江西省,2024-04,808.5511,,,,29.55921884173527,184.47270000000003,-35.70486780951185,商品住宅販売面積（累計）
re_sold_area,360000,江西省,2024-05,1026.4169,,,,26.945211007690162,217.86579999999992,18.10191968784536,商品住宅販売面積（累計）
re_sold_area,360000,江西省,2024-06,1297.9004,,,,26.44963269798073,271.48350000000005,24.61042531686943,商品住宅販売面積（累計）
re_sold_area,360000,江西省,2024-07,1533.5596,,,,18.156955649293273,235.65920000000006,-13.195755911501061,商品住宅販売面積（累計）
re_sold_area,360000,江西省,2024-08,1766.3186,,,,15.17769508273432,232.75900000000001,-1.2306754839191636,商品住宅販売面積（累計）
re_sold_area,360000,江西省,2024-09,2067.9882,,,,17.07900262161084,301.6695999999997,29.605987308761293,商品住宅販売面積（累計）
re_sold_area,360000,江西省,2024-10,2314.6839,,,,11.929260524794106,246.69570000000022,-18.223215067079867,商品住宅販売面積（累計）
re_sold_area,360000,江西省,2024-11,2578.252,,,,11.386785901954033,263.56809999999996,6.839357151340586,商品住宅販売面積（累計）
re_sold_area,360000,江西省,2024-12,2912.8656,,,,12.978312438039419,334.61360000000013,26.955272660082997,商品住宅販売面積（累計）
re_sold_area,360000,江西省,2025-02,338.073,,0.2699288682117773,,,,,商品住宅販売面積（累計）
re_sold_area,360000,江西省,2025-03,637.6192,,2.1697273932249628,,88.60399972786944,299.5462,,商品住宅販売面積（累計）
re_sold_area,360000,江西省,2025-04,831.82,,2.877851504994555,,30.45717569358013,194.20080000000007,-35.168331295806766,商品住宅販売面積（累計）
re_sold_area,360000,江西省,2025-05,1061.97,,3.463806957971949,,27.668245533889536,230.14999999999998,18.511355257032868,商品住宅販売面積（累計）
re_sold_area,360000,江西省,2025-06,1343.69,,3.5279748738809236,,26.528056348107754,281.72,22.407125787529903,商品住宅販売面積（累計）
re_sold_area,360000,江西省,2025-07,1574.29,,2.6559385106389,,17.161696522263313,230.5999999999999,-18.145676558284862,商品住宅販売面積（累計）
re_sold_area,360000,江西省,2025-08,1794.84,,1.6147370015805684,,14.009489992313995,220.54999999999995,-4.358196010407611,商品住宅販売面積（累計）
re_sold_area,360000,江西省,2025-09,2054.75,,-0.6401487203843703,,14.480956519801214,259.9100000000001,17.846293357515375,商品住宅販売面積（累計）
re_sold_area,360000,江西省,2025-10,2267.18,,-2.052284547363037,,10.33848400048667,212.42999999999984,-18.267861952214314,商品住宅販売面積（累計）
re_sold_area,360000,江西省,2025-11,2504.59,,-2.857051987160286,,10.471599079032124,237.4100000000003,11.759167725839337,商品住宅販売面積（累計）
re_sold_area,360000,江西省,2025-12,2814.23,,-3.3862049797285576,,12.362901712455932,309.6399999999999,30.42416073459393,商品住宅販売面積（累計）
re_sold_area,360000,江西省,2026-02,321.11,,-5.017555380051042,,,,,商品住宅販売面積（累計）
re_sold_area,360000,江西省,2026-03,607.48,,-4.726833821817156,,89.18127744386659,286.37,,商品住宅販売面積（累計）
re_sold_area,360000,江西省,2026-04,792.58,,-4.717366737996198,,30.470138934615143,185.10000000000002,-35.36334113210182,商品住宅販売面積（累計）
re_sold_area,360000,江西省,2026-05,999.83,,-5.851389398947237,,26.1487799338868,207.25,11.966504592112347,商品住宅販売面積（累計）
re_sold_area,360000,江西省,2026-06,1251.8,,-6.83863093421847,,25.20128421831711,251.9699999999999,21.577804583835913,商品住宅販売面積（累計）
re_sold_area,370000,山东省,2024-02,979.7735,,,,,,,商品住宅販売面積（累計）
re_sold_area,370000,山东省,2024-03,2164.5818,,,,120.92675501021408,1184.8083,,商品住宅販売面積（累計）
re_sold_area,370000,山东省,2024-04,2770.3859,,,,27.987119729085784,605.8041000000003,-48.86901957050771,商品住宅販売面積（累計）
re_sold_area,370000,山东省,2024-05,3570.8943,,,,28.895194709155845,800.5083999999997,32.139812193413576,商品住宅販売面積（累計）
re_sold_area,370000,山东省,2024-06,5098.9264,,,,42.79130020734583,1528.0321000000004,90.88270653999395,商品住宅販売面積（累計）
re_sold_area,370000,山东省,2024-07,5804.1879,,,,13.831568543527117,705.2614999999996,-53.845112285272045,商品住宅販売面積（累計）
re_sold_area,370000,山东省,2024-08,6497.2797,,,,11.941236430336799,693.0918000000001,-1.725558533962146,商品住宅販売面積（累計）
re_sold_area,370000,山东省,2024-09,7699.1354,,,,18.497829176108894,1201.8557,73.40498040807869,商品住宅販売面積（累計）
re_sold_area,370000,山东省,2024-10,8330.7849,,,,8.204161469871018,631.6495000000004,-47.44381542642762,商品住宅販売面積（累計）
re_sold_area,370000,山东省,2024-11,9007.3854,,,,8.12168971017364,676.6004999999986,7.116446700266232,商品住宅販売面積（累計）
re_sold_area,370000,山东省,2024-12,9833.1715,,,,9.167877950464964,825.7861000000012,22.049289056097777,商品住宅販売面積（累計）
re_sold_area,370000,山东省,2025-02,872.2701,,-10.972270631936876,,,,,商品住宅販売面積（累計）
re_sold_area,370000,山东省,2025-03,1990.9565,,-8.02119374744812,,128.24999962740898,1118.6864,,商品住宅販売面積（累計）
re_sold_area,370000,山东省,2025-04,2560.64,,-7.570999404812174,,28.61355835750303,569.6834999999999,-49.075674827190184,商品住宅販売面積（累計）
re_sold_area,370000,山东省,2025-05,3311.33,,-7.268887796538815,,29.31649900024995,750.69,31.773168785825856,商品住宅販売面積（累計）
re_sold_area,370000,山东省,2025-06,4709.64,,-7.634673840359807,,42.22804734049461,1398.3100000000004,86.26996496556505,商品住宅販売面積（累計）
re_sold_area,370000,山东省,2025-07,5361.15,,-7.633073009231839,,13.833541417178363,651.5099999999993,-53.40732741666733,商品住宅販売面積（累計）
re_sold_area,370000,山东省,2025-08,5960.2,,-8.266224093754193,,11.173908583046543,599.0500000000002,-8.052063667480036,商品住宅販売面積（累計）
re_sold_area,370000,山东省,2025-09,7005.69,,-9.006795750078645,,17.54118989295661,1045.4899999999998,74.52466405141465,商品住宅販売面積（累計）
re_sold_area,370000,山东省,2025-10,7536.93,,-9.529172935433738,,7.582978978516053,531.2400000000007,-49.187462338233665,商品住宅販売面積（累計）
re_sold_area,370000,山东省,2025-11,8099.99,,-10.073904465107042,,7.470681033258897,563.0599999999995,5.989759807243189,商品住宅販売面積（累計）
re_sold_area,370000,山东省,2025-12,8793.98,,-10.56822308041715,,8.567788355294258,693.9899999999998,23.25329449792215,商品住宅販売面積（累計）
re_sold_area,370000,山东省,2026-02,781.77,,-10.375238128648457,,,,,商品住宅販売面積（累計）
re_sold_area,370000,山东省,2026-03,1786.92,,-10.248164638453927,,128.57362139759778,1005.1500000000001,,商品住宅販売面積（累計）
re_sold_area,370000,山东省,2026-04,2300.73,,-10.150196825793545,,28.753945336109066,513.81,-48.882256379644836,商品住宅販売面積（累計）
re_sold_area,370000,山东省,2026-05,2953.49,,-10.806533930475071,,28.371864582110895,652.7599999999998,27.04307039567151,商品住宅販売面積（累計）
re_sold_area,370000,山东省,2026-06,4094.75,,-13.055987294145632,,38.64106531594827,1141.2600000000002,74.83608064219631,商品住宅販売面積（累計）
re_sold_area,410000,河南省,2024-02,739.0803,,,,,,,商品住宅販売面積（累計）
re_sold_area,410000,河南省,2024-03,1492.4758,,,,101.93689373130361,753.3955,,商品住宅販売面積（累計）
re_sold_area,410000,河南省,2024-04,1981.5327,,,,32.76816280706194,489.05690000000004,-35.086299294328136,商品住宅販売面積（累計）
re_sold_area,410000,河南省,2024-05,2355.8422,,,,18.889897703933944,374.30950000000007,-23.462995819095887,商品住宅販売面積（累計）
re_sold_area,410000,河南省,2024-06,3223.0209,,,,36.8097107692527,867.1786999999999,131.67424283914775,商品住宅販売面積（累計）
re_sold_area,410000,河南省,2024-07,3636.4462,,,,12.82726090916755,413.4252999999999,-52.325247379807664,商品住宅販売面積（累計）
re_sold_area,410000,河南省,2024-08,4072.9391,,,,12.003282215477306,436.4929000000002,5.579629500178229,商品住宅販売面積（累計）
re_sold_area,410000,河南省,2024-09,4565.6474,,,,12.097119252286381,492.7082999999998,12.878880733226028,商品住宅販売面積（累計）
re_sold_area,410000,河南省,2024-10,5031.1383,,,,10.195506994254533,465.4908999999998,-5.524039274353609,商品住宅販売面積（累計）
re_sold_area,410000,河南省,2024-11,5523.726,,,,9.790780348852657,492.58770000000004,5.8211234634232945,商品住宅販売面積（累計）
re_sold_area,410000,河南省,2024-12,6202.8025,,,,12.293812184022169,679.0765000000001,37.859004599587045,商品住宅販売面積（累計）
re_sold_area,410000,河南省,2025-02,703.2325,,-4.850325465311411,,,,,商品住宅販売面積（累計）
re_sold_area,410000,河南省,2025-03,1476.6766,,-1.0585900287294447,,109.98412331625742,773.4441,,商品住宅販売面積（累計）
re_sold_area,410000,河南省,2025-04,1960.17,,-1.0780897029859737,,32.74199645338729,483.49340000000007,-37.48825545375548,商品住宅販売面積（累計）
re_sold_area,410000,河南省,2025-05,2348.15,,-0.32651592708543564,,19.793181203671107,387.98,-19.754850841810878,商品住宅販売面積（累計）
re_sold_area,410000,河南省,2025-06,3160.28,,-1.9466488721807451,,34.58595064199477,812.1300000000001,109.32264549719059,商品住宅販売面積（累計）
re_sold_area,410000,河南省,2025-07,3598.47,,-1.0443217886737854,,13.865543559431437,438.1899999999996,-46.044352505140864,商品住宅販売面積（累計）
re_sold_area,410000,河南省,2025-08,4029.38,,-1.0694758485340516,,11.974811517117011,430.9100000000003,-1.6613797667676788,商品住宅販売面積（累計）
re_sold_area,410000,河南省,2025-09,4504.3,,-1.3436736266580596,,11.786428681335593,474.9200000000001,10.21326959225819,商品住宅販売面積（累計）
re_sold_area,410000,河南省,2025-10,4930.05,,-2.0092530551187426,,9.452079124392254,425.75,-10.353322664869891,商品住宅販売面積（累計）
re_sold_area,410000,河南省,2025-11,5372.36,,-2.7402879867683527,,8.9717142828166,442.3099999999995,3.8896065766293564,商品住宅販売面積（累計）
re_sold_area,410000,河南省,2025-12,6027.73,,-2.8224741961395683,,12.198921889076676,655.3699999999999,48.169835635640304,商品住宅販売面積（累計）
re_sold_area,410000,河南省,2026-02,665.87,,-5.312965484388155,,,,,商品住宅販売面積（累計）
re_sold_area,410000,河南省,2026-03,1401.87,,-5.065875629098482,,110.53208584258188,735.9999999999999,,商品住宅販売面積（累計）
re_sold_area,410000,河南省,2026-04,1857.57,,-5.2342398873567175,,32.506580496051704,455.70000000000005,-38.084239130434774,商品住宅販売面積（累計）
re_sold_area,410000,河南省,2026-05,2235.99,,-4.776526201477771,,20.37177602997464,378.41999999999985,-16.958525345622167,商品住宅販売面積（累計）
re_sold_area,410000,河南省,2026-06,2905.95,,-8.047704633766639,,29.96256691666779,669.96,77.04138259077224,商品住宅販売面積（累計）
re_sold_area,420000,湖北省,2024-02,599.3646,,,,,,,商品住宅販売面積（累計）
re_sold_area,420000,湖北省,2024-03,1162.455,,,,93.94789081637454,563.0903999999999,,商品住宅販売面積（累計）
re_sold_area,420000,湖北省,2024-04,1510.1841,,,,29.913338580848304,347.7291,-38.24631000635066,商品住宅販売面積（累計）
re_sold_area,420000,湖北省,2024-05,1885.1723,,,,24.830628265785613,374.9882,7.839177106546447,商品住宅販売面積（累計）
re_sold_area,420000,湖北省,2024-06,2374.414,,,,25.952094670603863,489.24170000000026,30.468558743981887,商品住宅販売面積（累計）
re_sold_area,420000,湖北省,2024-07,2683.8136,,,,13.03056669982572,309.39959999999974,-36.75935636721081,商品住宅販売面積（累計）
re_sold_area,420000,湖北省,2024-08,3002.7333,,,,11.883079361398273,318.9196999999999,3.0769593755131552,商品住宅販売面積（累計）
re_sold_area,420000,湖北省,2024-09,3436.2373,,,,14.436979801036598,433.5039999999999,35.92888742840283,商品住宅販売面積（累計）
re_sold_area,420000,湖北省,2024-10,3917.8709,,,,14.016307895848756,481.6336000000001,11.102458108806434,商品住宅販売面積（累計）
re_sold_area,420000,湖北省,2024-11,4427.066,,,,12.99672993308687,509.1950999999999,5.72250357948445,商品住宅販売面積（累計）
re_sold_area,420000,湖北省,2024-12,5286.0676,,,,19.403406228865805,859.0016000000005,68.69793130373813,商品住宅販売面積（累計）
re_sold_area,420000,湖北省,2025-02,617.2045,,2.976468747069827,,,,,商品住宅販売面積（累計）
re_sold_area,420000,湖北省,2025-03,1224.1814,,5.310003397981,,98.34291551665612,606.9768999999999,,商品住宅販売面積（累計）
re_sold_area,420000,湖北省,2025-04,1598.05,,5.8182244138313965,,30.540294110006894,373.8686,-38.404805850107294,商品住宅販売面積（累計）
re_sold_area,420000,湖北省,2025-05,1996.77,,5.919761286541281,,24.95040831012798,398.72,6.647094727933833,商品住宅販売面積（累計）
re_sold_area,420000,湖北省,2025-06,2514.67,,5.906973257401615,,25.936888074239906,517.9000000000001,29.89065008025684,商品住宅販売面積（累計）
re_sold_area,420000,湖北省,2025-07,2840.25,,5.828884688564062,,12.94722567971145,325.5799999999999,-37.13458196563045,商品住宅販売面積（累計）
re_sold_area,420000,湖北省,2025-08,3186.4,,6.116650453105521,,12.187307455329632,346.1500000000001,6.3179556483814014,商品住宅販売面積（累計）
re_sold_area,420000,湖北省,2025-09,3649.83,,6.21588910637807,,14.543999497865933,463.42999999999984,33.88126534739266,商品住宅販売面積（累計）
re_sold_area,420000,湖北省,2025-10,4072.39,,3.943955886856809,,11.577525528586264,422.55999999999995,-8.81902336922511,商品住宅販売面積（累計）
re_sold_area,420000,湖北省,2025-11,4550.91,,2.7974283645195275,,11.750348075700012,478.52,13.243089738735335,商品住宅販売面積（累計）
re_sold_area,420000,湖北省,2025-12,5292.82,,0.12773956958096466,,16.302453794955298,741.9099999999999,55.042631446961444,商品住宅販売面積（累計）
re_sold_area,420000,湖北省,2026-02,603.56,,-2.210693538365338,,,,,商品住宅販売面積（累計）
re_sold_area,420000,湖北省,2026-03,1223.14,,-0.0850690918845709,,102.65425144144746,619.5800000000002,,商品住宅販売面積（累計）
re_sold_area,420000,湖北省,2026-04,1581.42,,-1.0406432840023738,,29.291822685874045,358.28,-42.17373059169116,商品住宅販売面積（累計）
re_sold_area,420000,湖北省,2026-05,1953.15,,-2.184528012740572,,23.50608946389954,371.73,3.7540471139890785,商品住宅販売面積（累計）
re_sold_area,420000,湖北省,2026-06,2438.91,,-3.01272135111168,,24.870593656401184,485.75999999999976,30.675490275199667,商品住宅販売面積（累計）
re_sold_area,430000,湖南省,2024-02,483.7692,,,,,,,商品住宅販売面積（累計）
re_sold_area,430000,湖南省,2024-03,1000.6879,,,,106.85233785036337,516.9187,,商品住宅販売面積（累計）
re_sold_area,430000,湖南省,2024-04,1290.6579,,,,28.977066675833683,289.9699999999999,-43.90413811688377,商品住宅販売面積（累計）
re_sold_area,430000,湖南省,2024-05,1598.5281,,,,23.85374156854423,307.87020000000007,6.173121357381861,商品住宅販売面積（累計）
re_sold_area,430000,湖南省,2024-06,2136.5153,,,,33.65516064434526,537.9872,74.7448112873542,商品住宅販売面積（累計）
re_sold_area,430000,湖南省,2024-07,2428.6612,,,,13.673943734453943,292.1459,-45.696496124814864,商品住宅販売面積（累計）
re_sold_area,430000,湖南省,2024-08,2688.8666,,,,10.713943962212591,260.2053999999998,-10.933064609155963,商品住宅販売面積（累計）
re_sold_area,430000,湖南省,2024-09,3287.1388,,,,22.249976997743225,598.2722000000003,129.92305309574698,商品住宅販売面積（累計）
re_sold_area,430000,湖南省,2024-10,3751.5256,,,,14.127386406682918,464.38679999999977,-22.378676461985116,商品住宅販売面積（累計）
re_sold_area,430000,湖南省,2024-11,4169.4743,,,,11.14076630584635,417.9486999999999,-9.999875104115763,商品住宅販売面積（累計）
re_sold_area,430000,湖南省,2024-12,4719.2404,,,,13.18550158709455,549.7660999999998,31.539133869778734,商品住宅販売面積（累計）
re_sold_area,430000,湖南省,2025-02,481.6158,,-0.4451296196616106,,,,,商品住宅販売面積（累計）
re_sold_area,430000,湖南省,2025-03,986.1029,,-1.457497387547113,,104.74886828878955,504.4871,,商品住宅販売面積（累計）
re_sold_area,430000,湖南省,2025-04,1282.36,,-0.6429201727274125,,30.043223683856922,296.2570999999999,-41.2755846482497,商品住宅販売面積（累計）
re_sold_area,430000,湖南省,2025-05,1599.3,,0.048288172100319215,,24.715368539255756,316.94000000000005,6.9814023022571,商品住宅販売面積（累計）
re_sold_area,430000,湖南省,2025-06,2114.59,,-1.0262177855688615,,32.219721127993516,515.2900000000002,62.58282324730236,商品住宅販売面積（累計）
re_sold_area,430000,湖南省,2025-07,2390.15,,-1.58569667930627,,13.031367782879899,275.55999999999995,-46.523316967144744,商品住宅販売面積（累計）
re_sold_area,430000,湖南省,2025-08,2624.55,,-2.391959496986562,,9.806915883940338,234.4000000000001,-14.936855857163545,商品住宅販売面積（累計）
re_sold_area,430000,湖南省,2025-09,3033.27,,-7.723093408772397,,15.57295536377663,408.7199999999998,74.3686006825937,商品住宅販売面積（累計）
re_sold_area,430000,湖南省,2025-10,3328.0,,-11.289423161606571,,9.716576499948903,294.73,-27.889508710119358,商品住宅販売面積（累計）
re_sold_area,430000,湖南省,2025-11,3653.02,,-12.38655674169763,,9.766225961538467,325.02,10.277202863637891,商品住宅販売面積（累計）
re_sold_area,430000,湖南省,2025-12,4181.16,,-11.40184339835707,,14.457626840258197,528.1399999999999,62.494615715955916,商品住宅販売面積（累計）
re_sold_area,430000,湖南省,2026-02,426.56,,-11.431477123466461,,,,,商品住宅販売面積（累計）
re_sold_area,430000,湖南省,2026-03,873.29,,-11.440276668895311,,104.72852588147035,446.72999999999996,,商品住宅販売面積（累計）
re_sold_area,430000,湖南省,2026-04,1124.01,,-12.348326522973263,,28.709821479691744,250.72000000000003,-43.87661450988291,商品住宅販売面積（累計）
re_sold_area,430000,湖南省,2026-05,1376.68,,-13.919839929969358,,22.479337372443318,252.67000000000007,0.7777600510529892,商品住宅販売面積（累計）
re_sold_area,430000,湖南省,2026-06,1758.86,,-16.82264647047419,,27.760990208327275,382.17999999999984,51.25657972849951,商品住宅販売面積（累計）
re_sold_area,440000,广东省,2024-02,901.2574,,,,,,,商品住宅販売面積（累計）
re_sold_area,440000,广东省,2024-03,1716.9033,,,,90.50088243380858,815.6459,,商品住宅販売面積（累計）
re_sold_area,440000,广东省,2024-04,2252.7827,,,,31.21197332429848,535.8794000000003,-34.29999464228285,商品住宅販売面積（累計）
re_sold_area,440000,广东省,2024-05,2846.0804,,,,26.336215206198066,593.2976999999996,10.71478022853638,商品住宅販売面積（累計）
re_sold_area,440000,广东省,2024-06,3663.4683,,,,28.719775449772953,817.3879000000002,37.77027957465546,商品住宅販売面積（累計）
re_sold_area,440000,广东省,2024-07,4160.5616,,,,13.568925927378706,497.0933,-39.18514086151754,商品住宅販売面積（累計）
re_sold_area,440000,广东省,2024-08,4623.7796,,,,11.133545048341542,463.21799999999985,-6.81467644001642,商品住宅販売面積（累計）
re_sold_area,440000,广东省,2024-09,5301.9964,,,,14.668017480764007,678.2168000000001,46.41417216084012,商品住宅販売面積（累計）
re_sold_area,440000,广东省,2024-10,5974.0463,,,,12.675412227741223,672.0499,-0.9092815158810774,商品住宅販売面積（累計）
re_sold_area,440000,广东省,2024-11,6606.6097,,,,10.588525234563374,632.5634,-5.875530968756926,商品住宅販売面積（累計）
re_sold_area,440000,广东省,2024-12,7488.4768,,,,13.348254854528484,881.8671000000004,39.411654231022595,商品住宅販売面積（累計）
re_sold_area,440000,广东省,2025-02,824.1992,,-8.550076814903262,,,,,商品住宅販売面積（累計）
re_sold_area,440000,广东省,2025-03,1556.3317,,-9.352396259008877,,88.82955722354498,732.1324999999999,,商品住宅販売面積（累計）
re_sold_area,440000,广东省,2025-04,2030.59,,-9.863032950315198,,30.47282915332252,474.25829999999996,-35.22234021847138,商品住宅販売面積（累計）
re_sold_area,440000,广东省,2025-05,2567.12,,-9.801564284691322,,26.42236985309687,536.53,13.130334250344177,商品住宅販売面積（累計）
re_sold_area,440000,广东省,2025-06,3275.52,,-10.58964533690656,,27.595126055657705,708.4000000000001,32.03362346933072,商品住宅販売面積（累計）
re_sold_area,440000,广东省,2025-07,3680.17,,-11.54631624730661,,12.353763677217655,404.6500000000001,-42.87831733483907,商品住宅販売面積（累計）
re_sold_area,440000,广东省,2025-08,4085.1,,-11.650200628074913,,11.003024316811437,404.92999999999984,0.06919560113671785,商品住宅販売面積（累計）
re_sold_area,440000,广东省,2025-09,4640.24,,-12.481268376568499,,13.589385816748667,555.1399999999999,37.09530042229523,商品住宅販売面積（累計）
re_sold_area,440000,广东省,2025-10,5129.82,,-14.131566071056401,,10.55074737513577,489.5799999999999,-11.80963360593723,商品住宅販売面積（累計）
re_sold_area,440000,广东省,2025-11,5626.08,,-14.841647146190585,,9.674023649952645,496.2600000000002,1.3644348216839575,商品住宅販売面積（累計）
re_sold_area,440000,广东省,2025-12,6204.67,,-17.143764136386185,,10.284069903023063,578.5900000000001,16.590093902389857,商品住宅販売面積（累計）
re_sold_area,440000,广东省,2026-02,656.22,,-20.380898210044364,,,,,商品住宅販売面積（累計）
re_sold_area,440000,广东省,2026-03,1313.34,,-15.613104841339421,,100.13714912681722,657.1199999999999,,商品住宅販売面積（累計）
re_sold_area,440000,广东省,2026-04,1718.24,,-15.382228810345755,,30.829792742168838,404.9000000000001,-38.38263939615288,商品住宅販売面積（累計）
re_sold_area,440000,广东省,2026-05,2189.6,,-14.705974009785283,,27.432721854921315,471.3599999999999,16.413929365275326,商品住宅販売面積（累計）
re_sold_area,440000,广东省,2026-06,2823.5,,-13.799946268073471,,28.950493240774566,633.9000000000001,34.48319755600819,商品住宅販売面積（累計）
re_sold_area,450000,广西壮族自治区,2024-02,339.8569,,,,,,,商品住宅販売面積（累計）
re_sold_area,450000,广西壮族自治区,2024-03,744.8813,,,,119.17498217632185,405.0244,,商品住宅販売面積（累計）
re_sold_area,450000,广西壮族自治区,2024-04,884.3136,,,,18.718727399922642,139.43229999999994,-65.5743456443612,商品住宅販売面積（累計）
re_sold_area,450000,广西壮族自治区,2024-05,1081.5054,,,,22.29885416214339,197.19180000000006,41.42476312877299,商品住宅販売面積（累計）
re_sold_area,450000,广西壮族自治区,2024-06,1342.8821,,,,24.16785898618723,261.3767,32.54947720949855,商品住宅販売面積（累計）
re_sold_area,450000,广西壮族自治区,2024-07,1464.6018,,,,9.064064522119985,121.71969999999988,-53.431311972337305,商品住宅販売面積（累計）
re_sold_area,450000,广西壮族自治区,2024-08,1603.9334,,,,9.513275212416094,139.33159999999998,14.469227249163552,商品住宅販売面積（累計）
re_sold_area,450000,广西壮族自治区,2024-09,1843.1391,,,,14.913692800461686,239.2057000000002,71.68086780026945,商品住宅販売面積（累計）
re_sold_area,450000,广西壮族自治区,2024-10,2013.5319,,,,9.244706490139553,170.39279999999985,-28.767249275414542,商品住宅販売面積（累計）
re_sold_area,450000,广西壮族自治区,2024-11,2182.4698,,,,8.390127814712045,168.9378999999999,-0.8538506321863037,商品住宅販売面積（累計）
re_sold_area,450000,广西壮族自治区,2024-12,2467.3051,,,,13.051053444130133,284.8353000000002,68.60355195607401,商品住宅販売面積（累計）
re_sold_area,450000,广西壮族自治区,2025-02,321.3333,,-5.450411629129781,,,,,商品住宅販売面積（累計）
re_sold_area,450000,广西壮族自治区,2025-03,714.6324,,-4.060902052447823,,122.39599817385871,393.29909999999995,,商品住宅販売面積（累計）
re_sold_area,450000,广西壮族自治区,2025-04,870.42,,-1.571116852664034,,21.799683305710737,155.7876,-60.38953559771685,商品住宅販売面積（累計）
re_sold_area,450000,广西壮族自治区,2025-05,1063.53,,-1.662072144993454,,22.185841317984423,193.11,23.957234080247723,商品住宅販売面積（累計）
re_sold_area,450000,广西壮族自治区,2025-06,1319.55,,-1.7374645175477488,,24.07266367662406,256.02,32.577287556315035,商品住宅販売面積（累計）
re_sold_area,450000,广西壮族自治区,2025-07,1444.05,,-1.4032346539516682,,9.435034670910536,124.5,-51.370986641668615,商品住宅販売面積（累計）
re_sold_area,450000,广西壮族自治区,2025-08,1581.5,,-1.398649096028548,,9.518368477545792,137.45000000000005,10.401606425702848,商品住宅販売面積（累計）
re_sold_area,450000,广西壮族自治区,2025-09,1806.49,,-1.9884066264993283,,14.226367372747383,224.99,63.68861404146957,商品住宅販売面積（累計）
re_sold_area,450000,广西壮族自治区,2025-10,1952.2,,-3.0459860109492087,,8.065917884959228,145.71000000000004,-35.23712164985109,商品住宅販売面積（累計）
re_sold_area,450000,广西壮族自治区,2025-11,2079.91,,-4.6992540286239,,6.5418502202643,127.70999999999981,-12.353304508956297,商品住宅販売面積（累計）
re_sold_area,450000,广西壮族自治区,2025-12,2374.63,,-3.756126471752519,,14.169843887475908,294.72000000000025,130.77284472633366,商品住宅販売面積（累計）
re_sold_area,450000,广西壮族自治区,2026-02,219.43,,-31.712648517909592,,,,,商品住宅販売面積（累計）
re_sold_area,450000,广西壮族自治区,2026-03,493.2,,-30.9854968792347,,124.76416169165563,273.77,,商品住宅販売面積（累計）
re_sold_area,450000,广西壮族自治区,2026-04,606.56,,-30.31410123848257,,22.984590429845888,113.35999999999996,-58.59297950834643,商品住宅販売面積（累計）
re_sold_area,450000,广西壮族自治区,2026-05,747.57,,-29.708611886829704,,23.24749406489055,141.0100000000001,24.39131968948496,商品住宅販売面積（累計）
re_sold_area,450000,广西壮族自治区,2026-06,915.32,,-30.633928233109764,,22.43937022619955,167.75,18.963194099709145,商品住宅販売面積（累計）
re_sold_area,460000,海南省,2024-02,90.6405,,,,,,,商品住宅販売面積（累計）
re_sold_area,460000,海南省,2024-03,164.6721,,,,81.67607195458983,74.0316,,商品住宅販売面積（累計）
re_sold_area,460000,海南省,2024-04,225.5319,,,,36.95817324246185,60.85980000000001,-17.792132008493656,商品住宅販売面積（累計）
re_sold_area,460000,海南省,2024-05,308.4171,,,,36.750987332612375,82.8852,36.1903916871235,商品住宅販売面積（累計）
re_sold_area,460000,海南省,2024-06,413.5697,,,,34.09428335847786,105.1526,26.865351112140658,商品住宅販売面積（累計）
re_sold_area,460000,海南省,2024-07,499.6473,,,,20.813323606637525,86.07759999999996,-18.140302759988856,商品住宅販売面積（累計）
re_sold_area,460000,海南省,2024-08,587.1242,,,,17.50772995270864,87.4769,1.6256261791686155,商品住宅販売面積（累計）
re_sold_area,460000,海南省,2024-09,656.3059,,,,11.783145712610722,69.18169999999998,-20.91432138084457,商品住宅販売面積（累計）
re_sold_area,460000,海南省,2024-10,717.9719,,,,9.395923455815346,61.666000000000054,-10.863711068100269,商品住宅販売面積（累計）
re_sold_area,460000,海南省,2024-11,801.3396,,,,11.611554714049399,83.36770000000001,35.19232640352858,商品住宅販売面積（累計）
re_sold_area,460000,海南省,2024-12,938.2876,,,,17.08988299093168,136.94799999999998,64.26985511175187,商品住宅販売面積（累計）
re_sold_area,460000,海南省,2025-02,100.4148,,10.783590117000674,,,,,商品住宅販売面積（累計）
re_sold_area,460000,海南省,2025-03,196.6546,,19.42193000514354,,95.84224636209004,96.23979999999999,,商品住宅販売面積（累計）
re_sold_area,460000,海南省,2025-04,268.3,,18.963215403231203,,36.43209973222088,71.64540000000002,-25.555331577995766,商品住宅販売面積（累計）
re_sold_area,460000,海南省,2025-05,360.14,,16.77043847439068,,34.230339172568016,91.83999999999997,28.18687591945881,商品住宅販売面積（累計）
re_sold_area,460000,海南省,2025-06,475.48,,14.969737870061572,,32.026434164491604,115.34000000000003,25.58797909407673,商品住宅販売面積（累計）
re_sold_area,460000,海南省,2025-07,532.41,,6.55716542449043,,11.97316396062924,56.92999999999995,-50.641581411479166,商品住宅販売面積（累計）
re_sold_area,460000,海南省,2025-08,590.61,,0.5937074302166501,,10.931425029582464,58.200000000000045,2.2308097663799265,商品住宅販売面積（累計）
re_sold_area,460000,海南省,2025-09,702.39,,7.021740929039355,,18.926194950982868,111.77999999999997,92.0618556701029,商品住宅販売面積（累計）
re_sold_area,460000,海南省,2025-10,775.18,,7.968013789954731,,10.363188541978108,72.78999999999996,-34.88101628198248,商品住宅販売面積（累計）
re_sold_area,460000,海南省,2025-11,866.48,,8.128938093162997,,11.777909646791729,91.30000000000007,25.429317213903158,商品住宅販売面積（累計）
re_sold_area,460000,海南省,2025-12,1015.42,,8.220549861257886,,17.189086880251114,148.93999999999994,63.132530120481746,商品住宅販売面積（累計）
re_sold_area,460000,海南省,2026-02,105.09,,4.65588737915128,,,,,商品住宅販売面積（累計）
re_sold_area,460000,海南省,2026-03,213.59,,8.611748720853729,,103.24483775811211,108.5,,商品住宅販売面積（累計）
re_sold_area,460000,海南省,2026-04,278.8,,3.91352963101006,,30.53045554567162,65.21000000000001,-39.898617511520726,商品住宅販売面積（累計）
re_sold_area,460000,海南省,2026-05,340.62,,-5.420114399955567,,22.17360114777618,61.81999999999999,-5.198589173439682,商品住宅販売面積（累計）
re_sold_area,460000,海南省,2026-06,429.5,,-9.670227980146384,,26.09359403440785,88.88,43.77224199288256,商品住宅販売面積（累計）
re_sold_area,500000,重庆市,2024-02,412.8854,,,,,,,商品住宅販売面積（累計）
re_sold_area,500000,重庆市,2024-03,865.9595,,,,109.73362099991913,453.07410000000004,,商品住宅販売面積（累計）
re_sold_area,500000,重庆市,2024-04,1087.9953,,,,25.640436995032665,222.0358,-50.99349091020653,商品住宅販売面積（累計）
re_sold_area,500000,重庆市,2024-05,1330.9739,,,,22.33268838569431,242.97859999999991,9.432172649635739,商品住宅販売面積（累計）
re_sold_area,500000,重庆市,2024-06,1645.8794,,,,23.659780255645902,314.9055000000001,29.602154263791203,商品住宅販売面積（累計）
re_sold_area,500000,重庆市,2024-07,1836.055,,,,11.554649751373036,190.17560000000003,-39.60867625366976,商品住宅販売面積（累計）
re_sold_area,500000,重庆市,2024-08,2069.038,,,,12.689325755492064,232.98299999999995,22.50940709533711,商品住宅販売面積（累計）
re_sold_area,500000,重庆市,2024-09,2365.2789,,,,14.31780856610656,296.2408999999998,27.15129430044245,商品住宅販売面積（累計）
re_sold_area,500000,重庆市,2024-10,2569.4422,,,,8.631679756666344,204.16330000000016,-31.08200116864339,商品住宅販売面積（累計）
re_sold_area,500000,重庆市,2024-11,2770.3412,,,,7.818778721700759,200.8989999999999,-1.598867181320185,商品住宅販売面積（累計）
re_sold_area,500000,重庆市,2024-12,2980.1659,,,,7.573965979353026,209.82470000000012,4.442879257736587,商品住宅販売面積（累計）
re_sold_area,500000,重庆市,2025-02,377.4555,,-8.581049366240611,,,,,商品住宅販売面積（累計）
re_sold_area,500000,重庆市,2025-03,752.5347,,-13.098164521550949,,99.37044234353456,375.07920000000007,,商品住宅販売面積（累計）
re_sold_area,500000,重庆市,2025-04,938.88,,-13.705509573432906,,24.762353151289894,186.34529999999995,-50.31841275122697,商品住宅販売面積（累計）
re_sold_area,500000,重庆市,2025-05,1147.14,,-13.811983841305963,,22.181748466257687,208.2600000000001,11.760264412357134,商品住宅販売面積（累計）
re_sold_area,500000,重庆市,2025-06,1401.46,,-14.850383326992244,,22.169918231427708,254.31999999999994,22.116585037933255,商品住宅販売面積（累計）
re_sold_area,500000,重庆市,2025-07,1560.53,,-15.006358741976689,,11.350306109343112,159.06999999999994,-37.45281535073923,商品住宅販売面積（累計）
re_sold_area,500000,重庆市,2025-08,1710.09,,-17.348545555954033,,9.58392341063612,149.55999999999995,-5.978500031432699,商品住宅販売面積（累計）
re_sold_area,500000,重庆市,2025-09,1886.19,,-20.255070131475815,,10.297703629633537,176.10000000000014,17.745386466969904,商品住宅販売面積（累計）
re_sold_area,500000,重庆市,2025-10,2069.98,,-19.43854584469734,,9.743981253214141,183.78999999999996,4.366837024417847,商品住宅販売面積（累計）
re_sold_area,500000,重庆市,2025-11,2245.25,,-18.954026312715555,,8.467231567454746,175.26999999999998,-4.635725556341463,商品住宅販売面積（累計）
re_sold_area,500000,重庆市,2025-12,2416.53,,-18.912903472924103,,7.628549159336395,171.2800000000002,-2.2764877046840826,商品住宅販売面積（累計）
re_sold_area,500000,重庆市,2026-02,293.91,,-22.133867436028876,,,,,商品住宅販売面積（累計）
re_sold_area,500000,重庆市,2026-03,579.97,,-22.93112862436776,,97.32911435473443,286.06,,商品住宅販売面積（累計）
re_sold_area,500000,重庆市,2026-04,736.02,,-21.606595092024538,,26.90656413262753,156.04999999999995,-45.448507306159556,商品住宅販売面積（累計）
re_sold_area,500000,重庆市,2026-05,901.89,,-21.37925623725091,,22.536072389337257,165.87,6.2928548542134255,商品住宅販売面積（累計）
re_sold_area,500000,重庆市,2026-06,1058.44,,-24.47590370042669,,17.357992659858756,156.55000000000007,-5.618858141918325,商品住宅販売面積（累計）
re_sold_area,510000,四川省,2024-02,1127.1458,,,,,,,商品住宅販売面積（累計）
re_sold_area,510000,四川省,2024-03,1782.4103,,,,58.13484821573216,655.2645,,商品住宅販売面積（累計）
re_sold_area,510000,四川省,2024-04,2205.0944,,,,23.714186346432122,422.68409999999994,-35.49412489155144,商品住宅販売面積（累計）
re_sold_area,510000,四川省,2024-05,2688.311,,,,21.9136468715353,483.2166000000002,14.320978716729638,商品住宅販売面積（累計）
re_sold_area,510000,四川省,2024-06,3304.2135,,,,22.910388716186468,615.9024999999997,27.458886967045302,商品住宅販売面積（累計）
re_sold_area,510000,四川省,2024-07,3664.503,,,,10.90394128587635,360.2895000000003,-41.502185816748515,商品住宅販売面積（累計）
re_sold_area,510000,四川省,2024-08,4030.5773,,,,9.989739399858589,366.07429999999977,1.6055977207216632,商品住宅販売面積（累計）
re_sold_area,510000,四川省,2024-09,4597.9978,,,,14.07789648396025,567.4205000000002,55.001457354422456,商品住宅販売面積（累計）
re_sold_area,510000,四川省,2024-10,5103.421,,,,10.992245363840759,505.4232000000002,-10.926164986989361,商品住宅販売面積（累計）
re_sold_area,510000,四川省,2024-11,5671.9559,,,,11.140270418607434,568.5348999999997,12.486902065437322,商品住宅販売面積（累計）
re_sold_area,510000,四川省,2024-12,6393.6126,,,,12.723242435647286,721.6567000000005,26.932700173727397,商品住宅販売面積（累計）
re_sold_area,510000,四川省,2025-02,983.6064,,-12.734767764738153,,,,,商品住宅販売面積（累計）
re_sold_area,510000,四川省,2025-03,1628.0063,,-8.66265191577944,,65.51400031557337,644.3999,,商品住宅販売面積（累計）
re_sold_area,510000,四川省,2025-04,2041.9,,-7.400789734897506,,25.42334756321276,413.8937000000001,-35.7706759420664,商品住宅販売面積（累計）
re_sold_area,510000,四川省,2025-05,2489.51,,-7.395014936887878,,21.921249816347533,447.6100000000001,8.146125442353934,商品住宅販売面積（累計）
re_sold_area,510000,四川省,2025-06,3078.8,,-6.822001665449273,,23.67092319372084,589.29,31.652554679296664,商品住宅販売面積（累計）
re_sold_area,510000,四川省,2025-07,3419.38,,-6.689119916125053,,11.062102117708195,340.5799999999999,-42.205026387686885,商品住宅販売面積（累計）
re_sold_area,510000,四川省,2025-08,3765.01,,-6.588815453309871,,10.107972790388908,345.6300000000001,1.4827646955194673,商品住宅販売面積（累計）
re_sold_area,510000,四川省,2025-09,4273.05,,-7.067158666322104,,13.493722460232505,508.03999999999996,46.98955530480566,商品住宅販売面積（累計）
re_sold_area,510000,四川省,2025-10,4640.43,,-9.072169433013656,,8.597605925509889,367.3800000000001,-27.68679631525074,商品住宅販売面積（累計）
re_sold_area,510000,四川省,2025-11,5083.98,,-10.36636938591149,,9.558381443099018,443.5499999999993,20.73330066960617,商品住宅販売面積（累計）
re_sold_area,510000,四川省,2025-12,5644.69,,-11.713606170007873,,11.028957627685386,560.71,26.41415849396933,商品住宅販売面積（累計）
re_sold_area,510000,四川省,2026-02,699.96,,-28.837388613982174,,,,,商品住宅販売面積（累計）
re_sold_area,510000,四川省,2026-03,1393.45,,-14.407579380988878,,99.0756614663695,693.49,,商品住宅販売面積（累計）
re_sold_area,510000,四川省,2026-04,1767.73,,-13.42720015671679,,26.859951917901604,374.28,-46.02950294885291,商品住宅販売面積（累計）
re_sold_area,510000,四川省,2026-05,2162.63,,-13.130294716630985,,22.339384408252407,394.9000000000001,5.5092444159453136,商品住宅販売面積（累計）
re_sold_area,510000,四川省,2026-06,2655.85,,-13.737495127971943,,22.80649024567307,493.2199999999998,24.89744239047853,商品住宅販売面積（累計）
re_sold_area,520000,贵州省,2024-02,367.9862,,,,,,,商品住宅販売面積（累計）
re_sold_area,520000,贵州省,2024-03,585.7516,,,,59.17759959476743,217.76540000000006,,商品住宅販売面積（累計）
re_sold_area,520000,贵州省,2024-04,730.1105,,,,24.645071392037153,144.35889999999995,-33.708982235010744,商品住宅販売面積（累計）
re_sold_area,520000,贵州省,2024-05,883.6395,,,,21.028186829253936,153.529,6.352292792477665,商品住宅販売面積（累計）
re_sold_area,520000,贵州省,2024-06,1061.0836,,,,20.081051152647646,177.44409999999993,15.576926834669624,商品住宅販売面積（累計）
re_sold_area,520000,贵州省,2024-07,1214.3866,,,,14.4477777245827,153.3030000000001,-13.604904305074006,商品住宅販売面積（累計）
re_sold_area,520000,贵州省,2024-08,1368.9695,,,,12.729298890485108,154.58289999999988,0.8348825528526893,商品住宅販売面積（累計）
re_sold_area,520000,贵州省,2024-09,1541.0948,,,,12.573348054869026,172.12530000000015,11.348215100117987,商品住宅販売面積（累計）
re_sold_area,520000,贵州省,2024-10,1712.5758,,,,11.127219428681489,171.481,-0.37432033524423813,商品住宅販売面積（累計）
re_sold_area,520000,贵州省,2024-11,1878.8069,,,,9.706495911013114,166.23109999999997,-3.061505356278549,商品住宅販売面積（累計）
re_sold_area,520000,贵州省,2024-12,2066.177,,,,9.972823710621892,187.3701000000001,12.716633650381981,商品住宅販売面積（累計）
re_sold_area,520000,贵州省,2025-02,361.2693,,-1.825313014455432,,,,,商品住宅販売面積（累計）
re_sold_area,520000,贵州省,2025-03,593.0254,,1.2417891816257853,,64.15051043639745,231.7561,,商品住宅販売面積（累計）
re_sold_area,520000,贵州省,2025-04,735.95,,0.7998104396526262,,24.100923839012633,142.92460000000005,-38.32973544169924,商品住宅販売面積（累計）
re_sold_area,520000,贵州省,2025-05,888.83,,0.5874001784664573,,20.773150349887892,152.88,6.9654908951992445,商品住宅販売面積（累計）
re_sold_area,520000,贵州省,2025-06,1072.68,,1.0928827851076184,,20.6844953478168,183.85000000000002,20.257718472004214,商品住宅販売面積（累計）
re_sold_area,520000,贵州省,2025-07,1226.93,,1.0329000665850518,,14.379870977365105,154.25,-16.100081588251303,商品住宅販売面積（累計）
re_sold_area,520000,贵州省,2025-08,1374.63,,0.41348620257792845,,12.038176587091364,147.70000000000005,-4.2463533225283285,商品住宅販売面積（累計）
re_sold_area,520000,贵州省,2025-09,1544.0,,0.1885153333850642,,12.321133686883012,169.3699999999999,14.671631685849595,商品住宅販売面積（累計）
re_sold_area,520000,贵州省,2025-10,1698.1,,-0.845264776017518,,9.980569948186524,154.0999999999999,-9.015764303005247,商品住宅販売面積（累計）
re_sold_area,520000,贵州省,2025-11,1852.4,,-1.4055143186880947,,9.086626229315131,154.30000000000018,0.12978585334215698,商品住宅販売面積（累計）
re_sold_area,520000,贵州省,2025-12,2037.03,,-1.4106729481549785,,9.967069747354774,184.62999999999988,19.656513285806643,商品住宅販売面積（累計）
re_sold_area,520000,贵州省,2026-02,329.88,,-8.688615390236587,,,,,商品住宅販売面積（累計）
re_sold_area,520000,贵州省,2026-03,568.23,,-4.181169980240307,,72.25354674427065,238.35000000000002,,商品住宅販売面積（累計）
re_sold_area,520000,贵州省,2026-04,706.08,,-4.058699639921192,,24.259542790771338,137.85000000000002,-42.1648835745752,商品住宅販売面積（累計）
re_sold_area,520000,贵州省,2026-05,847.09,,-4.696061114048811,,19.970824835712662,141.01,2.292346753717789,商品住宅販売面積（累計）
re_sold_area,520000,贵州省,2026-06,1010.74,,-5.774322258269016,,19.319080617171736,163.64999999999998,16.05559889369548,商品住宅販売面積（累計）
re_sold_area,530000,云南省,2024-02,292.9081,,,,,,,商品住宅販売面積（累計）
re_sold_area,530000,云南省,2024-03,504.0232,,,,72.0755417825591,211.11509999999998,,商品住宅販売面積（累計）
re_sold_area,530000,云南省,2024-04,643.6836,,,,27.709121326161167,139.66039999999998,-33.84632364051649,商品住宅販売面積（累計）
re_sold_area,530000,云南省,2024-05,793.0528,,,,23.205376057429472,149.3692000000001,6.9517200294429315,商品住宅販売面積（累計）
re_sold_area,530000,云南省,2024-06,940.4917,,,,18.591309431099656,147.4389,-1.2923012240810716,商品住宅販売面積（累計）
re_sold_area,530000,云南省,2024-07,1078.6244,,,,14.687285384868343,138.1326999999999,-6.311902761076016,商品住宅販売面積（累計）
re_sold_area,530000,云南省,2024-08,1224.4537,,,,13.51993335214743,145.8293000000001,5.57188848114909,商品住宅販売面積（累計）
re_sold_area,530000,云南省,2024-09,1370.693,,,,11.943228233129588,146.23929999999996,0.2811506329659874,商品住宅販売面積（累計）
re_sold_area,530000,云南省,2024-10,1536.0737,,,,12.065480745870882,165.38069999999993,13.089094381606037,商品住宅販売面積（累計）
re_sold_area,530000,云南省,2024-11,1707.58,,,,11.165239011643768,171.5063,3.7039388513895988,商品住宅販売面積（累計）
re_sold_area,530000,云南省,2024-12,1967.2191,,,,15.205091415921945,259.6391000000001,51.38750005101858,商品住宅販売面積（累計）
re_sold_area,530000,云南省,2025-02,285.4017,,-2.5627150631887585,,,,,商品住宅販売面積（累計）
re_sold_area,530000,云南省,2025-03,496.5219,,-1.4882846662613858,,73.97300016082595,211.1202,,商品住宅販売面積（累計）
re_sold_area,530000,云南省,2025-04,658.2,,2.2552073720691457,,32.562128679520484,161.67810000000003,-23.418933858531766,商品住宅販売面積（累計）
re_sold_area,530000,云南省,2025-05,813.69,,2.6022479209454996,,23.62351868732908,155.49,-3.8274200401909875,商品住宅販売面積（累計）
re_sold_area,530000,云南省,2025-06,978.47,,4.038132393938199,,20.250955523602343,164.77999999999997,5.974660749887439,商品住宅販売面積（累計）
re_sold_area,530000,云南省,2025-07,1128.65,,4.637907319730594,,15.348452175334959,150.18000000000006,-8.860298579924697,商品住宅販売面積（累計）
re_sold_area,530000,云南省,2025-08,1279.98,,4.5347815111343115,,13.408053869667302,151.32999999999993,0.7657477693433723,商品住宅販売面積（累計）
re_sold_area,530000,云南省,2025-09,1448.53,,5.678660356476617,,13.168174502726604,168.54999999999995,11.379105266635857,商品住宅販売面積（累計）
re_sold_area,530000,云南省,2025-10,1587.58,,3.3531138512429504,,9.599386964715961,139.04999999999995,-17.502224859092262,商品住宅販売面積（累計）
re_sold_area,530000,云南省,2025-11,1730.91,,1.366261024373694,,9.028206452588217,143.33000000000015,3.0780294857966295,商品住宅販売面積（累計）
re_sold_area,530000,云南省,2025-12,1984.25,,0.8657347826685813,,14.636231808701773,253.33999999999992,76.75294774297052,商品住宅販売面積（累計）
re_sold_area,530000,云南省,2026-02,259.65,,-9.022966576583125,,,,,商品住宅販売面積（累計）
re_sold_area,530000,云南省,2026-03,485.34,,-2.2520456801603417,,86.9208549971115,225.69,,商品住宅販売面積（累計）
re_sold_area,530000,云南省,2026-04,629.49,,-4.361896080218786,,29.700828285325763,144.15000000000003,-36.129203775089714,商品住宅販売面積（累計）
re_sold_area,530000,云南省,2026-05,771.32,,-5.207142769359341,,22.530937743252476,141.83000000000004,-1.6094346167186857,商品住宅販売面積（累計）
re_sold_area,530000,云南省,2026-06,944.28,,-3.494230788884689,,22.4238966965721,172.95999999999992,21.948811957977775,商品住宅販売面積（累計）
re_sold_area,540000,西藏自治区,2024-02,3.3906,,,,,,,商品住宅販売面積（累計）
re_sold_area,540000,西藏自治区,2024-03,5.8113,,,,71.39444346133428,2.4207,,商品住宅販売面積（累計）
re_sold_area,540000,西藏自治区,2024-04,9.1461,,,,57.384750400082595,3.3348000000000004,37.76180443673318,商品住宅販売面積（累計）
re_sold_area,540000,西藏自治区,2024-05,14.8412,,,,62.268070543729024,5.6951,70.77785774259324,商品住宅販売面積（累計）
re_sold_area,540000,西藏自治区,2024-06,27.9713,,,,88.47060884564588,13.130099999999999,130.55082439289913,商品住宅販売面積（累計）
re_sold_area,540000,西藏自治区,2024-07,31.8108,,,,13.726569733977323,3.839500000000001,-70.75802926101095,商品住宅販売面積（累計）
re_sold_area,540000,西藏自治区,2024-08,38.7342,,,,21.76430646195633,6.923400000000001,80.32035421278809,商品住宅販売面積（累計）
re_sold_area,540000,西藏自治区,2024-09,43.1512,,,,11.403359305213478,4.417000000000002,-36.201866135135894,商品住宅販売面積（累計）
re_sold_area,540000,西藏自治区,2024-10,52.2914,,,,21.181797956951364,9.1402,106.93230699569835,商品住宅販売面積（累計）
re_sold_area,540000,西藏自治区,2024-11,57.6555,,,,10.258092152820542,5.3641000000000005,-41.31310036979497,商品住宅販売面積（累計）
re_sold_area,540000,西藏自治区,2024-12,75.175,,,,30.386519933050614,17.519499999999994,226.60651367424157,商品住宅販売面積（累計）
re_sold_area,540000,西藏自治区,2025-02,2.2143,,-34.692974694744294,,,,,商品住宅販売面積（累計）
re_sold_area,540000,西藏自治区,2025-03,7.3513,,26.500094643195162,,231.99205166418278,5.1370000000000005,,商品住宅販売面積（累計）
re_sold_area,540000,西藏自治区,2025-04,12.25,,33.93686926668196,,66.63719342157168,4.8987,-4.638894296281892,商品住宅販売面積（累計）
re_sold_area,540000,西藏自治区,2025-05,17.08,,15.085033555238114,,39.428571428571416,4.829999999999998,-1.402412885051163,商品住宅販売面積（累計）
re_sold_area,540000,西藏自治区,2025-06,30.91,,10.506125921927122,,80.97189695550352,13.830000000000002,186.3354037267082,商品住宅販売面積（累計）
re_sold_area,540000,西藏自治区,2025-07,39.1,,22.914230387164114,,26.49627952119056,8.190000000000001,-40.780911062906725,商品住宅販売面積（累計）
re_sold_area,540000,西藏自治区,2025-08,47.37,,22.295026100965032,,21.15089514066495,8.269999999999996,0.9768009768009067,商品住宅販売面積（累計）
re_sold_area,540000,西藏自治区,2025-09,60.97,,41.29386900016685,,28.71015410597424,13.600000000000001,64.44981862152368,商品住宅販売面積（累計）
re_sold_area,540000,西藏自治区,2025-10,69.54,,32.98553873103418,,14.056093160570793,8.570000000000007,-36.985294117647015,商品住宅販売面積（累計）
re_sold_area,540000,西藏自治区,2025-11,80.71,,39.986644812723824,,16.062697727926345,11.169999999999987,30.338389731621685,商品住宅販売面積（累計）
re_sold_area,540000,西藏自治区,2025-12,91.21,,21.33022946458263,,13.009540329575021,10.5,-5.998209489704465,商品住宅販売面積（累計）
re_sold_area,540000,西藏自治区,2026-02,7.64,,245.03003206430924,,,,,商品住宅販売面積（累計）
re_sold_area,540000,西藏自治区,2026-03,14.26,,93.97929617890712,,86.64921465968587,6.62,,商品住宅販売面積（累計）
re_sold_area,540000,西藏自治区,2026-04,20.08,,63.918367346938766,,40.81346423562411,5.8199999999999985,-12.084592145015128,商品住宅販売面積（累計）
re_sold_area,540000,西藏自治区,2026-05,24.64,,44.26229508196724,,22.709163346613572,4.560000000000002,-21.64948453608242,商品住宅販売面積（累計）
re_sold_area,540000,西藏自治区,2026-06,32.74,,5.920414105467486,,32.873376623376636,8.100000000000001,77.63157894736837,商品住宅販売面積（累計）
re_sold_area,610000,陕西省,2024-02,250.9783,,,,,,,商品住宅販売面積（累計）
re_sold_area,610000,陕西省,2024-03,503.7833,,,,100.72783184841079,252.805,,商品住宅販売面積（累計）
re_sold_area,610000,陕西省,2024-04,676.0273,,,,34.19009721044741,172.24399999999997,-31.866853899250426,商品住宅販売面積（累計）
re_sold_area,610000,陕西省,2024-05,862.6202,,,,27.601385328669426,186.5929,8.33056594133903,商品住宅販売面積（累計）
re_sold_area,610000,陕西省,2024-06,1062.0141,,,,23.11491198559925,199.39390000000014,6.860389650410159,商品住宅販売面積（累計）
re_sold_area,610000,陕西省,2024-07,1232.5542,,,,16.058176628728372,170.54009999999994,-14.470753618841991,商品住宅販売面積（累計）
re_sold_area,610000,陕西省,2024-08,1380.2217,,,,11.980609047456081,147.66750000000002,-13.411860319068614,商品住宅販売面積（累計）
re_sold_area,610000,陕西省,2024-09,1624.965,,,,17.732173026985443,244.74329999999986,65.73944842297719,商品住宅販売面積（累計）
re_sold_area,610000,陕西省,2024-10,1843.2829,,,,13.435237066644511,218.3179,-10.797190362310172,商品住宅販売面積（累計）
re_sold_area,610000,陕西省,2024-11,2146.4501,,,,16.447133535498004,303.1672000000001,38.86502206186486,商品住宅販売面積（累計）
re_sold_area,610000,陕西省,2024-12,2487.5661,,,,15.892100170416267,341.116,12.517449117186775,商品住宅販売面積（累計）
re_sold_area,610000,陕西省,2025-02,250.4196,,-0.22260888690376346,,,,,商品住宅販売面積（累計）
re_sold_area,610000,陕西省,2025-03,507.5401,,0.7457174543102241,,102.67586882176954,257.1205,,商品住宅販売面積（累計）
re_sold_area,610000,陕西省,2025-04,687.54,,1.7029933554458587,,35.46515831951012,179.99989999999997,-29.993952251959698,商品住宅販売面積（累計）
re_sold_area,610000,陕西省,2025-05,879.56,,1.9637611083069828,,27.928556883963118,192.01999999999998,6.677837043242807,商品住宅販売面積（累計）
re_sold_area,610000,陕西省,2025-06,1099.19,,3.500509079870029,,24.97043976533724,219.6300000000001,14.37871055098434,商品住宅販売面積（累計）
re_sold_area,610000,陕西省,2025-07,1251.38,,1.5273811082709532,,13.845649978620633,152.19000000000005,-30.706187679278795,商品住宅販売面積（累計）
re_sold_area,610000,陕西省,2025-08,1404.57,,1.7640861609406588,,12.241685179561745,153.18999999999983,0.6570733950980845,商品住宅販売面積（累計）
re_sold_area,610000,陕西省,2025-09,1627.17,,0.13569523035881215,,15.848266729319294,222.60000000000014,45.30974606697591,商品住宅販売面積（累計）
re_sold_area,610000,陕西省,2025-10,1826.77,,-0.8958418699593018,,12.266696165735592,199.5999999999999,-10.33243486073684,商品住宅販売面積（累計）
re_sold_area,610000,陕西省,2025-11,2117.72,,-1.3384937297168165,,15.927018727042807,290.9499999999998,45.76653306613223,商品住宅販売面積（累計）
re_sold_area,610000,陕西省,2025-12,2445.11,,-1.706732536675104,,15.459550837693392,327.3900000000003,12.52448874377059,商品住宅販売面積（累計）
re_sold_area,610000,陕西省,2026-02,242.76,,-3.0587062674008014,,,,,商品住宅販売面積（累計）
re_sold_area,610000,陕西省,2026-03,483.44,,-4.748412982540684,,99.1431866864393,240.68,,商品住宅販売面積（累計）
re_sold_area,610000,陕西省,2026-04,662.52,,-3.6390610000872625,,37.04285950686745,179.07999999999998,-25.594149908592335,商品住宅販売面積（累計）
re_sold_area,610000,陕西省,2026-05,855.09,,-2.782072854609108,,29.066292338344503,192.57000000000005,7.53294616930984,商品住宅販売面積（累計）
re_sold_area,610000,陕西省,2026-06,1081.88,,-1.5747959861352356,,26.522354372054412,226.79000000000008,17.770161499714398,商品住宅販売面積（累計）
re_sold_area,620000,甘肃省,2024-02,158.0547,,,,,,,商品住宅販売面積（累計）
re_sold_area,620000,甘肃省,2024-03,339.9441,,,,115.08003241915614,181.8894,,商品住宅販売面積（累計）
re_sold_area,620000,甘肃省,2024-04,441.2648,,,,29.805106192459284,101.32069999999999,-44.29543447831485,商品住宅販売面積（累計）
re_sold_area,620000,甘肃省,2024-05,556.9656,,,,26.22026502000614,115.70080000000002,14.192657571453848,商品住宅販売面積（累計）
re_sold_area,620000,甘肃省,2024-06,723.7428,,,,29.94389599644933,166.7772,44.145243593821284,商品住宅販売面積（累計）
re_sold_area,620000,甘肃省,2024-07,820.0773,,,,13.310598737562573,96.33450000000005,-42.237608018362195,商品住宅販売面積（累計）
re_sold_area,620000,甘肃省,2024-08,921.1785,,,,12.328252470834155,101.10119999999995,4.9480715631470495,商品住宅販売面積（累計）
re_sold_area,620000,甘肃省,2024-09,1062.4107,,,,15.331686529809364,141.23219999999992,39.69389087369881,商品住宅販売面積（累計）
re_sold_area,620000,甘肃省,2024-10,1169.5444,,,,10.084019296868906,107.13370000000009,-24.143573491030978,商品住宅販売面積（累計）
re_sold_area,620000,甘肃省,2024-11,1276.8946,,,,9.178805011592562,107.35020000000009,0.20208393810723368,商品住宅販売面積（累計）
re_sold_area,620000,甘肃省,2024-12,1410.1961,,,,10.439506909967333,133.3014999999998,24.174430974511175,商品住宅販売面積（累計）
re_sold_area,620000,甘肃省,2025-02,163.9633,,3.7383260352270575,,,,,商品住宅販売面積（累計）
re_sold_area,620000,甘肃省,2025-03,329.6785,,-3.0197906067497615,,101.06847081023619,165.71519999999998,,商品住宅販売面積（累計）
re_sold_area,620000,甘肃省,2025-04,424.58,,-3.7811309671652915,,28.786074918443273,94.9015,-42.7321694087205,商品住宅販売面積（累計）
re_sold_area,620000,甘肃省,2025-05,529.95,,-4.85049705044619,,24.817466672947397,105.37000000000006,11.030910997191889,商品住宅販売面積（累計）
re_sold_area,620000,甘肃省,2025-06,692.75,,-4.282294759961691,,30.71987923388997,162.79999999999995,54.50317927303774,商品住宅販売面積（累計）
re_sold_area,620000,甘肃省,2025-07,779.13,,-4.993102479485778,,12.469144713099967,86.38,-46.94103194103193,商品住宅販売面積（累計）
re_sold_area,620000,甘肃省,2025-08,862.69,,-6.349312321119083,,10.724782770526108,83.56000000000006,-3.2646445936558632,商品住宅販売面積（累計）
re_sold_area,620000,甘肃省,2025-09,988.96,,-6.9135881255713905,,14.636775666809632,126.26999999999998,51.1129727142172,商品住宅販売面積（累計）
re_sold_area,620000,甘肃省,2025-10,1077.26,,-7.890628179656966,,8.92857142857142,88.29999999999995,-30.07048388374122,商品住宅販売面積（累計）
re_sold_area,620000,甘肃省,2025-11,1166.85,,-8.618142797377338,,8.316469561665695,89.58999999999992,1.4609286523215914,商品住宅販売面積（累計）
re_sold_area,620000,甘肃省,2025-12,1275.12,,-9.578533084866702,,9.278827612803697,108.26999999999998,20.850541355062035,商品住宅販売面積（累計）
re_sold_area,620000,甘肃省,2026-02,139.22,,-15.090755065310347,,,,,商品住宅販売面積（累計）
re_sold_area,620000,甘肃省,2026-03,285.91,,-13.27611597359244,,105.3656083895992,146.69000000000003,,商品住宅販売面積（累計）
re_sold_area,620000,甘肃省,2026-04,366.64,,-13.646427057327237,,28.23615823161134,80.72999999999996,-44.96557365873615,商品住宅販売面積（累計）
re_sold_area,620000,甘肃省,2026-05,446.53,,-15.741107651665265,,21.789766528474797,79.88999999999999,-1.0405053883314475,商品住宅販売面積（累計）
re_sold_area,620000,甘肃省,2026-06,583.85,,-15.719956694334169,,30.752692988153107,137.32000000000005,71.88634372261869,商品住宅販売面積（累計）
re_sold_area,630000,青海省,2024-02,22.0037,,,,,,,商品住宅販売面積（累計）
re_sold_area,630000,青海省,2024-03,42.824,,,,94.62181360407568,20.8203,,商品住宅販売面積（累計）
re_sold_area,630000,青海省,2024-04,57.9277,,,,35.2692415467962,15.103700000000003,-27.456857009745285,商品住宅販売面積（累計）
re_sold_area,630000,青海省,2024-05,71.3771,,,,23.217562582322437,13.449399999999997,-10.952945304792905,商品住宅販売面積（累計）
re_sold_area,630000,青海省,2024-06,88.0497,,,,23.35847211500608,16.672600000000003,23.96538135530215,商品住宅販売面積（累計）
re_sold_area,630000,青海省,2024-07,108.34,,,,23.044144386636177,20.290300000000002,21.698475342777957,商品住宅販売面積（累計）
re_sold_area,630000,青海省,2024-08,127.566,,,,17.74598486247001,19.226,-5.245363548099347,商品住宅販売面積（累計）
re_sold_area,630000,青海省,2024-09,157.5244,,,,23.484627565338734,29.95840000000001,55.82232393633628,商品住宅販売面積（累計）
re_sold_area,630000,青海省,2024-10,185.5416,,,,17.78594300311569,28.017199999999974,-6.479651783807006,商品住宅販売面積（累計）
re_sold_area,630000,青海省,2024-11,209.4223,,,,12.870806331302532,23.88070000000002,-14.76414488242922,商品住宅販売面積（累計）
re_sold_area,630000,青海省,2024-12,242.7845,,,,15.930586188767858,33.3622,39.70361002818166,商品住宅販売面積（累計）
re_sold_area,630000,青海省,2025-02,27.4044,,24.54450842358331,,,,,商品住宅販売面積（累計）
re_sold_area,630000,青海省,2025-03,49.9642,,16.673360732299635,,82.32181693450687,22.5598,,商品住宅販売面積（累計）
re_sold_area,630000,青海省,2025-04,67.9,,17.21508017753166,,35.8973024685675,17.935800000000008,-20.49663560847167,商品住宅販売面積（累計）
re_sold_area,630000,青海省,2025-05,84.29,,18.09109644409763,,24.138438880706925,16.39,-8.6185171556329,商品住宅販売面積（累計）
re_sold_area,630000,青海省,2025-06,104.09,,18.217324988046535,,23.490331000118637,19.799999999999997,20.80536912751676,商品住宅販売面積（累計）
re_sold_area,630000,青海省,2025-07,122.0,,12.608454864316032,,17.20626381016428,17.909999999999997,-9.545454545454547,商品住宅販売面積（累計）
re_sold_area,630000,青海省,2025-08,142.76,,11.910697207719911,,17.016393442622935,20.75999999999999,15.912897822445537,商品住宅販売面積（累計）
re_sold_area,630000,青海省,2025-09,164.67,,4.536186140051934,,15.347436256654534,21.909999999999997,5.539499036608886,商品住宅販売面積（累計）
re_sold_area,630000,青海省,2025-10,185.01,,-0.28651256645410017,,12.351976680633992,20.340000000000003,-7.165677772706491,商品住宅販売面積（累計）
re_sold_area,630000,青海省,2025-11,206.52,,-1.385860054063004,,11.626398573050123,21.51000000000002,5.752212389380618,商品住宅販売面積（累計）
re_sold_area,630000,青海省,2025-12,233.42,,-3.8571243221869667,,13.025372845245009,26.899999999999977,25.058112505811025,商品住宅販売面積（累計）
re_sold_area,630000,青海省,2026-02,28.93,,5.566989242603371,,,,,商品住宅販売面積（累計）
re_sold_area,630000,青海省,2026-03,52.41,,4.895104895104896,,81.16142412720357,23.479999999999997,,商品住宅販売面積（累計）
re_sold_area,630000,青海省,2026-04,69.02,,1.6494845360824684,,31.692425109711884,16.61,-29.258943781942072,商品住宅販売面積（累計）
re_sold_area,630000,青海省,2026-05,83.49,,-0.9491042828330909,,20.96493769921761,14.469999999999999,-12.88380493678507,商品住宅販売面積（累計）
re_sold_area,630000,青海省,2026-06,97.8,,-6.042847535786344,,17.1397772188286,14.310000000000002,-1.105736005528657,商品住宅販売面積（累計）
re_sold_area,640000,宁夏回族自治区,2024-02,59.4479,,,,,,,商品住宅販売面積（累計）
re_sold_area,640000,宁夏回族自治区,2024-03,124.3865,,,,109.2361546833446,64.93860000000001,,商品住宅販売面積（累計）
re_sold_area,640000,宁夏回族自治区,2024-04,160.8995,,,,29.35447174733592,36.51299999999999,-43.773040995648216,商品住宅販売面積（累計）
re_sold_area,640000,宁夏回族自治区,2024-05,196.7616,,,,22.288509286852975,35.8621,-1.782652753813696,商品住宅販売面積（累計）
re_sold_area,640000,宁夏回族自治区,2024-06,235.3896,,,,19.631879391100714,38.628000000000014,7.712599094866213,商品住宅販売面積（累計）
re_sold_area,640000,宁夏回族自治区,2024-07,269.955,,,,14.684336096412064,34.56539999999998,-10.517241379310427,商品住宅販売面積（累計）
re_sold_area,640000,宁夏回族自治区,2024-08,318.3578,,,,17.92995128817767,48.40280000000001,40.03251806720025,商品住宅販売面積（累計）
re_sold_area,640000,宁夏回族自治区,2024-09,368.9304,,,,15.885459693464398,50.57260000000002,4.4827985157883665,商品住宅販売面積（累計）
re_sold_area,640000,宁夏回族自治区,2024-10,421.9919,,,,14.382523099207866,53.06149999999997,4.9214396728662235,商品住宅販売面積（累計）
re_sold_area,640000,宁夏回族自治区,2024-11,486.248,,,,15.22685625008442,64.2561,21.097405840392835,商品住宅販売面積（累計）
re_sold_area,640000,宁夏回族自治区,2024-12,548.8096,,,,12.86619173754957,62.561600000000055,-2.6371037146667,商品住宅販売面積（累計）
re_sold_area,640000,宁夏回族自治区,2025-02,58.5895,,-1.4439534449492641,,,,,商品住宅販売面積（累計）
re_sold_area,640000,宁夏回族自治区,2025-03,127.9629,,2.8752316368737763,,118.40585770487885,69.3734,,商品住宅販売面積（累計）
re_sold_area,640000,宁夏回族自治区,2025-04,164.6,,2.299882846124457,,28.631032900942376,36.63709999999999,-47.188547771912596,商品住宅販売面積（累計）
re_sold_area,640000,宁夏回族自治区,2025-05,201.62,,2.4691809784022967,,22.490886998784944,37.02000000000001,1.045115470383906,商品住宅販売面積（累計）
re_sold_area,640000,宁夏回族自治区,2025-06,242.82,,3.1566390358792384,,20.434480706279135,41.19999999999999,11.291193949216582,商品住宅販売面積（累計）
re_sold_area,640000,宁夏回族自治区,2025-07,277.95,,2.9616047118964373,,14.467506795156915,35.129999999999995,-14.733009708737853,商品住宅販売面積（累計）
re_sold_area,640000,宁夏回族自治区,2025-08,322.38,,1.2634212197722094,,15.984889368591482,44.43000000000001,26.473099914602937,商品住宅販売面積（累計）
re_sold_area,640000,宁夏回族自治区,2025-09,374.88,,1.6126619004560139,,16.285129350455986,52.5,18.163403106009433,商品住宅販売面積（累計）
re_sold_area,640000,宁夏回族自治区,2025-10,418.06,,-0.9317477420775155,,11.518352539479304,43.18000000000001,-17.752380952380943,商品住宅販売面積（累計）
re_sold_area,640000,宁夏回族自治区,2025-11,457.23,,-5.967736628222631,,9.36946849734488,39.170000000000016,-9.286706808707713,商品住宅販売面積（累計）
re_sold_area,640000,宁夏回族自治区,2025-12,517.74,,-5.661271231407039,,13.234039761170525,60.50999999999999,54.48046974725547,商品住宅販売面積（累計）
re_sold_area,640000,宁夏回族自治区,2026-02,48.54,,-17.152390786745066,,,,,商品住宅販売面積（累計）
re_sold_area,640000,宁夏回族自治区,2026-03,100.28,,-21.633535970191364,,106.5925010300783,51.74,,商品住宅販売面積（累計）
re_sold_area,640000,宁夏回族自治区,2026-04,133.18,,-19.08869987849331,,32.80813721579578,32.900000000000006,-36.412833397758014,商品住宅販売面積（累計）
re_sold_area,640000,宁夏回族自治区,2026-05,161.3,,-19.998016069834335,,21.11428142363718,28.120000000000005,-14.52887537993921,商品住宅販売面積（累計）
re_sold_area,640000,宁夏回族自治区,2026-06,203.77,,-16.08187134502923,,26.329820210787357,42.47,51.03129445234706,商品住宅販売面積（累計）
re_sold_area,650000,新疆维吾尔自治区,2024-02,160.2812,,,,,,,商品住宅販売面積（累計）
re_sold_area,650000,新疆维吾尔自治区,2024-03,320.2949,,,,99.83310581652742,160.01369999999997,,商品住宅販売面積（累計）
re_sold_area,650000,新疆维吾尔自治区,2024-04,459.4321,,,,43.44034200981659,139.1372,-13.04669537670835,商品住宅販売面積（累計）
re_sold_area,650000,新疆维吾尔自治区,2024-05,607.9429,,,,32.32486367408809,148.51080000000002,6.736947415931915,商品住宅販売面積（累計）
re_sold_area,650000,新疆维吾尔自治区,2024-06,763.1634,,,,25.532085332356047,155.22050000000002,4.517987917377053,商品住宅販売面積（累計）
re_sold_area,650000,新疆维吾尔自治区,2024-07,903.3265,,,,18.366066821338656,140.1631,-9.700651653615356,商品住宅販売面積（累計）
re_sold_area,650000,新疆维吾尔自治区,2024-08,1040.4059,,,,15.17495612051678,137.07939999999996,-2.200079764217555,商品住宅販売面積（累計）
re_sold_area,650000,新疆维吾尔自治区,2024-09,1215.5998,,,,16.838995242145405,175.19389999999999,27.804688377684773,商品住宅販売面積（累計）
re_sold_area,650000,新疆维吾尔自治区,2024-10,1395.0046,,,,14.758541421280258,179.40480000000002,2.4035654209421997,商品住宅販売面積（累計）
re_sold_area,650000,新疆维吾尔自治区,2024-11,1578.8885,,,,13.181598110859284,183.88390000000004,2.496644459902986,商品住宅販売面積（累計）
re_sold_area,650000,新疆维吾尔自治区,2024-12,1786.2903,,,,13.135937084854298,207.40179999999987,12.78953731131427,商品住宅販売面積（累計）
re_sold_area,650000,新疆维吾尔自治区,2025-02,171.1488,,6.780333563761687,,,,,商品住宅販売面積（累計）
re_sold_area,650000,新疆维吾尔自治区,2025-03,365.1546,,14.005749076866358,,113.35504543414854,194.00580000000002,,商品住宅販売面積（累計）
re_sold_area,650000,新疆维吾尔自治区,2025-04,524.99,,14.269333814507078,,43.77198041596628,159.8354,-17.613081670754184,商品住宅販売面積（累計）
re_sold_area,650000,新疆维吾尔自治区,2025-05,692.28,,13.872536384584787,,31.865368864168843,167.28999999999996,4.663923010797344,商品住宅販売面積（累計）
re_sold_area,650000,新疆维吾尔自治区,2025-06,862.17,,12.973185034816904,,24.540648292598366,169.89,1.5541873393508432,商品住宅販売面積（累計）
re_sold_area,650000,新疆维吾尔自治区,2025-07,1012.22,,12.054722185167833,,17.403760279295266,150.05000000000007,-11.67814468185292,商品住宅販売面積（累計）
re_sold_area,650000,新疆维吾尔自治区,2025-08,1164.85,,11.961110562714028,,15.078737823793231,152.62999999999988,1.7194268577139793,商品住宅販売面積（累計）
re_sold_area,650000,新疆维吾尔自治区,2025-09,1341.72,,10.375141555633704,,15.183929261278294,176.87000000000012,15.881543602175352,商品住宅販売面積（累計）
re_sold_area,650000,新疆维吾尔自治区,2025-10,1531.98,,9.818992711565254,,14.18030587603971,190.26,7.570532029173882,商品住宅販売面積（累計）
re_sold_area,650000,新疆维吾尔自治区,2025-11,1731.43,,9.661321872950502,,13.019099466050466,199.45000000000005,4.830232313676053,商品住宅販売面積（累計）
re_sold_area,650000,新疆维吾尔自治区,2025-12,1958.66,,9.649590550875198,,13.123834056242533,227.23000000000002,13.928302832790163,商品住宅販売面積（累計）
re_sold_area,650000,新疆维吾尔自治区,2026-02,178.28,,4.166666666666674,,,,,商品住宅販売面積（累計）
re_sold_area,650000,新疆维吾尔自治区,2026-03,356.34,,-2.413936453217358,,99.87659860892977,178.05999999999997,,商品住宅販売面積（累計）
re_sold_area,650000,新疆维吾尔自治区,2026-04,512.33,,-2.4114745042762675,,43.77560756580796,155.99000000000007,-12.394698416264127,商品住宅販売面積（累計）
re_sold_area,650000,新疆维吾尔自治区,2026-05,652.55,,-5.7390073380713,,27.369078523607815,140.2199999999999,-10.109622411693152,商品住宅販売面積（累計）
re_sold_area,650000,新疆维吾尔自治区,2026-06,839.4,,-2.6410104735724915,,28.63382116312927,186.85000000000002,33.25488518043085,商品住宅販売面積（累計）
retail,000000,全国,2024-02,81306.9,5.5,,,,,,社会消費財小売総額
retail,000000,全国,2024-03,39019.9,3.1,,,-52.00911607747927,,,社会消費財小売総額
retail,000000,全国,2024-04,35699.1,2.3,,,-8.510529242771003,,,社会消費財小売総額
retail,000000,全国,2024-05,39211.0,3.7,,,9.837502906235729,,,社会消費財小売総額
retail,000000,全国,2024-06,40731.6,2.0,,,3.87799342021371,,,社会消費財小売総額
retail,000000,全国,2024-07,37757.4,2.7,,,-7.301947382376328,,,社会消費財小売総額
retail,000000,全国,2024-08,38725.8,2.1,,,2.564795245435336,,,社会消費財小売総額
retail,000000,全国,2024-09,41112.3,3.2,,,6.162558294470344,,,社会消費財小売総額
retail,000000,全国,2024-10,45396.4,4.8,,,10.420482434697153,,,社会消費財小売総額
retail,000000,全国,2024-11,43763.0,3.0,,,-3.5980826673480792,,,社会消費財小売総額
retail,000000,全国,2024-12,45171.5,3.7,,,3.2184722253958853,,,社会消費財小売総額
retail,000000,全国,2025-02,83730.6,4.0,2.980927817934287,-1.0190721820657132,,,,社会消費財小売総額
retail,000000,全国,2025-03,40940.5,5.9,4.922103849574189,-0.9778961504258117,-51.104494653089795,,,社会消費財小売総額
retail,000000,全国,2025-04,37174.1,5.1,4.1317568230011315,-0.9682431769988682,-9.199692236294133,,,社会消費財小売総額
retail,000000,全国,2025-05,41325.8,6.4,5.393384509448884,-1.0066154905511162,11.168259621618294,,,社会消費財小売総額
retail,000000,全国,2025-06,42287.4,4.8,3.8196388062339937,-0.9803611937660062,2.326875704765552,,,社会消費財小売総額
retail,000000,全国,2025-07,38780.2,3.7,2.70887296265101,-0.9911270373489902,-8.293723425890464,,,社会消費財小売総額
retail,000000,全国,2025-08,39667.6,3.4,2.431970417654372,-0.9680295823456277,2.2882811331555786,,,社会消費財小売総額
retail,000000,全国,2025-09,41971.0,3.0,2.088669327670778,-0.911330672329222,5.806754126793656,,,社会消費財小売総額
retail,000000,全国,2025-10,46291.3,2.9,1.9713016891207191,-0.9286983108792808,10.293536012961347,,,社会消費財小売総額
retail,000000,全国,2025-11,43898.0,1.3,0.3084797660123817,-0.9915202339876183,-5.17008595567634,,,社会消費財小売総額
retail,000000,全国,2025-12,45135.9,0.9,-0.07881075456869224,-0.9788107545686923,2.8199462390086083,,,社会消費財小売総額
retail,000000,全国,2026-02,86078.9,2.8,2.804589958748638,0.00458995874863799,,,,社会消費財小売総額
retail,000000,全国,2026-03,41616.0,1.7,1.6499554231140356,-0.05004457688596431,-51.65365728418927,,,社会消費財小売総額
retail,000000,全国,2026-04,37246.5,0.2,0.19475925442713482,-0.005240745572865191,-10.499567474048444,,,社会消費財小売総額
retail,000000,全国,2026-05,41090.0,-0.6,-0.5705878652076946,0.029412134792305422,10.319090384331409,,,社会消費財小売総額
retail,000000,全国,2026-06,42690.7,1.0,0.9537119804007732,-0.04628801959922679,3.8955950352883795,,,社会消費財小売総額
